screen_id	canonical_png	flow_group	screen_title	ui_state	seller_entry_route	backend_domain	api_method	api_route	capability	permission	tenant_scope	data_models	current_backend_status	backend_phase	android_phase	acceptance_criteria	design_gap_status	evidence_source
001	source/phone/seller-phone-001-giris-default-screen.png	SELLER_LOGIN	Satıcı girişi — varsayılan	screen	seller://auth/login	auth	POST	/api/seller/v1/auth/login	auth.login	PUBLIC	PUBLIC	seller_sessions,seller_memberships,seller_security_challenges	PARTIAL	F2	F8	Kanonik 001 'Satıcı girişi — varsayılan': POST /api/seller/v1/auth/login; yalnız PUBLIC+PUBLIC; cross-tenant=RESOURCE_NOT_FOUND; retry çift yazmaz.	NONE	handoff:docs/SCREEN_CATALOG.tsv:2;handoff:source/phone/seller-phone-001-giris-default-screen.png
002	source/phone/seller-phone-002-giris-form-hatasi-state.png	SELLER_LOGIN	Satıcı girişi — form doğrulama hatası	state	seller://auth/login	auth	POST	/api/seller/v1/auth/login	auth.login	PUBLIC	PUBLIC	seller_sessions,seller_memberships,seller_security_challenges	PARTIAL	F2	F8	Kanonik 002 'Satıcı girişi — form doğrulama hatası': POST /api/seller/v1/auth/login; yalnız PUBLIC+PUBLIC; cross-tenant=RESOURCE_NOT_FOUND; retry çift yazmaz.	NONE	handoff:docs/SCREEN_CATALOG.tsv:3;handoff:source/phone/seller-phone-002-giris-form-hatasi-state.png
003	source/phone/seller-phone-003-giris-loading-state.png	SELLER_LOGIN	Satıcı girişi — yükleniyor	state	seller://auth/login	auth	POST	/api/seller/v1/auth/login	auth.login	PUBLIC	PUBLIC	seller_sessions,seller_memberships,seller_security_challenges	PARTIAL	F2	F8	Kanonik 003 'Satıcı girişi — yükleniyor': POST /api/seller/v1/auth/login; yalnız PUBLIC+PUBLIC; cross-tenant=RESOURCE_NOT_FOUND; retry çift yazmaz.	NONE	handoff:docs/SCREEN_CATALOG.tsv:4;handoff:source/phone/seller-phone-003-giris-loading-state.png
004	source/phone/seller-phone-004-giris-baglanti-hatasi-state.png	SELLER_LOGIN	Satıcı girişi — bağlantı hatası	state	seller://auth/login	auth	POST	/api/seller/v1/auth/login	auth.login	PUBLIC	PUBLIC	seller_sessions,seller_memberships,seller_security_challenges	PARTIAL	F2	F8	Kanonik 004 'Satıcı girişi — bağlantı hatası': POST /api/seller/v1/auth/login; yalnız PUBLIC+PUBLIC; cross-tenant=RESOURCE_NOT_FOUND; retry çift yazmaz.	NONE	handoff:docs/SCREEN_CATALOG.tsv:5;handoff:source/phone/seller-phone-004-giris-baglanti-hatasi-state.png
005	source/phone/seller-phone-005-sifremi-unuttum-screen.png	PASSWORD_RECOVERY	Şifremi unuttum	screen	seller://auth/password-recovery	auth	POST	/api/seller/v1/auth/password/forgot	auth.password.request	PUBLIC	PUBLIC	seller_security_challenges	PARTIAL	F2	F8	Kanonik 005 'Şifremi unuttum': POST /api/seller/v1/auth/password/forgot; yalnız PUBLIC+PUBLIC; cross-tenant=RESOURCE_NOT_FOUND; retry çift yazmaz.	NONE	handoff:docs/SCREEN_CATALOG.tsv:6;handoff:source/phone/seller-phone-005-sifremi-unuttum-screen.png
006	source/phone/seller-phone-006-sifre-kodu-screen.png	PASSWORD_RECOVERY	Şifre sıfırlama kodu	screen	seller://auth/password-recovery	auth	POST	/api/seller/v1/auth/password/challenges/{challengeId}/verify	auth.password.verify	PUBLIC	PUBLIC	seller_security_challenges	PARTIAL	F2	F8	Kanonik 006 'Şifre sıfırlama kodu': POST /api/seller/v1/auth/password/challenges/{challengeId}/verify; yalnız PUBLIC+PUBLIC; cross-tenant=RESOURCE_NOT_FOUND; retry çift yazmaz.	NONE	handoff:docs/SCREEN_CATALOG.tsv:7;handoff:source/phone/seller-phone-006-sifre-kodu-screen.png
007	source/phone/seller-phone-007-sifre-kodu-hatali-state.png	PASSWORD_RECOVERY	Şifre kodu hatalı	state	seller://auth/password-recovery	auth	POST	/api/seller/v1/auth/password/challenges/{challengeId}/verify	auth.password.verify	PUBLIC	PUBLIC	seller_security_challenges	PARTIAL	F2	F8	Kanonik 007 'Şifre kodu hatalı': POST /api/seller/v1/auth/password/challenges/{challengeId}/verify; yalnız PUBLIC+PUBLIC; cross-tenant=RESOURCE_NOT_FOUND; retry çift yazmaz.	NONE	handoff:docs/SCREEN_CATALOG.tsv:8;handoff:source/phone/seller-phone-007-sifre-kodu-hatali-state.png
008	source/phone/seller-phone-008-sifre-kodu-suresi-doldu-state.png	PASSWORD_RECOVERY	Şifre kodu süresi doldu	state	seller://auth/password-recovery	auth	POST	/api/seller/v1/auth/password/challenges/{challengeId}/verify	auth.password.verify	PUBLIC	PUBLIC	seller_security_challenges	PARTIAL	F2	F8	Kanonik 008 'Şifre kodu süresi doldu': POST /api/seller/v1/auth/password/challenges/{challengeId}/verify; yalnız PUBLIC+PUBLIC; cross-tenant=RESOURCE_NOT_FOUND; retry çift yazmaz.	NONE	handoff:docs/SCREEN_CATALOG.tsv:9;handoff:source/phone/seller-phone-008-sifre-kodu-suresi-doldu-state.png
009	source/phone/seller-phone-009-sifre-kodu-yeniden-gonderildi-state.png	PASSWORD_RECOVERY	Şifre kodu yeniden gönderildi	state	seller://auth/password-recovery	auth	POST	/api/seller/v1/auth/password/challenges/{challengeId}/verify	auth.password.verify	PUBLIC	PUBLIC	seller_security_challenges	PARTIAL	F2	F8	Kanonik 009 'Şifre kodu yeniden gönderildi': POST /api/seller/v1/auth/password/challenges/{challengeId}/verify; yalnız PUBLIC+PUBLIC; cross-tenant=RESOURCE_NOT_FOUND; retry çift yazmaz.	NONE	handoff:docs/SCREEN_CATALOG.tsv:10;handoff:source/phone/seller-phone-009-sifre-kodu-yeniden-gonderildi-state.png
010	source/phone/seller-phone-010-yeni-sifre-screen.png	PASSWORD_RECOVERY	Yeni şifre oluştur	screen	seller://auth/password-recovery	auth	POST	/api/seller/v1/auth/password/reset	auth.password.reset	RESET_TOKEN_BOUND	RESET_TOKEN_BOUND	seller_sessions,seller_security_challenges	PARTIAL	F2	F8	Kanonik 010 'Yeni şifre oluştur': POST /api/seller/v1/auth/password/reset; tek kullanımlı account/device/expiry bağlı reset principal; replay reddedilir; parola sonrası seller session üretilmez.	NONE	handoff:docs/SCREEN_CATALOG.tsv:11;handoff:source/phone/seller-phone-010-yeni-sifre-screen.png
011	source/phone/seller-phone-011-sifre-degistirildi-state.png	PASSWORD_RECOVERY	Şifre değiştirildi	state	seller://auth/password-recovery	auth	POST	/api/seller/v1/auth/password/reset	auth.password.reset	RESET_TOKEN_BOUND	RESET_TOKEN_BOUND	seller_sessions,seller_security_challenges	PARTIAL	F2	F8	Kanonik 011 'Şifre değiştirildi': POST /api/seller/v1/auth/password/reset; tek kullanımlı account/device/expiry bağlı reset principal; replay reddedilir; parola sonrası seller session üretilmez.	NONE	handoff:docs/SCREEN_CATALOG.tsv:12;handoff:source/phone/seller-phone-011-sifre-degistirildi-state.png
012	source/phone/seller-phone-012-satici-hesabi-olustur-screen.png	SELLER_ACCOUNT_VERIFICATION	Yeni satıcı hesabı oluştur	screen	seller://auth/registration	onboarding	POST	/api/seller/v1/applications	application.create	APPLICANT_SELF	APPLICANT_SELF	seller_applications,seller_application_steps	BLOCKED	F2	F8	Kanonik 012 'Yeni satıcı hesabı oluştur': POST /api/seller/v1/applications; yalnız APPLICANT_SELF+APPLICANT_SELF; cross-tenant=RESOURCE_NOT_FOUND; retry çift yazmaz.	NONE	handoff:docs/SCREEN_CATALOG.tsv:13;handoff:source/phone/seller-phone-012-satici-hesabi-olustur-screen.png
013	source/phone/seller-phone-013-satici-turu-sec-screen.png	SELLER_ACCOUNT_VERIFICATION	Bireysel/şirket satıcısı seçimi	screen	seller://auth/registration	onboarding	POST	/api/seller/v1/applications	application.create	APPLICANT_SELF	APPLICANT_SELF	seller_applications,seller_application_steps	BLOCKED	F2	F8	Kanonik 013 'Bireysel/şirket satıcısı seçimi': POST /api/seller/v1/applications; yalnız APPLICANT_SELF+APPLICANT_SELF; cross-tenant=RESOURCE_NOT_FOUND; retry çift yazmaz.	NONE	handoff:docs/SCREEN_CATALOG.tsv:14;handoff:source/phone/seller-phone-013-satici-turu-sec-screen.png
014	source/phone/seller-phone-014-eposta-dogrulama-screen.png	SELLER_ACCOUNT_VERIFICATION	E-posta doğrulama	screen	seller://auth/registration	onboarding	POST	/api/seller/v1/applications/current/verifications/{channel}/commands	application.verify	APPLICANT_SELF	APPLICANT_SELF	seller_applications,seller_verifications	BLOCKED	F2	F8	Kanonik 014 'E-posta doğrulama': POST /api/seller/v1/applications/current/verifications/{channel}/commands; yalnız APPLICANT_SELF+APPLICANT_SELF; cross-tenant=RESOURCE_NOT_FOUND; retry çift yazmaz.	NONE	handoff:docs/SCREEN_CATALOG.tsv:15;handoff:source/phone/seller-phone-014-eposta-dogrulama-screen.png
015	source/phone/seller-phone-015-telefon-dogrulama-screen.png	SELLER_ACCOUNT_VERIFICATION	Telefon doğrulama	screen	seller://auth/registration	onboarding	POST	/api/seller/v1/applications/current/verifications/{channel}/commands	application.verify	APPLICANT_SELF	APPLICANT_SELF	seller_applications,seller_verifications	BLOCKED	F2	F8	Kanonik 015 'Telefon doğrulama': POST /api/seller/v1/applications/current/verifications/{channel}/commands; yalnız APPLICANT_SELF+APPLICANT_SELF; cross-tenant=RESOURCE_NOT_FOUND; retry çift yazmaz.	NONE	handoff:docs/SCREEN_CATALOG.tsv:16;handoff:source/phone/seller-phone-015-telefon-dogrulama-screen.png
016	source/phone/seller-phone-016-dogrulama-kodu-hatali-state.png	SELLER_ACCOUNT_VERIFICATION	Hesap doğrulama kodu hatalı	state	seller://auth/registration	onboarding	POST	/api/seller/v1/applications/current/verifications/{channel}/commands	application.verify	APPLICANT_SELF	APPLICANT_SELF	seller_applications,seller_verifications	BLOCKED	F2	F8	Kanonik 016 'Hesap doğrulama kodu hatalı': POST /api/seller/v1/applications/current/verifications/{channel}/commands; yalnız APPLICANT_SELF+APPLICANT_SELF; cross-tenant=RESOURCE_NOT_FOUND; retry çift yazmaz.	NONE	handoff:docs/SCREEN_CATALOG.tsv:17;handoff:source/phone/seller-phone-016-dogrulama-kodu-hatali-state.png
017	source/phone/seller-phone-017-dogrulama-kodu-suresi-doldu-state.png	SELLER_ACCOUNT_VERIFICATION	Hesap doğrulama kodu süresi doldu	state	seller://auth/registration	onboarding	POST	/api/seller/v1/applications/current/verifications/{channel}/commands	application.verify	APPLICANT_SELF	APPLICANT_SELF	seller_applications,seller_verifications	BLOCKED	F2	F8	Kanonik 017 'Hesap doğrulama kodu süresi doldu': POST /api/seller/v1/applications/current/verifications/{channel}/commands; yalnız APPLICANT_SELF+APPLICANT_SELF; cross-tenant=RESOURCE_NOT_FOUND; retry çift yazmaz.	NONE	handoff:docs/SCREEN_CATALOG.tsv:18;handoff:source/phone/seller-phone-017-dogrulama-kodu-suresi-doldu-state.png
018	source/phone/seller-phone-018-dogrulama-kodu-yeniden-gonderildi-state.png	SELLER_ACCOUNT_VERIFICATION	Hesap doğrulama kodu yeniden gönderildi	state	seller://auth/registration	onboarding	POST	/api/seller/v1/applications/current/verifications/{channel}/commands	application.verify	APPLICANT_SELF	APPLICANT_SELF	seller_applications,seller_verifications	BLOCKED	F2	F8	Kanonik 018 'Hesap doğrulama kodu yeniden gönderildi': POST /api/seller/v1/applications/current/verifications/{channel}/commands; yalnız APPLICANT_SELF+APPLICANT_SELF; cross-tenant=RESOURCE_NOT_FOUND; retry çift yazmaz.	NONE	handoff:docs/SCREEN_CATALOG.tsv:19;handoff:source/phone/seller-phone-018-dogrulama-kodu-yeniden-gonderildi-state.png
019	source/phone/seller-phone-019-iki-adimli-giris-screen.png	SESSION_MFA	İki adımlı doğrulamayla giriş	screen	seller://auth/security-challenge	auth	POST	/api/seller/v1/auth/challenges/{challengeId}/verify	auth.challenge.verify	LOGIN_CHALLENGE_BOUND	LOGIN_CHALLENGE_BOUND	seller_sessions,seller_security_challenges	PARTIAL	F2	F8	Kanonik 019 'İki adımlı doğrulamayla giriş': POST /api/seller/v1/auth/challenges/{challengeId}/verify; yalnız account/device/expiry bağlı pre-auth login challenge; başarılı doğrulama öncesi seller session yoktur; replay reddedilir.	NONE	handoff:docs/SCREEN_CATALOG.tsv:20;handoff:source/phone/seller-phone-019-iki-adimli-giris-screen.png
020	source/phone/seller-phone-020-cihaz-oturum-dogrulama-screen.png	SESSION_MFA	Yeni cihaz/oturum doğrulama	screen	seller://auth/security-challenge	auth	POST	/api/seller/v1/auth/challenges/{challengeId}/verify	auth.challenge.verify	LOGIN_CHALLENGE_BOUND	LOGIN_CHALLENGE_BOUND	seller_sessions,seller_security_challenges	PARTIAL	F2	F8	Kanonik 020 'Yeni cihaz/oturum doğrulama': POST /api/seller/v1/auth/challenges/{challengeId}/verify; yalnız account/device/expiry bağlı pre-auth login challenge; başarılı doğrulama öncesi seller session yoktur; replay reddedilir.	NONE	handoff:docs/SCREEN_CATALOG.tsv:21;handoff:source/phone/seller-phone-020-cihaz-oturum-dogrulama-screen.png
021	source/phone/seller-phone-021-oturum-suresi-doldu-modal.png	SESSION_MFA	Oturum süresi doldu	modal	seller://auth/security-challenge	auth	NONE	N/A-BACKEND	ui.local_state	AUTHENTICATED_SELF	AUTHENTICATED_SELF	CLIENT_SESSION_STATE	AVAILABLE	F2	F8	Kanonik 021 'Oturum süresi doldu': ağ isteği yok; state deterministik; geri/iptal handoff akışına döner.	NONE	handoff:docs/SCREEN_CATALOG.tsv:22;handoff:source/phone/seller-phone-021-oturum-suresi-doldu-modal.png
022	source/phone/seller-phone-022-cikis-onayi-sheet.png	SESSION_MFA	Çıkış yapma onayı	sheet	seller://auth/security-challenge	auth	POST	/api/seller/v1/auth/logout	auth.logout	AUTHENTICATED_SELF	AUTHENTICATED_SELF	seller_sessions	PARTIAL	F2	F8	Kanonik 022 'Çıkış yapma onayı': POST /api/seller/v1/auth/logout; yalnız AUTHENTICATED_SELF+AUTHENTICATED_SELF; cross-tenant=RESOURCE_NOT_FOUND; retry çift yazmaz.	NONE	handoff:docs/SCREEN_CATALOG.tsv:23;handoff:source/phone/seller-phone-022-cikis-onayi-sheet.png
023	source/phone/seller-phone-023-basvuru-inceleniyor-state.png	APPLICATION_STATUS	Satıcı başvurusu inceleniyor	state	seller://onboarding/status	onboarding	GET	/api/seller/v1/applications/current	application.read	APPLICANT_SELF	APPLICANT_SELF	seller_applications,seller_application_steps,seller_verifications	BLOCKED	F2	F8	Kanonik 023 'Satıcı başvurusu inceleniyor': GET /api/seller/v1/applications/current; yalnız APPLICANT_SELF+APPLICANT_SELF; cross-tenant=RESOURCE_NOT_FOUND; retry çift yazmaz.	NONE	handoff:docs/SCREEN_CATALOG.tsv:24;handoff:source/phone/seller-phone-023-basvuru-inceleniyor-state.png
024	source/phone/seller-phone-024-basvuru-onaylandi-state.png	APPLICATION_STATUS	Satıcı başvurusu onaylandı	state	seller://onboarding/status	onboarding	GET	/api/seller/v1/applications/current	application.read	APPLICANT_SELF	APPLICANT_SELF	seller_applications,seller_application_steps,seller_verifications	BLOCKED	F2	F8	Kanonik 024 'Satıcı başvurusu onaylandı': GET /api/seller/v1/applications/current; yalnız APPLICANT_SELF+APPLICANT_SELF; cross-tenant=RESOURCE_NOT_FOUND; retry çift yazmaz. Gap owner kararı olmadan PASS değildir.	BLOCKED — DG-001 MULTI_ORGANIZATION_STORE_SELECTOR	handoff:docs/SCREEN_CATALOG.tsv:25;handoff:source/phone/seller-phone-024-basvuru-onaylandi-state.png
025	source/phone/seller-phone-025-basvuru-duzeltme-gerekli-state.png	APPLICATION_STATUS	Başvuru reddedildi/düzeltme gerekli	state	seller://onboarding/status	onboarding	GET	/api/seller/v1/applications/current	application.read	APPLICANT_SELF	APPLICANT_SELF	seller_applications,seller_application_steps,seller_verifications	BLOCKED	F2	F8	Kanonik 025 'Başvuru reddedildi/düzeltme gerekli': GET /api/seller/v1/applications/current; yalnız APPLICANT_SELF+APPLICANT_SELF; cross-tenant=RESOURCE_NOT_FOUND; retry çift yazmaz.	NONE	handoff:docs/SCREEN_CATALOG.tsv:26;handoff:source/phone/seller-phone-025-basvuru-duzeltme-gerekli-state.png
026	source/phone/seller-phone-026-hesap-askiya-alindi-state.png	APPLICATION_STATUS	Satıcı hesabı askıya alındı	state	seller://onboarding/status	onboarding	GET	/api/seller/v1/applications/current	application.read	APPLICANT_SELF	APPLICANT_SELF	seller_applications,seller_application_steps,seller_verifications	BLOCKED	F2	F8	Kanonik 026 'Satıcı hesabı askıya alındı': GET /api/seller/v1/applications/current; yalnız APPLICANT_SELF+APPLICANT_SELF; cross-tenant=RESOURCE_NOT_FOUND; retry çift yazmaz.	NONE	handoff:docs/SCREEN_CATALOG.tsv:27;handoff:source/phone/seller-phone-026-hesap-askiya-alindi-state.png
027	source/phone/seller-phone-027-kurulum-ozeti-screen.png	STORE_IDENTITY_SETUP	Onboarding ilerleme özeti	screen	seller://onboarding/store-identity	onboarding	GET	/api/seller/v1/applications/current	application.read	APPLICANT_SELF	APPLICANT_SELF	seller_applications,seller_application_steps,seller_verifications	BLOCKED	F2	F8	Kanonik 027 'Onboarding ilerleme özeti': GET /api/seller/v1/applications/current; yalnız APPLICANT_SELF+APPLICANT_SELF; cross-tenant=RESOURCE_NOT_FOUND; retry çift yazmaz. Gap owner kararı olmadan PASS değildir.	BLOCKED — DG-001 MULTI_ORGANIZATION_STORE_SELECTOR	handoff:docs/SCREEN_CATALOG.tsv:28;handoff:source/phone/seller-phone-027-kurulum-ozeti-screen.png
028	source/phone/seller-phone-028-magaza-adi-kullanici-adi-screen.png	STORE_IDENTITY_SETUP	Mağaza adı ve kullanıcı adı	screen	seller://onboarding/store-identity	onboarding	PATCH	/api/seller/v1/applications/current/steps/{step}	application.step.update	APPLICANT_SELF	APPLICANT_SELF	seller_applications,seller_application_steps,seller_documents,seller_payout_account_metadata	BLOCKED	F2	F8	Kanonik 028 'Mağaza adı ve kullanıcı adı': PATCH /api/seller/v1/applications/current/steps/{step}; yalnız APPLICANT_SELF+APPLICANT_SELF; cross-tenant=RESOURCE_NOT_FOUND; retry çift yazmaz.	NONE	handoff:docs/SCREEN_CATALOG.tsv:29;handoff:source/phone/seller-phone-028-magaza-adi-kullanici-adi-screen.png
029	source/phone/seller-phone-029-logo-kaynak-sec-sheet.png	STORE_IDENTITY_SETUP	Mağaza logosu kaynak seçimi	sheet	seller://onboarding/store-identity	onboarding	NONE	N/A-BACKEND	ui.local_state	APPLICANT_SELF	APPLICANT_SELF	CLIENT_DRAFT_ONLY	AVAILABLE	F2	F8	Kanonik 029 'Mağaza logosu kaynak seçimi': ağ isteği yok; state deterministik; geri/iptal handoff akışına döner.	NONE	handoff:docs/SCREEN_CATALOG.tsv:30;handoff:source/phone/seller-phone-029-logo-kaynak-sec-sheet.png
030	source/phone/seller-phone-030-logo-kirp-screen.png	STORE_IDENTITY_SETUP	Mağaza logosu kırpma	screen	seller://onboarding/store-identity	onboarding	NONE	N/A-BACKEND	ui.local_state	APPLICANT_SELF	APPLICANT_SELF	CLIENT_DRAFT_ONLY	AVAILABLE	F2	F8	Kanonik 030 'Mağaza logosu kırpma': ağ isteği yok; state deterministik; geri/iptal handoff akışına döner.	NONE	handoff:docs/SCREEN_CATALOG.tsv:31;handoff:source/phone/seller-phone-030-logo-kirp-screen.png
031	source/phone/seller-phone-031-kapak-gorseli-yukle-screen.png	STORE_IDENTITY_SETUP	Mağaza kapak görseli yükleme	screen	seller://onboarding/store-identity	onboarding	PATCH	/api/seller/v1/applications/current/steps/{step}	application.step.update	APPLICANT_SELF	APPLICANT_SELF	seller_applications,seller_application_steps,seller_documents,seller_payout_account_metadata	BLOCKED	F2	F8	Kanonik 031 'Mağaza kapak görseli yükleme': PATCH /api/seller/v1/applications/current/steps/{step}; yalnız APPLICANT_SELF+APPLICANT_SELF; cross-tenant=RESOURCE_NOT_FOUND; retry çift yazmaz.	NONE	handoff:docs/SCREEN_CATALOG.tsv:32;handoff:source/phone/seller-phone-031-kapak-gorseli-yukle-screen.png
032	source/phone/seller-phone-032-isletme-turu-yasal-unvan-screen.png	LEGAL_TAX_SETUP	İşletme türü ve yasal unvan	screen	seller://onboarding/legal-tax	onboarding	PATCH	/api/seller/v1/applications/current/steps/{step}	application.step.update	APPLICANT_SELF	APPLICANT_SELF	seller_applications,seller_application_steps,seller_documents,seller_payout_account_metadata	BLOCKED	F2	F8	Kanonik 032 'İşletme türü ve yasal unvan': PATCH /api/seller/v1/applications/current/steps/{step}; yalnız APPLICANT_SELF+APPLICANT_SELF; cross-tenant=RESOURCE_NOT_FOUND; retry çift yazmaz.	NONE	handoff:docs/SCREEN_CATALOG.tsv:33;handoff:source/phone/seller-phone-032-isletme-turu-yasal-unvan-screen.png
033	source/phone/seller-phone-033-vergi-bilgileri-screen.png	LEGAL_TAX_SETUP	Vergi bilgileri	screen	seller://onboarding/legal-tax	onboarding	PATCH	/api/seller/v1/applications/current/steps/{step}	application.step.update	APPLICANT_SELF	APPLICANT_SELF	seller_applications,seller_application_steps,seller_documents,seller_payout_account_metadata	BLOCKED	F2	F8	Kanonik 033 'Vergi bilgileri': PATCH /api/seller/v1/applications/current/steps/{step}; yalnız APPLICANT_SELF+APPLICANT_SELF; cross-tenant=RESOURCE_NOT_FOUND; retry çift yazmaz.	NONE	handoff:docs/SCREEN_CATALOG.tsv:34;handoff:source/phone/seller-phone-033-vergi-bilgileri-screen.png
034	source/phone/seller-phone-034-vergi-dogrulama-basarili-state.png	LEGAL_TAX_SETUP	Vergi doğrulama başarılı	state	seller://onboarding/legal-tax	onboarding	PATCH	/api/seller/v1/applications/current/steps/{step}	application.step.update	APPLICANT_SELF	APPLICANT_SELF	seller_applications,seller_application_steps,seller_documents,seller_payout_account_metadata	BLOCKED	F2	F8	Kanonik 034 'Vergi doğrulama başarılı': PATCH /api/seller/v1/applications/current/steps/{step}; yalnız APPLICANT_SELF+APPLICANT_SELF; cross-tenant=RESOURCE_NOT_FOUND; retry çift yazmaz.	NONE	handoff:docs/SCREEN_CATALOG.tsv:35;handoff:source/phone/seller-phone-034-vergi-dogrulama-basarili-state.png
035	source/phone/seller-phone-035-vergi-dogrulama-basarisiz-state.png	LEGAL_TAX_SETUP	Vergi doğrulama başarısız	state	seller://onboarding/legal-tax	onboarding	PATCH	/api/seller/v1/applications/current/steps/{step}	application.step.update	APPLICANT_SELF	APPLICANT_SELF	seller_applications,seller_application_steps,seller_documents,seller_payout_account_metadata	BLOCKED	F2	F8	Kanonik 035 'Vergi doğrulama başarısız': PATCH /api/seller/v1/applications/current/steps/{step}; yalnız APPLICANT_SELF+APPLICANT_SELF; cross-tenant=RESOURCE_NOT_FOUND; retry çift yazmaz.	NONE	handoff:docs/SCREEN_CATALOG.tsv:36;handoff:source/phone/seller-phone-035-vergi-dogrulama-basarisiz-state.png
036	source/phone/seller-phone-036-yetkili-kisi-screen.png	LEGAL_TAX_SETUP	Yetkili kişi bilgileri	screen	seller://onboarding/legal-tax	onboarding	PATCH	/api/seller/v1/applications/current/steps/{step}	application.step.update	APPLICANT_SELF	APPLICANT_SELF	seller_applications,seller_application_steps,seller_documents,seller_payout_account_metadata	BLOCKED	F2	F8	Kanonik 036 'Yetkili kişi bilgileri': PATCH /api/seller/v1/applications/current/steps/{step}; yalnız APPLICANT_SELF+APPLICANT_SELF; cross-tenant=RESOURCE_NOT_FOUND; retry çift yazmaz.	NONE	handoff:docs/SCREEN_CATALOG.tsv:37;handoff:source/phone/seller-phone-036-yetkili-kisi-screen.png
037	source/phone/seller-phone-037-isletme-adresi-screen.png	SELLER_ADDRESSES	İşletme adresi	screen	seller://onboarding/addresses	onboarding	PATCH	/api/seller/v1/applications/current/steps/{step}	application.step.update	APPLICANT_SELF	APPLICANT_SELF	seller_applications,seller_application_steps,seller_documents,seller_payout_account_metadata	BLOCKED	F2	F8	Kanonik 037 'İşletme adresi': PATCH /api/seller/v1/applications/current/steps/{step}; yalnız APPLICANT_SELF+APPLICANT_SELF; cross-tenant=RESOURCE_NOT_FOUND; retry çift yazmaz.	NONE	handoff:docs/SCREEN_CATALOG.tsv:38;handoff:source/phone/seller-phone-037-isletme-adresi-screen.png
038	source/phone/seller-phone-038-kargo-cikis-adresi-screen.png	SELLER_ADDRESSES	Kargo çıkış adresi	screen	seller://onboarding/addresses	onboarding	PATCH	/api/seller/v1/applications/current/steps/{step}	application.step.update	APPLICANT_SELF	APPLICANT_SELF	seller_applications,seller_application_steps,seller_documents,seller_payout_account_metadata	BLOCKED	F2	F8	Kanonik 038 'Kargo çıkış adresi': PATCH /api/seller/v1/applications/current/steps/{step}; yalnız APPLICANT_SELF+APPLICANT_SELF; cross-tenant=RESOURCE_NOT_FOUND; retry çift yazmaz.	NONE	handoff:docs/SCREEN_CATALOG.tsv:39;handoff:source/phone/seller-phone-038-kargo-cikis-adresi-screen.png
039	source/phone/seller-phone-039-iade-adresi-screen.png	SELLER_ADDRESSES	İade adresi	screen	seller://onboarding/addresses	onboarding	PATCH	/api/seller/v1/applications/current/steps/{step}	application.step.update	APPLICANT_SELF	APPLICANT_SELF	seller_applications,seller_application_steps,seller_documents,seller_payout_account_metadata	BLOCKED	F2	F8	Kanonik 039 'İade adresi': PATCH /api/seller/v1/applications/current/steps/{step}; yalnız APPLICANT_SELF+APPLICANT_SELF; cross-tenant=RESOURCE_NOT_FOUND; retry çift yazmaz.	NONE	handoff:docs/SCREEN_CATALOG.tsv:40;handoff:source/phone/seller-phone-039-iade-adresi-screen.png
040	source/phone/seller-phone-040-banka-hesabi-ekle-screen.png	PAYOUT_ACCOUNT_ONBOARDING	Payout banka hesabı ekleme	screen	seller://onboarding/payout-account	onboarding	PATCH	/api/seller/v1/applications/current/steps/{step}	application.step.update	APPLICANT_SELF	APPLICANT_SELF	seller_applications,seller_application_steps,seller_documents,seller_payout_account_metadata	BLOCKED	F2	F8	Kanonik 040 'Payout banka hesabı ekleme': PATCH /api/seller/v1/applications/current/steps/{step}; yalnız APPLICANT_SELF+APPLICANT_SELF; cross-tenant=RESOURCE_NOT_FOUND; retry çift yazmaz.	NONE	handoff:docs/SCREEN_CATALOG.tsv:41;handoff:source/phone/seller-phone-040-banka-hesabi-ekle-screen.png

041	source/phone/seller-phone-041-banka-hesabi-maskeli-screen.png	PAYOUT_ACCOUNT_ONBOARDING	Banka hesabı maskeli özet	screen	seller://onboarding/payout-account	onboarding	PATCH	/api/seller/v1/applications/current/steps/{step}	application.step.update	APPLICANT_SELF	APPLICANT_SELF	seller_applications,seller_application_steps,seller_documents,seller_payout_account_metadata	BLOCKED	F2	F8	Kanonik 041 'Banka hesabı maskeli özet': PATCH /api/seller/v1/applications/current/steps/{step}; yalnız APPLICANT_SELF+APPLICANT_SELF; cross-tenant=RESOURCE_NOT_FOUND; retry çift yazmaz.	NONE	handoff:docs/SCREEN_CATALOG.tsv:42;handoff:source/phone/seller-phone-041-banka-hesabi-maskeli-screen.png
042	source/phone/seller-phone-042-banka-dogrulama-bekliyor-state.png	PAYOUT_ACCOUNT_ONBOARDING	Banka doğrulama bekliyor	state	seller://onboarding/payout-account	onboarding	PATCH	/api/seller/v1/applications/current/steps/{step}	application.step.update	APPLICANT_SELF	APPLICANT_SELF	seller_applications,seller_application_steps,seller_documents,seller_payout_account_metadata	BLOCKED	F2	F8	Kanonik 042 'Banka doğrulama bekliyor': PATCH /api/seller/v1/applications/current/steps/{step}; yalnız APPLICANT_SELF+APPLICANT_SELF; cross-tenant=RESOURCE_NOT_FOUND; retry çift yazmaz.	NONE	handoff:docs/SCREEN_CATALOG.tsv:43;handoff:source/phone/seller-phone-042-banka-dogrulama-bekliyor-state.png
043	source/phone/seller-phone-043-banka-dogrulama-basarili-state.png	PAYOUT_ACCOUNT_ONBOARDING	Banka doğrulama başarılı	state	seller://onboarding/payout-account	onboarding	PATCH	/api/seller/v1/applications/current/steps/{step}	application.step.update	APPLICANT_SELF	APPLICANT_SELF	seller_applications,seller_application_steps,seller_documents,seller_payout_account_metadata	BLOCKED	F2	F8	Kanonik 043 'Banka doğrulama başarılı': PATCH /api/seller/v1/applications/current/steps/{step}; yalnız APPLICANT_SELF+APPLICANT_SELF; cross-tenant=RESOURCE_NOT_FOUND; retry çift yazmaz.	NONE	handoff:docs/SCREEN_CATALOG.tsv:44;handoff:source/phone/seller-phone-043-banka-dogrulama-basarili-state.png
044	source/phone/seller-phone-044-banka-dogrulama-basarisiz-state.png	PAYOUT_ACCOUNT_ONBOARDING	Banka doğrulama başarısız	state	seller://onboarding/payout-account	onboarding	PATCH	/api/seller/v1/applications/current/steps/{step}	application.step.update	APPLICANT_SELF	APPLICANT_SELF	seller_applications,seller_application_steps,seller_documents,seller_payout_account_metadata	BLOCKED	F2	F8	Kanonik 044 'Banka doğrulama başarısız': PATCH /api/seller/v1/applications/current/steps/{step}; yalnız APPLICANT_SELF+APPLICANT_SELF; cross-tenant=RESOURCE_NOT_FOUND; retry çift yazmaz.	NONE	handoff:docs/SCREEN_CATALOG.tsv:45;handoff:source/phone/seller-phone-044-banka-dogrulama-basarisiz-state.png
045	source/phone/seller-phone-045-belge-yukle-screen.png	DOCUMENTS_AGREEMENT_SUBMISSION	Kimlik/şirket belgesi yükleme	screen	seller://onboarding/documents	onboarding	PATCH	/api/seller/v1/applications/current/steps/{step}	application.step.update	APPLICANT_SELF	APPLICANT_SELF	seller_applications,seller_application_steps,seller_documents,seller_payout_account_metadata	BLOCKED	F2	F8	Kanonik 045 'Kimlik/şirket belgesi yükleme': PATCH /api/seller/v1/applications/current/steps/{step}; yalnız APPLICANT_SELF+APPLICANT_SELF; cross-tenant=RESOURCE_NOT_FOUND; retry çift yazmaz.	NONE	handoff:docs/SCREEN_CATALOG.tsv:46;handoff:source/phone/seller-phone-045-belge-yukle-screen.png
046	source/phone/seller-phone-046-belge-yukleme-ilerleme-state.png	DOCUMENTS_AGREEMENT_SUBMISSION	Belge yükleme ilerlemesi	state	seller://onboarding/documents	onboarding	PATCH	/api/seller/v1/applications/current/steps/{step}	application.step.update	APPLICANT_SELF	APPLICANT_SELF	seller_applications,seller_application_steps,seller_documents,seller_payout_account_metadata	BLOCKED	F2	F8	Kanonik 046 'Belge yükleme ilerlemesi': PATCH /api/seller/v1/applications/current/steps/{step}; yalnız APPLICANT_SELF+APPLICANT_SELF; cross-tenant=RESOURCE_NOT_FOUND; retry çift yazmaz.	NONE	handoff:docs/SCREEN_CATALOG.tsv:47;handoff:source/phone/seller-phone-046-belge-yukleme-ilerleme-state.png
047	source/phone/seller-phone-047-belge-reddedildi-state.png	DOCUMENTS_AGREEMENT_SUBMISSION	Belge reddedildi ve yeniden yükleme	state	seller://onboarding/documents	onboarding	PATCH	/api/seller/v1/applications/current/steps/{step}	application.step.update	APPLICANT_SELF	APPLICANT_SELF	seller_applications,seller_application_steps,seller_documents,seller_payout_account_metadata	BLOCKED	F2	F8	Kanonik 047 'Belge reddedildi ve yeniden yükleme': PATCH /api/seller/v1/applications/current/steps/{step}; yalnız APPLICANT_SELF+APPLICANT_SELF; cross-tenant=RESOURCE_NOT_FOUND; retry çift yazmaz.	NONE	handoff:docs/SCREEN_CATALOG.tsv:48;handoff:source/phone/seller-phone-047-belge-reddedildi-state.png
048	source/phone/seller-phone-048-satici-sozlesmesi-screen.png	DOCUMENTS_AGREEMENT_SUBMISSION	Satıcı sözleşmesi ve koşullar	screen	seller://onboarding/documents	onboarding	PATCH	/api/seller/v1/applications/current/steps/{step}	application.step.update	APPLICANT_SELF	APPLICANT_SELF	seller_applications,seller_application_steps,seller_documents,seller_payout_account_metadata	BLOCKED	F2	F8	Kanonik 048 'Satıcı sözleşmesi ve koşullar': PATCH /api/seller/v1/applications/current/steps/{step}; yalnız APPLICANT_SELF+APPLICANT_SELF; cross-tenant=RESOURCE_NOT_FOUND; retry çift yazmaz.	NONE	handoff:docs/SCREEN_CATALOG.tsv:49;handoff:source/phone/seller-phone-048-satici-sozlesmesi-screen.png
049	source/phone/seller-phone-049-kurulum-tamamlandi-state.png	DOCUMENTS_AGREEMENT_SUBMISSION	Kurulum tamamlandı/başvuru gönderildi	state	seller://onboarding/documents	onboarding	PATCH	/api/seller/v1/applications/current/steps/{step}	application.step.update	APPLICANT_SELF	APPLICANT_SELF	seller_applications,seller_application_steps,seller_documents,seller_payout_account_metadata	BLOCKED	F2	F8	Kanonik 049 'Kurulum tamamlandı/başvuru gönderildi': PATCH /api/seller/v1/applications/current/steps/{step}; yalnız APPLICANT_SELF+APPLICANT_SELF; cross-tenant=RESOURCE_NOT_FOUND; retry çift yazmaz.	NONE	handoff:docs/SCREEN_CATALOG.tsv:50;handoff:source/phone/seller-phone-049-kurulum-tamamlandi-state.png
050	source/phone/seller-phone-050-eksik-adim-uyarisi-modal.png	DOCUMENTS_AGREEMENT_SUBMISSION	Eksik onboarding adımı uyarısı	modal	seller://onboarding/documents	onboarding	NONE	N/A-BACKEND	ui.local_state	APPLICANT_SELF	APPLICANT_SELF	CLIENT_DRAFT_ONLY	AVAILABLE	F2	F8	Kanonik 050 'Eksik onboarding adımı uyarısı': ağ isteği yok; state deterministik; geri/iptal handoff akışına döner.	NONE	handoff:docs/SCREEN_CATALOG.tsv:51;handoff:source/phone/seller-phone-050-eksik-adim-uyarisi-modal.png
051	source/phone/seller-phone-051-onboarding-form-hatasi-state.png	ONBOARDING_RESILIENCE	Onboarding form doğrulama hatası	state	seller://onboarding/resume	onboarding	NONE	N/A-BACKEND	ui.local_state	APPLICANT_SELF	APPLICANT_SELF	CLIENT_DRAFT_ONLY	AVAILABLE	F2	F8	Kanonik 051 'Onboarding form doğrulama hatası': ağ isteği yok; state deterministik; geri/iptal handoff akışına döner.	NONE	handoff:docs/SCREEN_CATALOG.tsv:52;handoff:source/phone/seller-phone-051-onboarding-form-hatasi-state.png
052	source/phone/seller-phone-052-kaydedilmemis-degisiklik-modal.png	ONBOARDING_RESILIENCE	Kaydedilmemiş değişiklik uyarısı	modal	seller://onboarding/resume	onboarding	NONE	N/A-BACKEND	ui.local_state	APPLICANT_SELF	APPLICANT_SELF	CLIENT_DRAFT_ONLY	AVAILABLE	F2	F8	Kanonik 052 'Kaydedilmemiş değişiklik uyarısı': ağ isteği yok; state deterministik; geri/iptal handoff akışına döner.	NONE	handoff:docs/SCREEN_CATALOG.tsv:53;handoff:source/phone/seller-phone-052-kaydedilmemis-degisiklik-modal.png
053	source/phone/seller-phone-053-kurulum-loading-resume-state.png	ONBOARDING_RESILIENCE	Kurulum yükleniyor/taslak sürdürülüyor	state	seller://onboarding/resume	onboarding	GET	/api/seller/v1/applications/current	application.read	APPLICANT_SELF	APPLICANT_SELF	seller_applications,seller_application_steps	BLOCKED	F2	F8	Kanonik 053 'Kurulum yükleniyor/taslak sürdürülüyor': GET /api/seller/v1/applications/current; yalnız APPLICANT_SELF+APPLICANT_SELF; cross-tenant=RESOURCE_NOT_FOUND; retry çift yazmaz.	NONE	handoff:docs/SCREEN_CATALOG.tsv:54;handoff:source/phone/seller-phone-053-kurulum-loading-resume-state.png
054	source/phone/seller-phone-054-kurulum-offline-cached-state.png	ONBOARDING_RESILIENCE	Kurulum çevrimdışı/önbellekli	state	seller://onboarding/resume	onboarding	GET	/api/seller/v1/applications/current	application.read	APPLICANT_SELF	APPLICANT_SELF	seller_applications,seller_application_steps	BLOCKED	F2	F8	Kanonik 054 'Kurulum çevrimdışı/önbellekli': GET /api/seller/v1/applications/current; yalnız APPLICANT_SELF+APPLICANT_SELF; cross-tenant=RESOURCE_NOT_FOUND; retry çift yazmaz.	NONE	handoff:docs/SCREEN_CATALOG.tsv:55;handoff:source/phone/seller-phone-054-kurulum-offline-cached-state.png
055	source/phone/seller-phone-055-dashboard-dolu-help-screen.png	DASHBOARD	dashboard dolu help screen	screen/state dosya adında	seller://dashboard	dashboard	GET	/api/seller/v1/dashboard	dashboard.read	dashboard.read	ORGANIZATION_STORE	seller_dashboard_projection,seller_orders,seller_inventory_items,seller_ledger_entries	BLOCKED	F5	F9	Kanonik 055 'dashboard dolu help screen': GET /api/seller/v1/dashboard; yalnız ORGANIZATION_STORE+dashboard.read; cross-tenant=RESOURCE_NOT_FOUND; retry çift yazmaz. Gap owner kararı olmadan PASS değildir.	BLOCKED — DG-001 MULTI_ORGANIZATION_STORE_SELECTOR; DG-005 BOTTOM_NAV_MOTION_TIMING	handoff:docs/SCREEN_CATALOG.tsv:56;handoff:source/phone/seller-phone-055-dashboard-dolu-help-screen.png
056	source/phone/seller-phone-056-bugunku-satis-yardim-sheet.png	DASHBOARD	bugunku satis yardim sheet	screen/state dosya adında	seller://dashboard	dashboard	NONE	N/A-BACKEND	ui.local_state	dashboard.read	ORGANIZATION_STORE	N/A-STATIC_OR_CLIENT_FILTER	AVAILABLE	F5	F9	Kanonik 056 'bugunku satis yardim sheet': ağ isteği yok; state deterministik; geri/iptal handoff akışına döner.	NONE	handoff:docs/SCREEN_CATALOG.tsv:57;handoff:source/phone/seller-phone-056-bugunku-satis-yardim-sheet.png
057	source/phone/seller-phone-057-dashboard-ilk-kullanim-screen.png	DASHBOARD	dashboard ilk kullanim screen	screen/state dosya adında	seller://dashboard	dashboard	GET	/api/seller/v1/dashboard	dashboard.read	dashboard.read	ORGANIZATION_STORE	seller_dashboard_projection,seller_orders,seller_inventory_items,seller_ledger_entries	BLOCKED	F5	F9	Kanonik 057 'dashboard ilk kullanim screen': GET /api/seller/v1/dashboard; yalnız ORGANIZATION_STORE+dashboard.read; cross-tenant=RESOURCE_NOT_FOUND; retry çift yazmaz.	NONE	handoff:docs/SCREEN_CATALOG.tsv:58;handoff:source/phone/seller-phone-057-dashboard-ilk-kullanim-screen.png
058	source/phone/seller-phone-058-dashboard-bu-ay-satis-screen.png	DASHBOARD	dashboard bu ay satis screen	screen/state dosya adında	seller://dashboard	dashboard	GET	/api/seller/v1/dashboard	dashboard.read	dashboard.read	ORGANIZATION_STORE	seller_dashboard_projection,seller_orders,seller_inventory_items,seller_ledger_entries	BLOCKED	F5	F9	Kanonik 058 'dashboard bu ay satis screen': GET /api/seller/v1/dashboard; yalnız ORGANIZATION_STORE+dashboard.read; cross-tenant=RESOURCE_NOT_FOUND; retry çift yazmaz.	NONE	handoff:docs/SCREEN_CATALOG.tsv:59;handoff:source/phone/seller-phone-058-dashboard-bu-ay-satis-screen.png
059	source/phone/seller-phone-059-dashboard-bekleyen-siparisler-screen.png	DASHBOARD	dashboard bekleyen siparisler screen	screen/state dosya adında	seller://dashboard	dashboard	GET	/api/seller/v1/dashboard	dashboard.read	dashboard.read	ORGANIZATION_STORE	seller_dashboard_projection,seller_orders,seller_inventory_items,seller_ledger_entries	BLOCKED	F5	F9	Kanonik 059 'dashboard bekleyen siparisler screen': GET /api/seller/v1/dashboard; yalnız ORGANIZATION_STORE+dashboard.read; cross-tenant=RESOURCE_NOT_FOUND; retry çift yazmaz.	NONE	handoff:docs/SCREEN_CATALOG.tsv:60;handoff:source/phone/seller-phone-059-dashboard-bekleyen-siparisler-screen.png
060	source/phone/seller-phone-060-dashboard-kargoya-verilecek-screen.png	DASHBOARD	dashboard kargoya verilecek screen	screen/state dosya adında	seller://dashboard	dashboard	GET	/api/seller/v1/dashboard	dashboard.read	dashboard.read	ORGANIZATION_STORE	seller_dashboard_projection,seller_orders,seller_inventory_items,seller_ledger_entries	BLOCKED	F5	F9	Kanonik 060 'dashboard kargoya verilecek screen': GET /api/seller/v1/dashboard; yalnız ORGANIZATION_STORE+dashboard.read; cross-tenant=RESOURCE_NOT_FOUND; retry çift yazmaz.	NONE	handoff:docs/SCREEN_CATALOG.tsv:61;handoff:source/phone/seller-phone-060-dashboard-kargoya-verilecek-screen.png
061	source/phone/seller-phone-061-dashboard-dusuk-stok-screen.png	DASHBOARD	dashboard dusuk stok screen	screen/state dosya adında	seller://dashboard	dashboard	GET	/api/seller/v1/dashboard	dashboard.read	dashboard.read	ORGANIZATION_STORE	seller_dashboard_projection,seller_orders,seller_inventory_items,seller_ledger_entries	BLOCKED	F5	F9	Kanonik 061 'dashboard dusuk stok screen': GET /api/seller/v1/dashboard; yalnız ORGANIZATION_STORE+dashboard.read; cross-tenant=RESOURCE_NOT_FOUND; retry çift yazmaz.	NONE	handoff:docs/SCREEN_CATALOG.tsv:62;handoff:source/phone/seller-phone-061-dashboard-dusuk-stok-screen.png
062	source/phone/seller-phone-062-dashboard-magaza-puani-screen.png	DASHBOARD	dashboard magaza puani screen	screen/state dosya adında	seller://dashboard	dashboard	GET	/api/seller/v1/dashboard	dashboard.read	dashboard.read	ORGANIZATION_STORE	seller_dashboard_projection,seller_orders,seller_inventory_items,seller_ledger_entries	BLOCKED	F5	F9	Kanonik 062 'dashboard magaza puani screen': GET /api/seller/v1/dashboard; yalnız ORGANIZATION_STORE+dashboard.read; cross-tenant=RESOURCE_NOT_FOUND; retry çift yazmaz.	NONE	handoff:docs/SCREEN_CATALOG.tsv:63;handoff:source/phone/seller-phone-062-dashboard-magaza-puani-screen.png
063	source/phone/seller-phone-063-dashboard-bakiye-screen.png	DASHBOARD	dashboard bakiye screen	screen/state dosya adında	seller://dashboard	dashboard	GET	/api/seller/v1/dashboard	dashboard.read	dashboard.read	ORGANIZATION_STORE	seller_dashboard_projection,seller_orders,seller_inventory_items,seller_ledger_entries	BLOCKED	F5	F9	Kanonik 063 'dashboard bakiye screen': GET /api/seller/v1/dashboard; yalnız ORGANIZATION_STORE+dashboard.read; cross-tenant=RESOURCE_NOT_FOUND; retry çift yazmaz.	NONE	handoff:docs/SCREEN_CATALOG.tsv:64;handoff:source/phone/seller-phone-063-dashboard-bakiye-screen.png
064	source/phone/seller-phone-064-dashboard-yaklasan-odeme-screen.png	DASHBOARD	dashboard yaklasan odeme screen	screen/state dosya adında	seller://dashboard	dashboard	GET	/api/seller/v1/dashboard	dashboard.read	dashboard.read	ORGANIZATION_STORE	seller_dashboard_projection,seller_orders,seller_inventory_items,seller_ledger_entries	BLOCKED	F5	F9	Kanonik 064 'dashboard yaklasan odeme screen': GET /api/seller/v1/dashboard; yalnız ORGANIZATION_STORE+dashboard.read; cross-tenant=RESOURCE_NOT_FOUND; retry çift yazmaz.	NONE	handoff:docs/SCREEN_CATALOG.tsv:65;handoff:source/phone/seller-phone-064-dashboard-yaklasan-odeme-screen.png
065	source/phone/seller-phone-065-dashboard-satis-grafigi-filtre-screen.png	DASHBOARD	dashboard satis grafigi filtre screen	screen/state dosya adında	seller://dashboard	dashboard	NONE	N/A-BACKEND	ui.local_state	dashboard.read	ORGANIZATION_STORE	N/A-STATIC_OR_CLIENT_FILTER	AVAILABLE	F5	F9	Kanonik 065 'dashboard satis grafigi filtre screen': ağ isteği yok; state deterministik; geri/iptal handoff akışına döner.	NONE	handoff:docs/SCREEN_CATALOG.tsv:66;handoff:source/phone/seller-phone-065-dashboard-satis-grafigi-filtre-screen.png
066	source/phone/seller-phone-066-dashboard-urun-performansi-screen.png	DASHBOARD	dashboard urun performansi screen	screen/state dosya adında	seller://dashboard	dashboard	GET	/api/seller/v1/dashboard	dashboard.read	dashboard.read	ORGANIZATION_STORE	seller_dashboard_projection,seller_orders,seller_inventory_items,seller_ledger_entries	BLOCKED	F5	F9	Kanonik 066 'dashboard urun performansi screen': GET /api/seller/v1/dashboard; yalnız ORGANIZATION_STORE+dashboard.read; cross-tenant=RESOURCE_NOT_FOUND; retry çift yazmaz.	NONE	handoff:docs/SCREEN_CATALOG.tsv:67;handoff:source/phone/seller-phone-066-dashboard-urun-performansi-screen.png
067	source/phone/seller-phone-067-dashboard-hizli-islemler-sheet.png	DASHBOARD	dashboard hizli islemler sheet	screen/state dosya adında	seller://dashboard	dashboard	NONE	N/A-BACKEND	ui.local_state	dashboard.read	ORGANIZATION_STORE	N/A-STATIC_OR_CLIENT_FILTER	AVAILABLE	F5	F9	Kanonik 067 'dashboard hizli islemler sheet': ağ isteği yok; state deterministik; geri/iptal handoff akışına döner.	NONE	handoff:docs/SCREEN_CATALOG.tsv:68;handoff:source/phone/seller-phone-067-dashboard-hizli-islemler-sheet.png
068	source/phone/seller-phone-068-dashboard-onemli-gorevler-screen.png	DASHBOARD	dashboard onemli gorevler screen	screen/state dosya adında	seller://dashboard	dashboard	GET	/api/seller/v1/dashboard	dashboard.read	dashboard.read	ORGANIZATION_STORE	seller_dashboard_projection,seller_orders,seller_inventory_items,seller_ledger_entries	BLOCKED	F5	F9	Kanonik 068 'dashboard onemli gorevler screen': GET /api/seller/v1/dashboard; yalnız ORGANIZATION_STORE+dashboard.read; cross-tenant=RESOURCE_NOT_FOUND; retry çift yazmaz.	NONE	handoff:docs/SCREEN_CATALOG.tsv:69;handoff:source/phone/seller-phone-068-dashboard-onemli-gorevler-screen.png
069	source/phone/seller-phone-069-dashboard-bildirim-ozeti-screen.png	DASHBOARD	dashboard bildirim ozeti screen	screen/state dosya adında	seller://dashboard	dashboard	GET	/api/seller/v1/dashboard	dashboard.read	dashboard.read	ORGANIZATION_STORE	seller_dashboard_projection,seller_orders,seller_inventory_items,seller_ledger_entries	BLOCKED	F5	F9	Kanonik 069 'dashboard bildirim ozeti screen': GET /api/seller/v1/dashboard; yalnız ORGANIZATION_STORE+dashboard.read; cross-tenant=RESOURCE_NOT_FOUND; retry çift yazmaz.	NONE	handoff:docs/SCREEN_CATALOG.tsv:70;handoff:source/phone/seller-phone-069-dashboard-bildirim-ozeti-screen.png
070	source/phone/seller-phone-070-dashboard-loading-state.png	DASHBOARD	dashboard loading state	screen/state dosya adında	seller://dashboard	dashboard	GET	/api/seller/v1/dashboard	dashboard.read	dashboard.read	ORGANIZATION_STORE	seller_dashboard_projection,seller_orders,seller_inventory_items,seller_ledger_entries	BLOCKED	F5	F9	Kanonik 070 'dashboard loading state': GET /api/seller/v1/dashboard; yalnız ORGANIZATION_STORE+dashboard.read; cross-tenant=RESOURCE_NOT_FOUND; retry çift yazmaz.	NONE	handoff:docs/SCREEN_CATALOG.tsv:71;handoff:source/phone/seller-phone-070-dashboard-loading-state.png
071	source/phone/seller-phone-071-dashboard-api-hata-state.png	DASHBOARD	dashboard api hata state	screen/state dosya adında	seller://dashboard	dashboard	GET	/api/seller/v1/dashboard	dashboard.read	dashboard.read	ORGANIZATION_STORE	seller_dashboard_projection,seller_orders,seller_inventory_items,seller_ledger_entries	BLOCKED	F5	F9	Kanonik 071 'dashboard api hata state': GET /api/seller/v1/dashboard; yalnız ORGANIZATION_STORE+dashboard.read; cross-tenant=RESOURCE_NOT_FOUND; retry çift yazmaz.	NONE	handoff:docs/SCREEN_CATALOG.tsv:72;handoff:source/phone/seller-phone-071-dashboard-api-hata-state.png
072	source/phone/seller-phone-072-dashboard-offline-state.png	DASHBOARD	dashboard offline state	screen/state dosya adında	seller://dashboard	dashboard	GET	/api/seller/v1/dashboard	dashboard.read	dashboard.read	ORGANIZATION_STORE	seller_dashboard_projection,seller_orders,seller_inventory_items,seller_ledger_entries	BLOCKED	F5	F9	Kanonik 072 'dashboard offline state': GET /api/seller/v1/dashboard; yalnız ORGANIZATION_STORE+dashboard.read; cross-tenant=RESOURCE_NOT_FOUND; retry çift yazmaz.	NONE	handoff:docs/SCREEN_CATALOG.tsv:73;handoff:source/phone/seller-phone-072-dashboard-offline-state.png
073	source/phone/seller-phone-073-dashboard-tarih-araligi-sheet.png	DASHBOARD	dashboard tarih araligi sheet	screen/state dosya adında	seller://dashboard	dashboard	NONE	N/A-BACKEND	ui.local_state	dashboard.read	ORGANIZATION_STORE	N/A-STATIC_OR_CLIENT_FILTER	AVAILABLE	F5	F9	Kanonik 073 'dashboard tarih araligi sheet': ağ isteği yok; state deterministik; geri/iptal handoff akışına döner.	NONE	handoff:docs/SCREEN_CATALOG.tsv:74;handoff:source/phone/seller-phone-073-dashboard-tarih-araligi-sheet.png
074	source/phone/seller-phone-074-urunler-ana-liste-screen.png	OFFER_LISTING	urunler ana liste screen	screen/state dosya adında	seller://offers	offers	GET	/api/seller/v1/offers	offer.read	offer.read	ORGANIZATION_STORE	products,seller_offers,seller_offer_variants	BLOCKED	F3	F9	Kanonik 074 'urunler ana liste screen': GET /api/seller/v1/offers; yalnız ORGANIZATION_STORE+offer.read; cross-tenant=RESOURCE_NOT_FOUND; retry çift yazmaz. Gap owner kararı olmadan PASS değildir.	BLOCKED — DG-005 BOTTOM_NAV_MOTION_TIMING	handoff:docs/SCREEN_CATALOG.tsv:75;handoff:source/phone/seller-phone-074-urunler-ana-liste-screen.png
075	source/phone/seller-phone-075-urunler-yayinda-screen.png	OFFER_LISTING	urunler yayinda screen	screen/state dosya adında	seller://offers	offers	GET	/api/seller/v1/offers	offer.read	offer.read	ORGANIZATION_STORE	products,seller_offers,seller_offer_variants	PARTIAL	F3	F9	Kanonik 075 'urunler yayinda screen': GET /api/seller/v1/offers; yalnız ORGANIZATION_STORE+offer.read; cross-tenant=RESOURCE_NOT_FOUND; retry çift yazmaz.	NONE	handoff:docs/SCREEN_CATALOG.tsv:76;handoff:source/phone/seller-phone-075-urunler-yayinda-screen.png
076	source/phone/seller-phone-076-urunler-taslak-screen.png	OFFER_LISTING	urunler taslak screen	screen/state dosya adında	seller://offers	offers	GET	/api/seller/v1/offers	offer.read	offer.read	ORGANIZATION_STORE	products,seller_offers,seller_offer_variants	PARTIAL	F3	F9	Kanonik 076 'urunler taslak screen': GET /api/seller/v1/offers; yalnız ORGANIZATION_STORE+offer.read; cross-tenant=RESOURCE_NOT_FOUND; retry çift yazmaz.	NONE	handoff:docs/SCREEN_CATALOG.tsv:77;handoff:source/phone/seller-phone-076-urunler-taslak-screen.png
077	source/phone/seller-phone-077-urunler-stokta-yok-screen.png	OFFER_LISTING	urunler stokta yok screen	screen/state dosya adında	seller://offers	offers	GET	/api/seller/v1/offers	offer.read	offer.read	ORGANIZATION_STORE	products,seller_offers,seller_offer_variants	PARTIAL	F3	F9	Kanonik 077 'urunler stokta yok screen': GET /api/seller/v1/offers; yalnız ORGANIZATION_STORE+offer.read; cross-tenant=RESOURCE_NOT_FOUND; retry çift yazmaz.	NONE	handoff:docs/SCREEN_CATALOG.tsv:78;handoff:source/phone/seller-phone-077-urunler-stokta-yok-screen.png
078	source/phone/seller-phone-078-urunler-yayini-durduruldu-screen.png	OFFER_LISTING	urunler yayini durduruldu screen	screen/state dosya adında	seller://offers	offers	GET	/api/seller/v1/offers	offer.read	offer.read	ORGANIZATION_STORE	products,seller_offers,seller_offer_variants	PARTIAL	F3	F9	Kanonik 078 'urunler yayini durduruldu screen': GET /api/seller/v1/offers; yalnız ORGANIZATION_STORE+offer.read; cross-tenant=RESOURCE_NOT_FOUND; retry çift yazmaz.	NONE	handoff:docs/SCREEN_CATALOG.tsv:79;handoff:source/phone/seller-phone-078-urunler-yayini-durduruldu-screen.png
079	source/phone/seller-phone-079-urunler-arsiv-screen.png	OFFER_LISTING	urunler arsiv screen	screen/state dosya adında	seller://offers	offers	GET	/api/seller/v1/offers	offer.read	offer.read	ORGANIZATION_STORE	products,seller_offers,seller_offer_variants	PARTIAL	F3	F9	Kanonik 079 'urunler arsiv screen': GET /api/seller/v1/offers; yalnız ORGANIZATION_STORE+offer.read; cross-tenant=RESOURCE_NOT_FOUND; retry çift yazmaz.	NONE	handoff:docs/SCREEN_CATALOG.tsv:80;handoff:source/phone/seller-phone-079-urunler-arsiv-screen.png
080	source/phone/seller-phone-080-urunler-inceleme-gerekiyor-screen.png	OFFER_LISTING	urunler inceleme gerekiyor screen	screen/state dosya adında	seller://offers	offers	GET	/api/seller/v1/offers	offer.read	offer.read	ORGANIZATION_STORE	products,seller_offers,seller_offer_variants	PARTIAL	F3	F9	Kanonik 080 'urunler inceleme gerekiyor screen': GET /api/seller/v1/offers; yalnız ORGANIZATION_STORE+offer.read; cross-tenant=RESOURCE_NOT_FOUND; retry çift yazmaz.	NONE	handoff:docs/SCREEN_CATALOG.tsv:81;handoff:source/phone/seller-phone-080-urunler-inceleme-gerekiyor-screen.png
081	source/phone/seller-phone-081-urun-arama-screen.png	OFFER_LISTING	urun arama screen	screen/state dosya adında	seller://offers	offers	GET	/api/seller/v1/offers	offer.read	offer.read	ORGANIZATION_STORE	products,seller_offers,seller_offer_variants	PARTIAL	F3	F9	Kanonik 081 'urun arama screen': GET /api/seller/v1/offers; yalnız ORGANIZATION_STORE+offer.read; cross-tenant=RESOURCE_NOT_FOUND; retry çift yazmaz.	NONE	handoff:docs/SCREEN_CATALOG.tsv:82;handoff:source/phone/seller-phone-081-urun-arama-screen.png
082	source/phone/seller-phone-082-urun-filtreleri-sheet.png	OFFER_LISTING	urun filtreleri sheet	screen/state dosya adında	seller://offers	offers	NONE	N/A-BACKEND	ui.local_state	offer.read	ORGANIZATION_STORE	N/A-CLIENT_FILTER_OR_MENU	AVAILABLE	F3	F9	Kanonik 082 'urun filtreleri sheet': ağ isteği yok; state deterministik; geri/iptal handoff akışına döner.	NONE	handoff:docs/SCREEN_CATALOG.tsv:83;handoff:source/phone/seller-phone-082-urun-filtreleri-sheet.png
083	source/phone/seller-phone-083-urun-filtre-secili-screen.png	OFFER_LISTING	urun filtre secili screen	screen/state dosya adında	seller://offers	offers	GET	/api/seller/v1/offers	offer.read	offer.read	ORGANIZATION_STORE	products,seller_offers,seller_offer_variants	PARTIAL	F3	F9	Kanonik 083 'urun filtre secili screen': GET /api/seller/v1/offers; yalnız ORGANIZATION_STORE+offer.read; cross-tenant=RESOURCE_NOT_FOUND; retry çift yazmaz.	NONE	handoff:docs/SCREEN_CATALOG.tsv:84;handoff:source/phone/seller-phone-083-urun-filtre-secili-screen.png
084	source/phone/seller-phone-084-urun-filtre-temizle-sheet.png	OFFER_LISTING	urun filtre temizle sheet	screen/state dosya adında	seller://offers	offers	NONE	N/A-BACKEND	ui.local_state	offer.read	ORGANIZATION_STORE	N/A-CLIENT_FILTER_OR_MENU	AVAILABLE	F3	F9	Kanonik 084 'urun filtre temizle sheet': ağ isteği yok; state deterministik; geri/iptal handoff akışına döner.	NONE	handoff:docs/SCREEN_CATALOG.tsv:85;handoff:source/phone/seller-phone-084-urun-filtre-temizle-sheet.png
085	source/phone/seller-phone-085-urun-listesi-bos-state.png	OFFER_LISTING	urun listesi bos state	screen/state dosya adında	seller://offers	offers	GET	/api/seller/v1/offers	offer.read	offer.read	ORGANIZATION_STORE	products,seller_offers,seller_offer_variants	PARTIAL	F3	F9	Kanonik 085 'urun listesi bos state': GET /api/seller/v1/offers; yalnız ORGANIZATION_STORE+offer.read; cross-tenant=RESOURCE_NOT_FOUND; retry çift yazmaz.	NONE	handoff:docs/SCREEN_CATALOG.tsv:86;handoff:source/phone/seller-phone-085-urun-listesi-bos-state.png
086	source/phone/seller-phone-086-urun-arama-sonuc-yok-state.png	OFFER_LISTING	urun arama sonuc yok state	screen/state dosya adında	seller://offers	offers	GET	/api/seller/v1/offers	offer.read	offer.read	ORGANIZATION_STORE	products,seller_offers,seller_offer_variants	PARTIAL	F3	F9	Kanonik 086 'urun arama sonuc yok state': GET /api/seller/v1/offers; yalnız ORGANIZATION_STORE+offer.read; cross-tenant=RESOURCE_NOT_FOUND; retry çift yazmaz.	NONE	handoff:docs/SCREEN_CATALOG.tsv:87;handoff:source/phone/seller-phone-086-urun-arama-sonuc-yok-state.png
087	source/phone/seller-phone-087-urun-listesi-loading-state.png	OFFER_LISTING	urun listesi loading state	screen/state dosya adında	seller://offers	offers	GET	/api/seller/v1/offers	offer.read	offer.read	ORGANIZATION_STORE	products,seller_offers,seller_offer_variants	PARTIAL	F3	F9	Kanonik 087 'urun listesi loading state': GET /api/seller/v1/offers; yalnız ORGANIZATION_STORE+offer.read; cross-tenant=RESOURCE_NOT_FOUND; retry çift yazmaz.	NONE	handoff:docs/SCREEN_CATALOG.tsv:88;handoff:source/phone/seller-phone-087-urun-listesi-loading-state.png
088	source/phone/seller-phone-088-urun-listesi-hata-state.png	OFFER_LISTING	urun listesi hata state	screen/state dosya adında	seller://offers	offers	GET	/api/seller/v1/offers	offer.read	offer.read	ORGANIZATION_STORE	products,seller_offers,seller_offer_variants	PARTIAL	F3	F9	Kanonik 088 'urun listesi hata state': GET /api/seller/v1/offers; yalnız ORGANIZATION_STORE+offer.read; cross-tenant=RESOURCE_NOT_FOUND; retry çift yazmaz.	NONE	handoff:docs/SCREEN_CATALOG.tsv:89;handoff:source/phone/seller-phone-088-urun-listesi-hata-state.png
089	source/phone/seller-phone-089-urun-karti-ayrintili-state.png	OFFER_LISTING	urun karti ayrintili state	screen/state dosya adında	seller://offers	offers	GET	/api/seller/v1/offers	offer.read	offer.read	ORGANIZATION_STORE	products,seller_offers,seller_offer_variants	PARTIAL	F3	F9	Kanonik 089 'urun karti ayrintili state': GET /api/seller/v1/offers; yalnız ORGANIZATION_STORE+offer.read; cross-tenant=RESOURCE_NOT_FOUND; retry çift yazmaz.	NONE	handoff:docs/SCREEN_CATALOG.tsv:90;handoff:source/phone/seller-phone-089-urun-karti-ayrintili-state.png
090	source/phone/seller-phone-090-urun-hizli-islem-menu-sheet.png	OFFER_LISTING	urun hizli islem menu sheet	screen/state dosya adında	seller://offers	offers	NONE	N/A-BACKEND	ui.local_state	offer.read	ORGANIZATION_STORE	N/A-CLIENT_FILTER_OR_MENU	AVAILABLE	F3	F9	Kanonik 090 'urun hizli islem menu sheet': ağ isteği yok; state deterministik; geri/iptal handoff akışına döner.	NONE	handoff:docs/SCREEN_CATALOG.tsv:91;handoff:source/phone/seller-phone-090-urun-hizli-islem-menu-sheet.png
091	source/phone/seller-phone-091-urun-toplu-secim-state.png	OFFER_BULK_ACTIONS	urun toplu secim state	screen/state dosya adında	seller://offers/batch	offers	POST	/api/seller/v1/offers/batch-commands	offer.batch.command	offer.batch_update	ORGANIZATION_STORE	seller_offers,seller_offer_variants,seller_inventory_items,seller_audit_events	BLOCKED	F3	F9	Kanonik 091 'urun toplu secim state': POST /api/seller/v1/offers/batch-commands; yalnız ORGANIZATION_STORE+offer.batch_update; cross-tenant=RESOURCE_NOT_FOUND; retry çift yazmaz.	NONE	handoff:docs/SCREEN_CATALOG.tsv:92;handoff:source/phone/seller-phone-091-urun-toplu-secim-state.png
092	source/phone/seller-phone-092-urun-toplu-aktif-pasif-sheet.png	OFFER_BULK_ACTIONS	urun toplu aktif pasif sheet	screen/state dosya adında	seller://offers/batch	offers	POST	/api/seller/v1/offers/batch-commands	offer.batch.command	offer.batch_update	ORGANIZATION_STORE	seller_offers,seller_offer_variants,seller_inventory_items,seller_audit_events	BLOCKED	F3	F9	Kanonik 092 'urun toplu aktif pasif sheet': POST /api/seller/v1/offers/batch-commands; yalnız ORGANIZATION_STORE+offer.batch_update; cross-tenant=RESOURCE_NOT_FOUND; retry çift yazmaz.	NONE	handoff:docs/SCREEN_CATALOG.tsv:93;handoff:source/phone/seller-phone-092-urun-toplu-aktif-pasif-sheet.png
093	source/phone/seller-phone-093-urun-toplu-stok-screen.png	OFFER_BULK_ACTIONS	urun toplu stok screen	screen/state dosya adında	seller://offers/batch	offers	POST	/api/seller/v1/offers/batch-commands	offer.batch.command	offer.batch_update	ORGANIZATION_STORE	seller_offers,seller_offer_variants,seller_inventory_items,seller_audit_events	BLOCKED	F3	F9	Kanonik 093 'urun toplu stok screen': POST /api/seller/v1/offers/batch-commands; yalnız ORGANIZATION_STORE+offer.batch_update; cross-tenant=RESOURCE_NOT_FOUND; retry çift yazmaz.	NONE	handoff:docs/SCREEN_CATALOG.tsv:94;handoff:source/phone/seller-phone-093-urun-toplu-stok-screen.png
094	source/phone/seller-phone-094-urun-toplu-fiyat-screen.png	OFFER_BULK_ACTIONS	urun toplu fiyat screen	screen/state dosya adında	seller://offers/batch	offers	POST	/api/seller/v1/offers/batch-commands	offer.batch.command	offer.batch_update	ORGANIZATION_STORE	seller_offers,seller_offer_variants,seller_inventory_items,seller_audit_events	BLOCKED	F3	F9	Kanonik 094 'urun toplu fiyat screen': POST /api/seller/v1/offers/batch-commands; yalnız ORGANIZATION_STORE+offer.batch_update; cross-tenant=RESOURCE_NOT_FOUND; retry çift yazmaz.	NONE	handoff:docs/SCREEN_CATALOG.tsv:95;handoff:source/phone/seller-phone-094-urun-toplu-fiyat-screen.png
095	source/phone/seller-phone-095-urun-toplu-arsiv-onay-modal.png	OFFER_BULK_ACTIONS	urun toplu arsiv onay modal	screen/state dosya adında	seller://offers/batch	offers	NONE	N/A-BACKEND	ui.confirmation	offer.archive	ORGANIZATION_STORE	CLIENT_SELECTION_STATE	AVAILABLE	F3	F9	Kanonik 095 'urun toplu arsiv onay modal': ağ isteği yok; state deterministik; geri/iptal handoff akışına döner.	NONE	handoff:docs/SCREEN_CATALOG.tsv:96;handoff:source/phone/seller-phone-095-urun-toplu-arsiv-onay-modal.png
096	source/phone/seller-phone-096-urun-detayi-screen.png	OFFER_DETAIL_INSIGHTS	urun detayi screen	screen/state dosya adında	seller://offers/detail	offers	GET	/api/seller/v1/offers/{offerId}	offer.read	offer.read	ORGANIZATION_STORE_OFFER	products,seller_offers,seller_offer_variants,seller_inventory_items	PARTIAL	F3	F9	Kanonik 096 'urun detayi screen': GET /api/seller/v1/offers/{offerId}; yalnız ORGANIZATION_STORE_OFFER+offer.read; cross-tenant=RESOURCE_NOT_FOUND; retry çift yazmaz.	NONE	handoff:docs/SCREEN_CATALOG.tsv:97;handoff:source/phone/seller-phone-096-urun-detayi-screen.png
097	source/phone/seller-phone-097-urun-yayin-durumu-screen.png	OFFER_DETAIL_INSIGHTS	urun yayin durumu screen	screen/state dosya adında	seller://offers/detail	offers	GET	/api/seller/v1/offers/{offerId}	offer.read	offer.read	ORGANIZATION_STORE_OFFER	products,seller_offers,seller_offer_variants,seller_inventory_items	PARTIAL	F3	F9	Kanonik 097 'urun yayin durumu screen': GET /api/seller/v1/offers/{offerId}; yalnız ORGANIZATION_STORE_OFFER+offer.read; cross-tenant=RESOURCE_NOT_FOUND; retry çift yazmaz.	NONE	handoff:docs/SCREEN_CATALOG.tsv:98;handoff:source/phone/seller-phone-097-urun-yayin-durumu-screen.png
098	source/phone/seller-phone-098-urun-satis-performansi-screen.png	OFFER_DETAIL_INSIGHTS	urun satis performansi screen	screen/state dosya adında	seller://offers/detail	offers	GET	/api/seller/v1/offers/{offerId}	offer.read	offer.read	ORGANIZATION_STORE_OFFER	products,seller_offers,seller_offer_variants,seller_inventory_items	PARTIAL	F3	F9	Kanonik 098 'urun satis performansi screen': GET /api/seller/v1/offers/{offerId}; yalnız ORGANIZATION_STORE_OFFER+offer.read; cross-tenant=RESOURCE_NOT_FOUND; retry çift yazmaz.	NONE	handoff:docs/SCREEN_CATALOG.tsv:99;handoff:source/phone/seller-phone-098-urun-satis-performansi-screen.png
099	source/phone/seller-phone-099-urun-varyantlari-screen.png	OFFER_DETAIL_INSIGHTS	urun varyantlari screen	screen/state dosya adında	seller://offers/detail	offers	GET	/api/seller/v1/offers/{offerId}	offer.read	offer.read	ORGANIZATION_STORE_OFFER	products,seller_offers,seller_offer_variants,seller_inventory_items	PARTIAL	F3	F9	Kanonik 099 'urun varyantlari screen': GET /api/seller/v1/offers/{offerId}; yalnız ORGANIZATION_STORE_OFFER+offer.read; cross-tenant=RESOURCE_NOT_FOUND; retry çift yazmaz.	NONE	handoff:docs/SCREEN_CATALOG.tsv:100;handoff:source/phone/seller-phone-099-urun-varyantlari-screen.png
100	source/phone/seller-phone-100-urun-stok-ozeti-screen.png	OFFER_DETAIL_INSIGHTS	urun stok ozeti screen	screen/state dosya adında	seller://offers/detail	offers	GET	/api/seller/v1/offers/{offerId}	offer.read	offer.read	ORGANIZATION_STORE_OFFER	products,seller_offers,seller_offer_variants,seller_inventory_items	PARTIAL	F3	F9	Kanonik 100 'urun stok ozeti screen': GET /api/seller/v1/offers/{offerId}; yalnız ORGANIZATION_STORE_OFFER+offer.read; cross-tenant=RESOURCE_NOT_FOUND; retry çift yazmaz.	NONE	handoff:docs/SCREEN_CATALOG.tsv:101;handoff:source/phone/seller-phone-100-urun-stok-ozeti-screen.png
101	source/phone/seller-phone-101-urun-degerlendirmeleri-screen.png	OFFER_DETAIL_INSIGHTS	urun degerlendirmeleri screen	screen/state dosya adında	seller://offers/detail	offers	GET	/api/seller/v1/offers/{offerId}	offer.read	offer.read	ORGANIZATION_STORE_OFFER	products,seller_offers,seller_offer_variants,seller_inventory_items	PARTIAL	F3	F9	Kanonik 101 'urun degerlendirmeleri screen': GET /api/seller/v1/offers/{offerId}; yalnız ORGANIZATION_STORE_OFFER+offer.read; cross-tenant=RESOURCE_NOT_FOUND; retry çift yazmaz.	NONE	handoff:docs/SCREEN_CATALOG.tsv:102;handoff:source/phone/seller-phone-101-urun-degerlendirmeleri-screen.png
102	source/phone/seller-phone-102-urun-sorulari-screen.png	OFFER_DETAIL_INSIGHTS	urun sorulari screen	screen/state dosya adında	seller://offers/detail	offers	GET	/api/seller/v1/offers/{offerId}	offer.read	offer.read	ORGANIZATION_STORE_OFFER	products,seller_offers,seller_offer_variants,seller_inventory_items	PARTIAL	F3	F9	Kanonik 102 'urun sorulari screen': GET /api/seller/v1/offers/{offerId}; yalnız ORGANIZATION_STORE_OFFER+offer.read; cross-tenant=RESOURCE_NOT_FOUND; retry çift yazmaz.	NONE	handoff:docs/SCREEN_CATALOG.tsv:103;handoff:source/phone/seller-phone-102-urun-sorulari-screen.png
103	source/phone/seller-phone-103-urun-duzenleme-ozeti-screen.png	OFFER_EDITOR	urun duzenleme ozeti screen	screen/state dosya adında	seller://offers/editor	offers	GET	/api/seller/v1/offers/{offerId}	offer.read	offer.read	ORGANIZATION_STORE_OFFER	products,seller_offers,seller_offer_variants,seller_inventory_items	PARTIAL	F3	F9	Kanonik 103 'urun duzenleme ozeti screen': GET /api/seller/v1/offers/{offerId}; yalnız ORGANIZATION_STORE_OFFER+offer.read; cross-tenant=RESOURCE_NOT_FOUND; retry çift yazmaz.	NONE	handoff:docs/SCREEN_CATALOG.tsv:104;handoff:source/phone/seller-phone-103-urun-duzenleme-ozeti-screen.png
104	source/phone/seller-phone-104-urun-gorselleri-screen.png	OFFER_EDITOR	urun gorselleri screen	screen/state dosya adında	seller://offers/editor	offers	POST	/api/seller/v1/offers/{offerId}/media	offer.media.manage	offer.media.manage	ORGANIZATION_STORE_OFFER	seller_offer_media	BLOCKED	F3	F9	Kanonik 104 'urun gorselleri screen': POST /api/seller/v1/offers/{offerId}/media; yalnız ORGANIZATION_STORE_OFFER+offer.media.manage; cross-tenant=RESOURCE_NOT_FOUND; retry çift yazmaz.	NONE	handoff:docs/SCREEN_CATALOG.tsv:105;handoff:source/phone/seller-phone-104-urun-gorselleri-screen.png
105	source/phone/seller-phone-105-urun-baslik-aciklama-screen.png	OFFER_EDITOR	urun baslik aciklama screen	screen/state dosya adında	seller://offers/editor	offers	PATCH	/api/seller/v1/offers/{offerId}	offer.update	offer.update	ORGANIZATION_STORE_OFFER	products,seller_offers,seller_offer_variants	BLOCKED	F3	F9	Kanonik 105 'urun baslik aciklama screen': PATCH /api/seller/v1/offers/{offerId}; yalnız ORGANIZATION_STORE_OFFER+offer.update; cross-tenant=RESOURCE_NOT_FOUND; retry çift yazmaz.	NONE	handoff:docs/SCREEN_CATALOG.tsv:106;handoff:source/phone/seller-phone-105-urun-baslik-aciklama-screen.png
106	source/phone/seller-phone-106-urun-kategori-secimi-screen.png	OFFER_EDITOR	urun kategori secimi screen	screen/state dosya adında	seller://offers/editor	offers	PATCH	/api/seller/v1/offers/{offerId}	offer.update	offer.update	ORGANIZATION_STORE_OFFER	products,seller_offers,seller_offer_variants	BLOCKED	F3	F9	Kanonik 106 'urun kategori secimi screen': PATCH /api/seller/v1/offers/{offerId}; yalnız ORGANIZATION_STORE_OFFER+offer.update; cross-tenant=RESOURCE_NOT_FOUND; retry çift yazmaz.	NONE	handoff:docs/SCREEN_CATALOG.tsv:107;handoff:source/phone/seller-phone-106-urun-kategori-secimi-screen.png
107	source/phone/seller-phone-107-urun-marka-ozellikler-screen.png	OFFER_EDITOR	urun marka ozellikler screen	screen/state dosya adında	seller://offers/editor	offers	PATCH	/api/seller/v1/offers/{offerId}	offer.update	offer.update	ORGANIZATION_STORE_OFFER	products,seller_offers,seller_offer_variants	BLOCKED	F3	F9	Kanonik 107 'urun marka ozellikler screen': PATCH /api/seller/v1/offers/{offerId}; yalnız ORGANIZATION_STORE_OFFER+offer.update; cross-tenant=RESOURCE_NOT_FOUND; retry çift yazmaz.	NONE	handoff:docs/SCREEN_CATALOG.tsv:108;handoff:source/phone/seller-phone-107-urun-marka-ozellikler-screen.png
108	source/phone/seller-phone-108-urun-varyant-olustur-screen.png	OFFER_EDITOR	urun varyant olustur screen	screen/state dosya adında	seller://offers/editor	offers	PATCH	/api/seller/v1/offers/{offerId}	offer.update	offer.update	ORGANIZATION_STORE_OFFER	products,seller_offers,seller_offer_variants	BLOCKED	F3	F9	Kanonik 108 'urun varyant olustur screen': PATCH /api/seller/v1/offers/{offerId}; yalnız ORGANIZATION_STORE_OFFER+offer.update; cross-tenant=RESOURCE_NOT_FOUND; retry çift yazmaz.	NONE	handoff:docs/SCREEN_CATALOG.tsv:109;handoff:source/phone/seller-phone-108-urun-varyant-olustur-screen.png
109	source/phone/seller-phone-109-urun-renk-beden-varyant-screen.png	OFFER_EDITOR	urun renk beden varyant screen	screen/state dosya adında	seller://offers/editor	offers	PATCH	/api/seller/v1/offers/{offerId}	offer.update	offer.update	ORGANIZATION_STORE_OFFER	products,seller_offers,seller_offer_variants	BLOCKED	F3	F9	Kanonik 109 'urun renk beden varyant screen': PATCH /api/seller/v1/offers/{offerId}; yalnız ORGANIZATION_STORE_OFFER+offer.update; cross-tenant=RESOURCE_NOT_FOUND; retry çift yazmaz.	NONE	handoff:docs/SCREEN_CATALOG.tsv:110;handoff:source/phone/seller-phone-109-urun-renk-beden-varyant-screen.png
110	source/phone/seller-phone-110-varyant-sku-barkod-fiyat-stok-screen.png	OFFER_EDITOR	varyant sku barkod fiyat stok screen	screen/state dosya adında	seller://offers/editor	offers	PATCH	/api/seller/v1/offers/{offerId}	offer.update	offer.update	ORGANIZATION_STORE_OFFER	products,seller_offers,seller_offer_variants	BLOCKED	F3	F9	Kanonik 110 'varyant sku barkod fiyat stok screen': PATCH /api/seller/v1/offers/{offerId}; yalnız ORGANIZATION_STORE_OFFER+offer.update; cross-tenant=RESOURCE_NOT_FOUND; retry çift yazmaz.	NONE	handoff:docs/SCREEN_CATALOG.tsv:111;handoff:source/phone/seller-phone-110-varyant-sku-barkod-fiyat-stok-screen.png
111	source/phone/seller-phone-111-urun-fiyat-indirim-vergi-screen.png	OFFER_EDITOR	urun fiyat indirim vergi screen	screen/state dosya adında	seller://offers/editor	offers	PATCH	/api/seller/v1/offers/{offerId}	offer.update	offer.update	ORGANIZATION_STORE_OFFER	products,seller_offers,seller_offer_variants	BLOCKED	F3	F9	Kanonik 111 'urun fiyat indirim vergi screen': PATCH /api/seller/v1/offers/{offerId}; yalnız ORGANIZATION_STORE_OFFER+offer.update; cross-tenant=RESOURCE_NOT_FOUND; retry çift yazmaz.	NONE	handoff:docs/SCREEN_CATALOG.tsv:112;handoff:source/phone/seller-phone-111-urun-fiyat-indirim-vergi-screen.png
112	source/phone/seller-phone-112-urun-kargo-bilgileri-screen.png	OFFER_EDITOR	urun kargo bilgileri screen	screen/state dosya adında	seller://offers/editor	offers	PATCH	/api/seller/v1/offers/{offerId}	offer.update	offer.update	ORGANIZATION_STORE_OFFER	products,seller_offers,seller_offer_variants	BLOCKED	F3	F9	Kanonik 112 'urun kargo bilgileri screen': PATCH /api/seller/v1/offers/{offerId}; yalnız ORGANIZATION_STORE_OFFER+offer.update; cross-tenant=RESOURCE_NOT_FOUND; retry çift yazmaz.	NONE	handoff:docs/SCREEN_CATALOG.tsv:113;handoff:source/phone/seller-phone-112-urun-kargo-bilgileri-screen.png
113	source/phone/seller-phone-113-urun-gorunurluk-screen.png	OFFER_EDITOR	urun gorunurluk screen	screen/state dosya adında	seller://offers/editor	offers	PATCH	/api/seller/v1/offers/{offerId}	offer.update	offer.update	ORGANIZATION_STORE_OFFER	products,seller_offers,seller_offer_variants	BLOCKED	F3	F9	Kanonik 113 'urun gorunurluk screen': PATCH /api/seller/v1/offers/{offerId}; yalnız ORGANIZATION_STORE_OFFER+offer.update; cross-tenant=RESOURCE_NOT_FOUND; retry çift yazmaz.	NONE	handoff:docs/SCREEN_CATALOG.tsv:114;handoff:source/phone/seller-phone-113-urun-gorunurluk-screen.png
114	source/phone/seller-phone-114-taslak-kaydedildi-state.png	OFFER_EDITOR	taslak kaydedildi state	screen/state dosya adında	seller://offers/editor	offers	GET	/api/seller/v1/offers/{offerId}	offer.read	offer.read	ORGANIZATION_STORE_OFFER	products,seller_offers,seller_offer_variants	BLOCKED	F3	F9	Kanonik 114 'taslak kaydedildi state': GET /api/seller/v1/offers/{offerId}; yalnız ORGANIZATION_STORE_OFFER+offer.read; cross-tenant=RESOURCE_NOT_FOUND; retry çift yazmaz.	NONE	handoff:docs/SCREEN_CATALOG.tsv:115;handoff:source/phone/seller-phone-114-taslak-kaydedildi-state.png
115	source/phone/seller-phone-115-yayin-oncesi-eksik-alanlar-screen.png	OFFER_EDITOR	yayin oncesi eksik alanlar screen	screen/state dosya adında	seller://offers/editor	offers	GET	/api/seller/v1/offers/{offerId}	offer.read	offer.read	ORGANIZATION_STORE_OFFER	products,seller_offers,seller_offer_variants	BLOCKED	F3	F9	Kanonik 115 'yayin oncesi eksik alanlar screen': GET /api/seller/v1/offers/{offerId}; yalnız ORGANIZATION_STORE_OFFER+offer.read; cross-tenant=RESOURCE_NOT_FOUND; retry çift yazmaz.	NONE	handoff:docs/SCREEN_CATALOG.tsv:116;handoff:source/phone/seller-phone-115-yayin-oncesi-eksik-alanlar-screen.png
116	source/phone/seller-phone-116-urun-yayinlandi-state.png	OFFER_EDITOR	urun yayinlandi state	screen/state dosya adında	seller://offers/editor	offers	POST	/api/seller/v1/offers/{offerId}/commands	offer.lifecycle.command	offer.publish_or_archive	ORGANIZATION_STORE_OFFER	seller_offers,seller_offer_variants,seller_audit_events	BLOCKED	F3	F9	Kanonik 116 'urun yayinlandi state': POST /api/seller/v1/offers/{offerId}/commands; yalnız ORGANIZATION_STORE_OFFER+offer.publish_or_archive; cross-tenant=RESOURCE_NOT_FOUND; retry çift yazmaz.	NONE	handoff:docs/SCREEN_CATALOG.tsv:117;handoff:source/phone/seller-phone-116-urun-yayinlandi-state.png
117	source/phone/seller-phone-117-urun-yayindan-kaldir-onay-sheet.png	OFFER_EDITOR	urun yayindan kaldir onay sheet	screen/state dosya adında	seller://offers/editor	offers	POST	/api/seller/v1/offers/{offerId}/commands	offer.lifecycle.command	offer.publish_or_archive	ORGANIZATION_STORE_OFFER	seller_offers,seller_offer_variants,seller_audit_events	BLOCKED	F3	F9	Kanonik 117 'urun yayindan kaldir onay sheet': POST /api/seller/v1/offers/{offerId}/commands; yalnız ORGANIZATION_STORE_OFFER+offer.publish_or_archive; cross-tenant=RESOURCE_NOT_FOUND; retry çift yazmaz.	NONE	handoff:docs/SCREEN_CATALOG.tsv:118;handoff:source/phone/seller-phone-117-urun-yayindan-kaldir-onay-sheet.png
118	source/phone/seller-phone-118-urun-arsivleme-onay-sheet.png	OFFER_EDITOR	urun arsivleme onay sheet	screen/state dosya adında	seller://offers/editor	offers	POST	/api/seller/v1/offers/{offerId}/commands	offer.lifecycle.command	offer.publish_or_archive	ORGANIZATION_STORE_OFFER	seller_offers,seller_offer_variants,seller_audit_events	BLOCKED	F3	F9	Kanonik 118 'urun arsivleme onay sheet': POST /api/seller/v1/offers/{offerId}/commands; yalnız ORGANIZATION_STORE_OFFER+offer.publish_or_archive; cross-tenant=RESOURCE_NOT_FOUND; retry çift yazmaz.	NONE	handoff:docs/SCREEN_CATALOG.tsv:119;handoff:source/phone/seller-phone-118-urun-arsivleme-onay-sheet.png
119	source/phone/seller-phone-119-urun-silme-guvenli-onay-modal.png	OFFER_EDITOR	urun silme guvenli onay modal	screen/state dosya adında	seller://offers/editor	offers	POST	/api/seller/v1/offers/{offerId}/commands	offer.lifecycle.command	offer.publish_or_archive	ORGANIZATION_STORE_OFFER	seller_offers,seller_offer_variants,seller_audit_events	BLOCKED	F3	F9	Kanonik 119 'urun silme guvenli onay modal': POST /api/seller/v1/offers/{offerId}/commands; yalnız ORGANIZATION_STORE_OFFER+offer.publish_or_archive; cross-tenant=RESOURCE_NOT_FOUND; retry çift yazmaz.	NONE	handoff:docs/SCREEN_CATALOG.tsv:120;handoff:source/phone/seller-phone-119-urun-silme-guvenli-onay-modal.png
120	source/phone/seller-phone-120-urun-cogaltma-sheet.png	OFFER_EDITOR	urun cogaltma sheet	screen/state dosya adında	seller://offers/editor	offers	POST	/api/seller/v1/offers/{offerId}/commands	offer.lifecycle.command	offer.publish_or_archive	ORGANIZATION_STORE_OFFER	seller_offers,seller_offer_variants,seller_audit_events	BLOCKED	F3	F9	Kanonik 120 'urun cogaltma sheet': POST /api/seller/v1/offers/{offerId}/commands; yalnız ORGANIZATION_STORE_OFFER+offer.publish_or_archive; cross-tenant=RESOURCE_NOT_FOUND; retry çift yazmaz.	NONE	handoff:docs/SCREEN_CATALOG.tsv:121;handoff:source/phone/seller-phone-120-urun-cogaltma-sheet.png
121	source/phone/seller-phone-121-inceleme-gerekiyor-detay-screen.png	OFFER_EDITOR	inceleme gerekiyor detay screen	screen/state dosya adında	seller://offers/editor	offers	POST	/api/seller/v1/offers/{offerId}/commands	offer.lifecycle.command	offer.publish_or_archive	ORGANIZATION_STORE_OFFER	seller_offers,seller_offer_variants,seller_audit_events	BLOCKED	F3	F9	Kanonik 121 'inceleme gerekiyor detay screen': POST /api/seller/v1/offers/{offerId}/commands; yalnız ORGANIZATION_STORE_OFFER+offer.publish_or_archive; cross-tenant=RESOURCE_NOT_FOUND; retry çift yazmaz.	NONE	handoff:docs/SCREEN_CATALOG.tsv:122;handoff:source/phone/seller-phone-121-inceleme-gerekiyor-detay-screen.png
122	source/phone/seller-phone-122-urun-politika-eksik-bilgi-hata-screen.png	OFFER_EDITOR	urun politika eksik bilgi hata screen	screen/state dosya adında	seller://offers/editor	offers	POST	/api/seller/v1/offers/{offerId}/commands	offer.lifecycle.command	offer.publish_or_archive	ORGANIZATION_STORE_OFFER	seller_offers,seller_offer_variants,seller_audit_events	BLOCKED	F3	F9	Kanonik 122 'urun politika eksik bilgi hata screen': POST /api/seller/v1/offers/{offerId}/commands; yalnız ORGANIZATION_STORE_OFFER+offer.publish_or_archive; cross-tenant=RESOURCE_NOT_FOUND; retry çift yazmaz.	NONE	handoff:docs/SCREEN_CATALOG.tsv:123;handoff:source/phone/seller-phone-122-urun-politika-eksik-bilgi-hata-screen.png
123	source/phone/seller-phone-123-kaydedilmemis-degisiklik-modal.png	OFFER_EDITOR	kaydedilmemis degisiklik modal	screen/state dosya adında	seller://offers/editor	offers	NONE	N/A-BACKEND	ui.confirmation	offer.update	ORGANIZATION_STORE_OFFER	CLIENT_DRAFT_ONLY	AVAILABLE	F3	F9	Kanonik 123 'kaydedilmemis degisiklik modal': ağ isteği yok; state deterministik; geri/iptal handoff akışına döner.	NONE	handoff:docs/SCREEN_CATALOG.tsv:124;handoff:source/phone/seller-phone-123-kaydedilmemis-degisiklik-modal.png
124	source/phone/seller-phone-124-envanter-ozeti-screen.png	INVENTORY	envanter ozeti screen	screen/state dosya adında	seller://inventory	inventory	GET	/api/seller/v1/inventory	inventory.read	inventory.read	ORGANIZATION_STORE	seller_inventory_items,seller_offer_variants,seller_inventory_locations	PARTIAL	F3	F9	Kanonik 124 'envanter ozeti screen': GET /api/seller/v1/inventory; yalnız ORGANIZATION_STORE+inventory.read; cross-tenant=RESOURCE_NOT_FOUND; retry çift yazmaz.	NONE	handoff:docs/SCREEN_CATALOG.tsv:125;handoff:source/phone/seller-phone-124-envanter-ozeti-screen.png
125	source/phone/seller-phone-125-tum-stoklar-screen.png	INVENTORY	tum stoklar screen	screen/state dosya adında	seller://inventory	inventory	GET	/api/seller/v1/inventory	inventory.read	inventory.read	ORGANIZATION_STORE	seller_inventory_items,seller_offer_variants,seller_inventory_locations	PARTIAL	F3	F9	Kanonik 125 'tum stoklar screen': GET /api/seller/v1/inventory; yalnız ORGANIZATION_STORE+inventory.read; cross-tenant=RESOURCE_NOT_FOUND; retry çift yazmaz.	NONE	handoff:docs/SCREEN_CATALOG.tsv:126;handoff:source/phone/seller-phone-125-tum-stoklar-screen.png
126	source/phone/seller-phone-126-kritik-stoklar-screen.png	INVENTORY	kritik stoklar screen	screen/state dosya adında	seller://inventory	inventory	GET	/api/seller/v1/inventory	inventory.read	inventory.read	ORGANIZATION_STORE	seller_inventory_items,seller_offer_variants,seller_inventory_locations	PARTIAL	F3	F9	Kanonik 126 'kritik stoklar screen': GET /api/seller/v1/inventory; yalnız ORGANIZATION_STORE+inventory.read; cross-tenant=RESOURCE_NOT_FOUND; retry çift yazmaz.	NONE	handoff:docs/SCREEN_CATALOG.tsv:127;handoff:source/phone/seller-phone-126-kritik-stoklar-screen.png
127	source/phone/seller-phone-127-tukenen-urunler-screen.png	INVENTORY	tukenen urunler screen	screen/state dosya adında	seller://inventory	inventory	GET	/api/seller/v1/inventory	inventory.read	inventory.read	ORGANIZATION_STORE	seller_inventory_items,seller_offer_variants,seller_inventory_locations	PARTIAL	F3	F9	Kanonik 127 'tukenen urunler screen': GET /api/seller/v1/inventory; yalnız ORGANIZATION_STORE+inventory.read; cross-tenant=RESOURCE_NOT_FOUND; retry çift yazmaz.	NONE	handoff:docs/SCREEN_CATALOG.tsv:128;handoff:source/phone/seller-phone-127-tukenen-urunler-screen.png
128	source/phone/seller-phone-128-varyant-stoklari-screen.png	INVENTORY	varyant stoklari screen	screen/state dosya adında	seller://inventory	inventory	GET	/api/seller/v1/inventory	inventory.read	inventory.read	ORGANIZATION_STORE	seller_inventory_items,seller_offer_variants,seller_inventory_locations	PARTIAL	F3	F9	Kanonik 128 'varyant stoklari screen': GET /api/seller/v1/inventory; yalnız ORGANIZATION_STORE+inventory.read; cross-tenant=RESOURCE_NOT_FOUND; retry çift yazmaz.	NONE	handoff:docs/SCREEN_CATALOG.tsv:129;handoff:source/phone/seller-phone-128-varyant-stoklari-screen.png
129	source/phone/seller-phone-129-depo-konum-secimi-sheet.png	INVENTORY	depo konum secimi sheet	screen/state dosya adında	seller://inventory	inventory	GET	/api/seller/v1/inventory	inventory.read	inventory.read	ORGANIZATION_STORE	seller_inventory_items,seller_offer_variants,seller_inventory_locations	PARTIAL	F3	F9	Kanonik 129 'depo konum secimi sheet': GET /api/seller/v1/inventory; yalnız ORGANIZATION_STORE+inventory.read; cross-tenant=RESOURCE_NOT_FOUND; retry çift yazmaz.	NONE	handoff:docs/SCREEN_CATALOG.tsv:130;handoff:source/phone/seller-phone-129-depo-konum-secimi-sheet.png
130	source/phone/seller-phone-130-stok-artir-screen.png	INVENTORY	stok artir screen	screen/state dosya adında	seller://inventory	inventory	POST	/api/seller/v1/inventory/adjustments	inventory.adjust	inventory.adjust	ORGANIZATION_STORE	seller_inventory_items,seller_inventory_movements	BLOCKED	F3	F9	Kanonik 130 'stok artir screen': POST /api/seller/v1/inventory/adjustments; yalnız ORGANIZATION_STORE+inventory.adjust; cross-tenant=RESOURCE_NOT_FOUND; retry çift yazmaz.	NONE	handoff:docs/SCREEN_CATALOG.tsv:131;handoff:source/phone/seller-phone-130-stok-artir-screen.png
131	source/phone/seller-phone-131-stok-azalt-screen.png	INVENTORY	stok azalt screen	screen/state dosya adında	seller://inventory	inventory	POST	/api/seller/v1/inventory/adjustments	inventory.adjust	inventory.adjust	ORGANIZATION_STORE	seller_inventory_items,seller_inventory_movements	BLOCKED	F3	F9	Kanonik 131 'stok azalt screen': POST /api/seller/v1/inventory/adjustments; yalnız ORGANIZATION_STORE+inventory.adjust; cross-tenant=RESOURCE_NOT_FOUND; retry çift yazmaz.	NONE	handoff:docs/SCREEN_CATALOG.tsv:132;handoff:source/phone/seller-phone-131-stok-azalt-screen.png
132	source/phone/seller-phone-132-stok-duzeltme-nedeni-sheet.png	INVENTORY	stok duzeltme nedeni sheet	screen/state dosya adında	seller://inventory	inventory	POST	/api/seller/v1/inventory/adjustments	inventory.adjust	inventory.adjust	ORGANIZATION_STORE	seller_inventory_items,seller_inventory_movements	BLOCKED	F3	F9	Kanonik 132 'stok duzeltme nedeni sheet': POST /api/seller/v1/inventory/adjustments; yalnız ORGANIZATION_STORE+inventory.adjust; cross-tenant=RESOURCE_NOT_FOUND; retry çift yazmaz.	NONE	handoff:docs/SCREEN_CATALOG.tsv:133;handoff:source/phone/seller-phone-132-stok-duzeltme-nedeni-sheet.png
133	source/phone/seller-phone-133-toplu-stok-guncelle-screen.png	INVENTORY	toplu stok guncelle screen	screen/state dosya adında	seller://inventory	inventory	POST	/api/seller/v1/inventory/adjustments	inventory.adjust	inventory.adjust	ORGANIZATION_STORE	seller_inventory_items,seller_inventory_movements	BLOCKED	F3	F9	Kanonik 133 'toplu stok guncelle screen': POST /api/seller/v1/inventory/adjustments; yalnız ORGANIZATION_STORE+inventory.adjust; cross-tenant=RESOURCE_NOT_FOUND; retry çift yazmaz.	NONE	handoff:docs/SCREEN_CATALOG.tsv:134;handoff:source/phone/seller-phone-133-toplu-stok-guncelle-screen.png
134	source/phone/seller-phone-134-barkod-qr-izin-state.png	INVENTORY	barkod qr izin state	screen/state dosya adında	seller://inventory	inventory	NONE	N/A-BACKEND	device.permission	inventory.read	ORGANIZATION_STORE	CLIENT_DEVICE_PERMISSION	AVAILABLE	F3	F9	Kanonik 134 'barkod qr izin state': ağ isteği yok; state deterministik; geri/iptal handoff akışına döner.	NONE	handoff:docs/SCREEN_CATALOG.tsv:135;handoff:source/phone/seller-phone-134-barkod-qr-izin-state.png
135	source/phone/seller-phone-135-stok-hareketleri-screen.png	INVENTORY	stok hareketleri screen	screen/state dosya adında	seller://inventory	inventory	GET	/api/seller/v1/inventory	inventory.read	inventory.read	ORGANIZATION_STORE	seller_inventory_items,seller_inventory_movements	PARTIAL	F3	F9	Kanonik 135 'stok hareketleri screen': GET /api/seller/v1/inventory; yalnız ORGANIZATION_STORE+inventory.read; cross-tenant=RESOURCE_NOT_FOUND; retry çift yazmaz.	NONE	handoff:docs/SCREEN_CATALOG.tsv:136;handoff:source/phone/seller-phone-135-stok-hareketleri-screen.png
136	source/phone/seller-phone-136-stok-hareket-detayi-screen.png	INVENTORY	stok hareket detayi screen	screen/state dosya adında	seller://inventory	inventory	GET	/api/seller/v1/inventory	inventory.read	inventory.read	ORGANIZATION_STORE	seller_inventory_items,seller_inventory_movements	PARTIAL	F3	F9	Kanonik 136 'stok hareket detayi screen': GET /api/seller/v1/inventory; yalnız ORGANIZATION_STORE+inventory.read; cross-tenant=RESOURCE_NOT_FOUND; retry çift yazmaz.	NONE	handoff:docs/SCREEN_CATALOG.tsv:137;handoff:source/phone/seller-phone-136-stok-hareket-detayi-screen.png
137	source/phone/seller-phone-137-dusuk-stok-esigi-screen.png	INVENTORY	dusuk stok esigi screen	screen/state dosya adında	seller://inventory	inventory	PATCH	/api/seller/v1/inventory/{skuId}/threshold	inventory.threshold.update	inventory.threshold.update	ORGANIZATION_STORE_SKU	seller_inventory_items,seller_inventory_thresholds	BLOCKED	F3	F9	Kanonik 137 'dusuk stok esigi screen': PATCH /api/seller/v1/inventory/{skuId}/threshold; yalnız ORGANIZATION_STORE_SKU+inventory.threshold.update; cross-tenant=RESOURCE_NOT_FOUND; retry çift yazmaz.	NONE	handoff:docs/SCREEN_CATALOG.tsv:138;handoff:source/phone/seller-phone-137-dusuk-stok-esigi-screen.png
138	source/phone/seller-phone-138-stok-esik-uyarisi-state.png	INVENTORY	stok esik uyarisi state	screen/state dosya adında	seller://inventory	inventory	PATCH	/api/seller/v1/inventory/{skuId}/threshold	inventory.threshold.update	inventory.threshold.update	ORGANIZATION_STORE_SKU	seller_inventory_items,seller_inventory_thresholds	BLOCKED	F3	F9	Kanonik 138 'stok esik uyarisi state': PATCH /api/seller/v1/inventory/{skuId}/threshold; yalnız ORGANIZATION_STORE_SKU+inventory.threshold.update; cross-tenant=RESOURCE_NOT_FOUND; retry çift yazmaz.	NONE	handoff:docs/SCREEN_CATALOG.tsv:139;handoff:source/phone/seller-phone-138-stok-esik-uyarisi-state.png
139	source/phone/seller-phone-139-envanter-loading-state.png	INVENTORY	envanter loading state	screen/state dosya adında	seller://inventory	inventory	GET	/api/seller/v1/inventory	inventory.read	inventory.read	ORGANIZATION_STORE	seller_inventory_items,seller_inventory_movements	PARTIAL	F3	F9	Kanonik 139 'envanter loading state': GET /api/seller/v1/inventory; yalnız ORGANIZATION_STORE+inventory.read; cross-tenant=RESOURCE_NOT_FOUND; retry çift yazmaz.	NONE	handoff:docs/SCREEN_CATALOG.tsv:140;handoff:source/phone/seller-phone-139-envanter-loading-state.png
140	source/phone/seller-phone-140-envanter-bos-state.png	INVENTORY	envanter bos state	screen/state dosya adında	seller://inventory	inventory	GET	/api/seller/v1/inventory	inventory.read	inventory.read	ORGANIZATION_STORE	seller_inventory_items,seller_inventory_movements	PARTIAL	F3	F9	Kanonik 140 'envanter bos state': GET /api/seller/v1/inventory; yalnız ORGANIZATION_STORE+inventory.read; cross-tenant=RESOURCE_NOT_FOUND; retry çift yazmaz.	NONE	handoff:docs/SCREEN_CATALOG.tsv:141;handoff:source/phone/seller-phone-140-envanter-bos-state.png
141	source/phone/seller-phone-141-envanter-hata-state.png	INVENTORY	envanter hata state	screen/state dosya adında	seller://inventory	inventory	GET	/api/seller/v1/inventory	inventory.read	inventory.read	ORGANIZATION_STORE	seller_inventory_items,seller_inventory_movements	PARTIAL	F3	F9	Kanonik 141 'envanter hata state': GET /api/seller/v1/inventory; yalnız ORGANIZATION_STORE+inventory.read; cross-tenant=RESOURCE_NOT_FOUND; retry çift yazmaz.	NONE	handoff:docs/SCREEN_CATALOG.tsv:142;handoff:source/phone/seller-phone-141-envanter-hata-state.png
142	source/phone/seller-phone-142-siparisler-ana-liste-screen.png	ORDER_LISTING	siparisler ana liste screen	screen/state dosya adında	seller://orders	orders	GET	/api/seller/v1/orders	order.read	order.read	ORGANIZATION_STORE	seller_orders,seller_order_items,seller_fulfillment_packages	BLOCKED	F4	F10	Kanonik 142 'siparisler ana liste screen': GET /api/seller/v1/orders; yalnız ORGANIZATION_STORE+order.read; cross-tenant=RESOURCE_NOT_FOUND; retry çift yazmaz. Gap owner kararı olmadan PASS değildir.	BLOCKED — DG-005 BOTTOM_NAV_MOTION_TIMING	handoff:docs/SCREEN_CATALOG.tsv:143;handoff:source/phone/seller-phone-142-siparisler-ana-liste-screen.png
143	source/phone/seller-phone-143-yeni-siparisler-screen.png	ORDER_LISTING	yeni siparisler screen	screen/state dosya adında	seller://orders	orders	GET	/api/seller/v1/orders	order.read	order.read	ORGANIZATION_STORE	seller_orders,seller_order_items,seller_fulfillment_packages	PARTIAL	F4	F10	Kanonik 143 'yeni siparisler screen': GET /api/seller/v1/orders; yalnız ORGANIZATION_STORE+order.read; cross-tenant=RESOURCE_NOT_FOUND; retry çift yazmaz.	NONE	handoff:docs/SCREEN_CATALOG.tsv:144;handoff:source/phone/seller-phone-143-yeni-siparisler-screen.png
144	source/phone/seller-phone-144-hazirlaniyor-siparisler-screen.png	ORDER_LISTING	hazirlaniyor siparisler screen	screen/state dosya adında	seller://orders	orders	GET	/api/seller/v1/orders	order.read	order.read	ORGANIZATION_STORE	seller_orders,seller_order_items,seller_fulfillment_packages	PARTIAL	F4	F10	Kanonik 144 'hazirlaniyor siparisler screen': GET /api/seller/v1/orders; yalnız ORGANIZATION_STORE+order.read; cross-tenant=RESOURCE_NOT_FOUND; retry çift yazmaz.	NONE	handoff:docs/SCREEN_CATALOG.tsv:145;handoff:source/phone/seller-phone-144-hazirlaniyor-siparisler-screen.png
145	source/phone/seller-phone-145-kargoya-verilecek-siparisler-screen.png	ORDER_LISTING	kargoya verilecek siparisler screen	screen/state dosya adında	seller://orders	orders	GET	/api/seller/v1/orders	order.read	order.read	ORGANIZATION_STORE	seller_orders,seller_order_items,seller_fulfillment_packages	PARTIAL	F4	F10	Kanonik 145 'kargoya verilecek siparisler screen': GET /api/seller/v1/orders; yalnız ORGANIZATION_STORE+order.read; cross-tenant=RESOURCE_NOT_FOUND; retry çift yazmaz.	NONE	handoff:docs/SCREEN_CATALOG.tsv:146;handoff:source/phone/seller-phone-145-kargoya-verilecek-siparisler-screen.png
146	source/phone/seller-phone-146-kargoda-siparisler-screen.png	ORDER_LISTING	kargoda siparisler screen	screen/state dosya adında	seller://orders	orders	GET	/api/seller/v1/orders	order.read	order.read	ORGANIZATION_STORE	seller_orders,seller_order_items,seller_fulfillment_packages	PARTIAL	F4	F10	Kanonik 146 'kargoda siparisler screen': GET /api/seller/v1/orders; yalnız ORGANIZATION_STORE+order.read; cross-tenant=RESOURCE_NOT_FOUND; retry çift yazmaz.	NONE	handoff:docs/SCREEN_CATALOG.tsv:147;handoff:source/phone/seller-phone-146-kargoda-siparisler-screen.png
147	source/phone/seller-phone-147-teslim-edilen-siparisler-screen.png	ORDER_LISTING	teslim edilen siparisler screen	screen/state dosya adında	seller://orders	orders	GET	/api/seller/v1/orders	order.read	order.read	ORGANIZATION_STORE	seller_orders,seller_order_items,seller_fulfillment_packages	PARTIAL	F4	F10	Kanonik 147 'teslim edilen siparisler screen': GET /api/seller/v1/orders; yalnız ORGANIZATION_STORE+order.read; cross-tenant=RESOURCE_NOT_FOUND; retry çift yazmaz.	NONE	handoff:docs/SCREEN_CATALOG.tsv:148;handoff:source/phone/seller-phone-147-teslim-edilen-siparisler-screen.png
148	source/phone/seller-phone-148-iptal-edilen-siparisler-screen.png	ORDER_LISTING	iptal edilen siparisler screen	screen/state dosya adında	seller://orders	orders	GET	/api/seller/v1/orders	order.read	order.read	ORGANIZATION_STORE	seller_orders,seller_order_items,seller_fulfillment_packages	PARTIAL	F4	F10	Kanonik 148 'iptal edilen siparisler screen': GET /api/seller/v1/orders; yalnız ORGANIZATION_STORE+order.read; cross-tenant=RESOURCE_NOT_FOUND; retry çift yazmaz.	NONE	handoff:docs/SCREEN_CATALOG.tsv:149;handoff:source/phone/seller-phone-148-iptal-edilen-siparisler-screen.png
149	source/phone/seller-phone-149-iade-geri-odeme-listesi-screen.png	ORDER_LISTING	İade ve geri ödeme listesi	screen/state	seller://orders	orders	GET	/api/seller/v1/orders	order.read	order.read	ORGANIZATION_STORE	seller_orders,seller_order_items,seller_fulfillment_packages	PARTIAL	F4	F10	Kanonik 149 'İade ve geri ödeme listesi': GET /api/seller/v1/orders; yalnız ORGANIZATION_STORE+order.read; cross-tenant=RESOURCE_NOT_FOUND; retry çift yazmaz.	NONE	handoff:docs/SCREEN_CATALOG.tsv:150;handoff:source/phone/seller-phone-149-iade-geri-odeme-listesi-screen.png
150	source/phone/seller-phone-150-siparis-filtre-arama-screen.png	ORDER_LISTING	Sipariş arama ve filtreleme	screen/state	seller://orders	orders	GET	/api/seller/v1/orders	order.read	order.read	ORGANIZATION_STORE	seller_orders,seller_order_items,seller_fulfillment_packages	PARTIAL	F4	F10	Kanonik 150 'Sipariş arama ve filtreleme': GET /api/seller/v1/orders; yalnız ORGANIZATION_STORE+order.read; cross-tenant=RESOURCE_NOT_FOUND; retry çift yazmaz.	NONE	handoff:docs/SCREEN_CATALOG.tsv:151;handoff:source/phone/seller-phone-150-siparis-filtre-arama-screen.png
151	source/phone/seller-phone-151-siparis-tarih-araligi-sheet.png	ORDER_LISTING	Sipariş tarih aralığı	screen/state	seller://orders	orders	GET	/api/seller/v1/orders	order.read	order.read	ORGANIZATION_STORE	seller_orders,seller_order_items,seller_fulfillment_packages	PARTIAL	F4	F10	Kanonik 151 'Sipariş tarih aralığı': GET /api/seller/v1/orders; yalnız ORGANIZATION_STORE+order.read; cross-tenant=RESOURCE_NOT_FOUND; retry çift yazmaz.	NONE	handoff:docs/SCREEN_CATALOG.tsv:152;handoff:source/phone/seller-phone-151-siparis-tarih-araligi-sheet.png
152	source/phone/seller-phone-152-siparis-listesi-bos-state.png	ORDER_LISTING	Sipariş listesi boş durumu	screen/state	seller://orders	orders	GET	/api/seller/v1/orders	order.read	order.read	ORGANIZATION_STORE	seller_orders,seller_order_items,seller_fulfillment_packages	PARTIAL	F4	F10	Kanonik 152 'Sipariş listesi boş durumu': GET /api/seller/v1/orders; yalnız ORGANIZATION_STORE+order.read; cross-tenant=RESOURCE_NOT_FOUND; retry çift yazmaz.	NONE	handoff:docs/SCREEN_CATALOG.tsv:153;handoff:source/phone/seller-phone-152-siparis-listesi-bos-state.png
153	source/phone/seller-phone-153-siparis-listesi-loading-state.png	ORDER_LISTING	Sipariş listesi yükleniyor	screen/state	seller://orders	orders	GET	/api/seller/v1/orders	order.read	order.read	ORGANIZATION_STORE	seller_orders,seller_order_items,seller_fulfillment_packages	PARTIAL	F4	F10	Kanonik 153 'Sipariş listesi yükleniyor': GET /api/seller/v1/orders; yalnız ORGANIZATION_STORE+order.read; cross-tenant=RESOURCE_NOT_FOUND; retry çift yazmaz.	NONE	handoff:docs/SCREEN_CATALOG.tsv:154;handoff:source/phone/seller-phone-153-siparis-listesi-loading-state.png
154	source/phone/seller-phone-154-siparis-listesi-hata-state.png	ORDER_LISTING	Sipariş listesi hata durumu	screen/state	seller://orders	orders	GET	/api/seller/v1/orders	order.read	order.read	ORGANIZATION_STORE	seller_orders,seller_order_items,seller_fulfillment_packages	PARTIAL	F4	F10	Kanonik 154 'Sipariş listesi hata durumu': GET /api/seller/v1/orders; yalnız ORGANIZATION_STORE+order.read; cross-tenant=RESOURCE_NOT_FOUND; retry çift yazmaz.	NONE	handoff:docs/SCREEN_CATALOG.tsv:155;handoff:source/phone/seller-phone-154-siparis-listesi-hata-state.png
155	source/phone/seller-phone-155-siparis-satiri-ayrintili-state.png	ORDER_LISTING	Sipariş satırı ayrıntılı durumu	screen/state	seller://orders	orders	GET	/api/seller/v1/orders	order.read	order.read	ORGANIZATION_STORE	seller_orders,seller_order_items,seller_fulfillment_packages	PARTIAL	F4	F10	Kanonik 155 'Sipariş satırı ayrıntılı durumu': GET /api/seller/v1/orders; yalnız ORGANIZATION_STORE+order.read; cross-tenant=RESOURCE_NOT_FOUND; retry çift yazmaz.	NONE	handoff:docs/SCREEN_CATALOG.tsv:156;handoff:source/phone/seller-phone-155-siparis-satiri-ayrintili-state.png
156	source/phone/seller-phone-156-siparis-detayi-screen.png	ORDER_DETAIL_PACKAGING	Sipariş detayı	screen/state	seller://orders/detail	orders	GET	/api/seller/v1/orders/{sellerOrderId}	order.read	order.read	ORGANIZATION_STORE_ORDER	seller_orders,seller_order_items,seller_fulfillment_packages,seller_ledger_entries	PARTIAL	F4	F10	Kanonik 156 'Sipariş detayı': GET /api/seller/v1/orders/{sellerOrderId}; yalnız ORGANIZATION_STORE_ORDER+order.read; cross-tenant=RESOURCE_NOT_FOUND; retry çift yazmaz.	NONE	handoff:docs/SCREEN_CATALOG.tsv:157;handoff:source/phone/seller-phone-156-siparis-detayi-screen.png
157	source/phone/seller-phone-157-saticinin-teslim-edecegi-urunler-screen.png	ORDER_DETAIL_PACKAGING	Satıcının teslim edeceği ürünler	screen/state	seller://orders/detail	orders	GET	/api/seller/v1/orders/{sellerOrderId}	order.read	order.read	ORGANIZATION_STORE_ORDER	seller_orders,seller_order_items,seller_fulfillment_packages,seller_ledger_entries	PARTIAL	F4	F10	Kanonik 157 'Satıcının teslim edeceği ürünler': GET /api/seller/v1/orders/{sellerOrderId}; yalnız ORGANIZATION_STORE_ORDER+order.read; cross-tenant=RESOURCE_NOT_FOUND; retry çift yazmaz.	NONE	handoff:docs/SCREEN_CATALOG.tsv:158;handoff:source/phone/seller-phone-157-saticinin-teslim-edecegi-urunler-screen.png
158	source/phone/seller-phone-158-paketleme-ozeti-screen.png	ORDER_DETAIL_PACKAGING	Paketleme özeti	screen/state	seller://orders/detail	orders	GET	/api/seller/v1/orders/{sellerOrderId}	order.read	order.read	ORGANIZATION_STORE_ORDER	seller_orders,seller_order_items,seller_fulfillment_packages,seller_ledger_entries	PARTIAL	F4	F10	Kanonik 158 'Paketleme özeti': GET /api/seller/v1/orders/{sellerOrderId}; yalnız ORGANIZATION_STORE_ORDER+order.read; cross-tenant=RESOURCE_NOT_FOUND; retry çift yazmaz.	NONE	handoff:docs/SCREEN_CATALOG.tsv:159;handoff:source/phone/seller-phone-158-paketleme-ozeti-screen.png
159	source/phone/seller-phone-159-maskeli-teslimat-adresi-screen.png	ORDER_DETAIL_PACKAGING	Maskeli teslimat adresi	screen/state	seller://orders/detail	orders	GET	/api/seller/v1/orders/{sellerOrderId}	order.read	order.read	ORGANIZATION_STORE_ORDER	seller_orders,seller_order_items,seller_fulfillment_packages,seller_ledger_entries	BLOCKED	F4	F10	Kanonik 159 'Maskeli teslimat adresi': GET /api/seller/v1/orders/{sellerOrderId}; yalnız ORGANIZATION_STORE_ORDER+order.read; cross-tenant=RESOURCE_NOT_FOUND; retry çift yazmaz. Gap owner kararı olmadan PASS değildir.	BLOCKED — DG-004 FULL_ADDRESS_REVEAL_PRIVACY_POLICY	handoff:docs/SCREEN_CATALOG.tsv:160;handoff:source/phone/seller-phone-159-maskeli-teslimat-adresi-screen.png
160	source/phone/seller-phone-160-siparis-kalemleri-varyantlar-screen.png	ORDER_DETAIL_PACKAGING	Sipariş kalemleri ve varyantlar	screen/state	seller://orders/detail	orders	GET	/api/seller/v1/orders/{sellerOrderId}	order.read	order.read	ORGANIZATION_STORE_ORDER	seller_orders,seller_order_items,seller_fulfillment_packages,seller_ledger_entries	PARTIAL	F4	F10	Kanonik 160 'Sipariş kalemleri ve varyantlar': GET /api/seller/v1/orders/{sellerOrderId}; yalnız ORGANIZATION_STORE_ORDER+order.read; cross-tenant=RESOURCE_NOT_FOUND; retry çift yazmaz.	NONE	handoff:docs/SCREEN_CATALOG.tsv:161;handoff:source/phone/seller-phone-160-siparis-kalemleri-varyantlar-screen.png
161	source/phone/seller-phone-161-siparis-odeme-kazanc-ozeti-screen.png	ORDER_DETAIL_PACKAGING	Sipariş ödeme ve kazanç özeti	screen/state	seller://orders/detail	orders	GET	/api/seller/v1/orders/{sellerOrderId}	order.read	order.read	ORGANIZATION_STORE_ORDER	seller_orders,seller_order_items,seller_fulfillment_packages,seller_ledger_entries	PARTIAL	F4	F10	Kanonik 161 'Sipariş ödeme ve kazanç özeti': GET /api/seller/v1/orders/{sellerOrderId}; yalnız ORGANIZATION_STORE_ORDER+order.read; cross-tenant=RESOURCE_NOT_FOUND; retry çift yazmaz.	NONE	handoff:docs/SCREEN_CATALOG.tsv:162;handoff:source/phone/seller-phone-161-siparis-odeme-kazanc-ozeti-screen.png
162	source/phone/seller-phone-162-siparis-komisyon-kesinti-screen.png	ORDER_DETAIL_PACKAGING	Sipariş komisyon ve kesinti açıklaması	screen/state	seller://orders/detail	orders	GET	/api/seller/v1/orders/{sellerOrderId}	order.read	order.read	ORGANIZATION_STORE_ORDER	seller_orders,seller_order_items,seller_fulfillment_packages,seller_ledger_entries	PARTIAL	F4	F10	Kanonik 162 'Sipariş komisyon ve kesinti açıklaması': GET /api/seller/v1/orders/{sellerOrderId}; yalnız ORGANIZATION_STORE_ORDER+order.read; cross-tenant=RESOURCE_NOT_FOUND; retry çift yazmaz.	NONE	handoff:docs/SCREEN_CATALOG.tsv:163;handoff:source/phone/seller-phone-162-siparis-komisyon-kesinti-screen.png
163	source/phone/seller-phone-163-siparisi-hazirlamaya-al-screen.png	ORDER_DETAIL_PACKAGING	Siparişi hazırlamaya alma	screen/state	seller://orders/detail	orders	POST	/api/seller/v1/orders/{sellerOrderId}/commands	order.prepare	order.prepare	ORGANIZATION_STORE_ORDER	seller_orders,seller_fulfillment_packages,seller_order_transitions	BLOCKED	F4	F10	Kanonik 163 'Siparişi hazırlamaya alma': POST /api/seller/v1/orders/{sellerOrderId}/commands; yalnız ORGANIZATION_STORE_ORDER+order.prepare; cross-tenant=RESOURCE_NOT_FOUND; retry çift yazmaz.	NONE	handoff:docs/SCREEN_CATALOG.tsv:164;handoff:source/phone/seller-phone-163-siparisi-hazirlamaya-al-screen.png
164	source/phone/seller-phone-164-hazirlaniyor-gecis-onay-modal.png	ORDER_DETAIL_PACKAGING	Hazırlanıyor durumuna geçiş onayı	screen/state	seller://orders/detail	orders	NONE	N/A-BACKEND	ui.confirmation	order.prepare	ORGANIZATION_STORE_ORDER	CLIENT_CONFIRMATION_STATE	AVAILABLE	F4	F10	Kanonik 164 'Hazırlanıyor durumuna geçiş onayı': ağ isteği yok; state deterministik; geri/iptal handoff akışına döner.	NONE	handoff:docs/SCREEN_CATALOG.tsv:165;handoff:source/phone/seller-phone-164-hazirlaniyor-gecis-onay-modal.png
165	source/phone/seller-phone-165-siparis-hazirlaniyor-basarili-state.png	ORDER_DETAIL_PACKAGING	Sipariş hazırlanıyor başarı durumu	screen/state	seller://orders/detail	orders	POST	/api/seller/v1/orders/{sellerOrderId}/commands	order.prepare	order.prepare	ORGANIZATION_STORE_ORDER	seller_orders,seller_fulfillment_packages,seller_order_transitions	BLOCKED	F4	F10	Kanonik 165 'Sipariş hazırlanıyor başarı durumu': POST /api/seller/v1/orders/{sellerOrderId}/commands; yalnız ORGANIZATION_STORE_ORDER+order.prepare; cross-tenant=RESOURCE_NOT_FOUND; retry çift yazmaz.	NONE	handoff:docs/SCREEN_CATALOG.tsv:166;handoff:source/phone/seller-phone-165-siparis-hazirlaniyor-basarili-state.png
166	source/phone/seller-phone-166-cok-paketli-siparis-ayrimi-screen.png	ORDER_DETAIL_PACKAGING	Çok paketli sipariş ayrımı	screen/state	seller://orders/detail	orders	GET	/api/seller/v1/orders/{sellerOrderId}	order.fulfillment.read	order.read	ORGANIZATION_STORE_ORDER	seller_orders,seller_fulfillment_packages,seller_shipments	PARTIAL	F4	F10	Kanonik 166 'Çok paketli sipariş ayrımı': GET /api/seller/v1/orders/{sellerOrderId}; yalnız ORGANIZATION_STORE_ORDER+order.read; cross-tenant=RESOURCE_NOT_FOUND; retry çift yazmaz.	NONE	handoff:docs/SCREEN_CATALOG.tsv:167;handoff:source/phone/seller-phone-166-cok-paketli-siparis-ayrimi-screen.png
167	source/phone/seller-phone-167-kargo-firmasi-secimi-screen.png	FULFILLMENT_COMMUNICATION	Kargo firması seçimi	screen/state	seller://orders/fulfillment	orders_fulfillment	GET	/api/seller/v1/orders/{sellerOrderId}	order.fulfillment.read	order.read	ORGANIZATION_STORE_ORDER	seller_orders,seller_fulfillment_packages,seller_shipments	PARTIAL	F4	F10	Kanonik 167 'Kargo firması seçimi': GET /api/seller/v1/orders/{sellerOrderId}; yalnız ORGANIZATION_STORE_ORDER+order.read; cross-tenant=RESOURCE_NOT_FOUND; retry çift yazmaz.	NONE	handoff:docs/SCREEN_CATALOG.tsv:168;handoff:source/phone/seller-phone-167-kargo-firmasi-secimi-screen.png
168	source/phone/seller-phone-168-kargo-etiketi-takip-numarasi-screen.png	FULFILLMENT_COMMUNICATION	Kargo etiketi ve takip numarası	screen/state	seller://orders/fulfillment	orders_fulfillment	GET	/api/seller/v1/orders/{sellerOrderId}	order.fulfillment.read	order.read	ORGANIZATION_STORE_ORDER	seller_orders,seller_fulfillment_packages,seller_shipments	PARTIAL	F4	F10	Kanonik 168 'Kargo etiketi ve takip numarası': GET /api/seller/v1/orders/{sellerOrderId}; yalnız ORGANIZATION_STORE_ORDER+order.read; cross-tenant=RESOURCE_NOT_FOUND; retry çift yazmaz.	NONE	handoff:docs/SCREEN_CATALOG.tsv:169;handoff:source/phone/seller-phone-168-kargo-etiketi-takip-numarasi-screen.png
169	source/phone/seller-phone-169-kargoya-verildi-bildirimi-state.png	FULFILLMENT_COMMUNICATION	Kargoya verildi bildirimi	screen/state	seller://orders/fulfillment	orders_fulfillment	POST	/api/seller/v1/orders/{sellerOrderId}/commands	order.ship	order.ship	ORGANIZATION_STORE_ORDER	seller_fulfillment_packages,seller_shipments,seller_order_transitions	BLOCKED	F4	F10	Kanonik 169 'Kargoya verildi bildirimi': POST /api/seller/v1/orders/{sellerOrderId}/commands; yalnız ORGANIZATION_STORE_ORDER+order.ship; cross-tenant=RESOURCE_NOT_FOUND; retry çift yazmaz.	NONE	handoff:docs/SCREEN_CATALOG.tsv:170;handoff:source/phone/seller-phone-169-kargoya-verildi-bildirimi-state.png
170	source/phone/seller-phone-170-kargo-takip-screen.png	FULFILLMENT_COMMUNICATION	Kargo takip ekranı	screen/state	seller://orders/fulfillment	orders_fulfillment	GET	/api/seller/v1/orders/{sellerOrderId}	order.fulfillment.read	order.read	ORGANIZATION_STORE_ORDER	seller_orders,seller_fulfillment_packages,seller_shipments	PARTIAL	F4	F10	Kanonik 170 'Kargo takip ekranı': GET /api/seller/v1/orders/{sellerOrderId}; yalnız ORGANIZATION_STORE_ORDER+order.read; cross-tenant=RESOURCE_NOT_FOUND; retry çift yazmaz.	NONE	handoff:docs/SCREEN_CATALOG.tsv:171;handoff:source/phone/seller-phone-170-kargo-takip-screen.png
171	source/phone/seller-phone-171-fatura-paket-fisi-screen.png	FULFILLMENT_COMMUNICATION	Fatura ve paket fişi	screen/state	seller://orders/fulfillment	orders_fulfillment	GET	/api/seller/v1/orders/{sellerOrderId}	order.fulfillment.read	order.read	ORGANIZATION_STORE_ORDER	seller_orders,seller_fulfillment_packages,seller_shipments	PARTIAL	F4	F10	Kanonik 171 'Fatura ve paket fişi': GET /api/seller/v1/orders/{sellerOrderId}; yalnız ORGANIZATION_STORE_ORDER+order.read; cross-tenant=RESOURCE_NOT_FOUND; retry çift yazmaz.	NONE	handoff:docs/SCREEN_CATALOG.tsv:172;handoff:source/phone/seller-phone-171-fatura-paket-fisi-screen.png
172	source/phone/seller-phone-172-siparis-notu-screen.png	FULFILLMENT_COMMUNICATION	Sipariş notu	screen/state	seller://orders/fulfillment	orders_fulfillment	POST	/api/seller/v1/orders/{sellerOrderId}/messages	order.message.write	customer_message.send	ORGANIZATION_STORE_ORDER	seller_order_messages,seller_orders	BLOCKED	F4	F10	Kanonik 172 'Sipariş notu': POST /api/seller/v1/orders/{sellerOrderId}/messages; yalnız ORGANIZATION_STORE_ORDER+customer_message.send; cross-tenant=RESOURCE_NOT_FOUND; retry çift yazmaz.	NONE	handoff:docs/SCREEN_CATALOG.tsv:173;handoff:source/phone/seller-phone-172-siparis-notu-screen.png
173	source/phone/seller-phone-173-musteriye-mesaj-gonderme-screen.png	FULFILLMENT_COMMUNICATION	Müşteriye mesaj gönderme	screen/state	seller://orders/fulfillment	orders_fulfillment	POST	/api/seller/v1/orders/{sellerOrderId}/messages	order.message.write	customer_message.send	ORGANIZATION_STORE_ORDER	seller_order_messages,seller_orders	BLOCKED	F4	F10	Kanonik 173 'Müşteriye mesaj gönderme': POST /api/seller/v1/orders/{sellerOrderId}/messages; yalnız ORGANIZATION_STORE_ORDER+customer_message.send; cross-tenant=RESOURCE_NOT_FOUND; retry çift yazmaz.	NONE	handoff:docs/SCREEN_CATALOG.tsv:174;handoff:source/phone/seller-phone-173-musteriye-mesaj-gonderme-screen.png
174	source/phone/seller-phone-174-siparis-iptal-talebi-screen.png	CANCELLATION_RETURN_REFUND	Sipariş iptal talebi	screen/state	seller://returns	returns_refunds	POST	/api/seller/v1/orders/{sellerOrderId}/commands	order.cancel.respond	order.cancel.respond	ORGANIZATION_STORE_ORDER	seller_orders,seller_order_transitions,seller_audit_events	BLOCKED	F4	F10	Kanonik 174 'Sipariş iptal talebi': POST /api/seller/v1/orders/{sellerOrderId}/commands; yalnız ORGANIZATION_STORE_ORDER+order.cancel.respond; cross-tenant=RESOURCE_NOT_FOUND; retry çift yazmaz.	NONE	handoff:docs/SCREEN_CATALOG.tsv:175;handoff:source/phone/seller-phone-174-siparis-iptal-talebi-screen.png
175	source/phone/seller-phone-175-iptal-talebi-sonucu-state.png	CANCELLATION_RETURN_REFUND	İptal talebi sonucu	screen/state	seller://returns	returns_refunds	POST	/api/seller/v1/orders/{sellerOrderId}/commands	order.cancel.respond	order.cancel.respond	ORGANIZATION_STORE_ORDER	seller_orders,seller_order_transitions,seller_audit_events	BLOCKED	F4	F10	Kanonik 175 'İptal talebi sonucu': POST /api/seller/v1/orders/{sellerOrderId}/commands; yalnız ORGANIZATION_STORE_ORDER+order.cancel.respond; cross-tenant=RESOURCE_NOT_FOUND; retry çift yazmaz.	NONE	handoff:docs/SCREEN_CATALOG.tsv:176;handoff:source/phone/seller-phone-175-iptal-talebi-sonucu-state.png
176	source/phone/seller-phone-176-iade-talebi-kanit-screen.png	CANCELLATION_RETURN_REFUND	İade talebi ve kanıt	screen/state	seller://returns	returns_refunds	GET	/api/seller/v1/returns	return.read	return.read	ORGANIZATION_STORE_RETURN	seller_returns,seller_return_items,seller_orders	PARTIAL	F4	F10	Kanonik 176 'İade talebi ve kanıt': GET /api/seller/v1/returns; yalnız ORGANIZATION_STORE_RETURN+return.read; cross-tenant=RESOURCE_NOT_FOUND; retry çift yazmaz.	NONE	handoff:docs/SCREEN_CATALOG.tsv:177;handoff:source/phone/seller-phone-176-iade-talebi-kanit-screen.png
177	source/phone/seller-phone-177-iade-kabul-gerekceli-itiraz-screen.png	CANCELLATION_RETURN_REFUND	İade kabul veya gerekçeli itiraz	screen/state	seller://returns	returns_refunds	POST	/api/seller/v1/returns/{returnId}/commands	return.respond	return.respond	ORGANIZATION_STORE_RETURN	seller_returns,seller_return_items,seller_order_transitions,seller_ledger_entries	BLOCKED	F4	F10	Kanonik 177 'İade kabul veya gerekçeli itiraz': POST /api/seller/v1/returns/{returnId}/commands; yalnız ORGANIZATION_STORE_RETURN+return.respond; cross-tenant=RESOURCE_NOT_FOUND; retry çift yazmaz.	NONE	handoff:docs/SCREEN_CATALOG.tsv:178;handoff:source/phone/seller-phone-177-iade-kabul-gerekceli-itiraz-screen.png
178	source/phone/seller-phone-178-platform-incelemesi-geri-odeme-screen.png	CANCELLATION_RETURN_REFUND	Platform incelemesi ve geri ödeme	screen/state	seller://returns	returns_refunds	GET	/api/seller/v1/returns	return.read	return.read	ORGANIZATION_STORE_RETURN	seller_returns,seller_return_items,seller_orders	PARTIAL	F4	F10	Kanonik 178 'Platform incelemesi ve geri ödeme': GET /api/seller/v1/returns; yalnız ORGANIZATION_STORE_RETURN+return.read; cross-tenant=RESOURCE_NOT_FOUND; retry çift yazmaz.	NONE	handoff:docs/SCREEN_CATALOG.tsv:179;handoff:source/phone/seller-phone-178-platform-incelemesi-geri-odeme-screen.png
179	source/phone/seller-phone-179-kismi-cok-kalemli-iade-screen.png	CANCELLATION_RETURN_REFUND	Kısmi ve çok kalemli iade	screen/state	seller://returns	returns_refunds	GET	/api/seller/v1/returns	return.read	return.read	ORGANIZATION_STORE_RETURN	seller_returns,seller_return_items,seller_orders	PARTIAL	F4	F10	Kanonik 179 'Kısmi ve çok kalemli iade': GET /api/seller/v1/returns; yalnız ORGANIZATION_STORE_RETURN+return.read; cross-tenant=RESOURCE_NOT_FOUND; retry çift yazmaz.	NONE	handoff:docs/SCREEN_CATALOG.tsv:180;handoff:source/phone/seller-phone-179-kismi-cok-kalemli-iade-screen.png
180	source/phone/seller-phone-180-siparis-islem-gecmisi-screen.png	CANCELLATION_RETURN_REFUND	Sipariş işlem geçmişi	screen/state	seller://returns	returns_refunds	GET	/api/seller/v1/returns	return.read	return.read	ORGANIZATION_STORE_RETURN	seller_returns,seller_return_items,seller_orders	PARTIAL	F4	F10	Kanonik 180 'Sipariş işlem geçmişi': GET /api/seller/v1/returns; yalnız ORGANIZATION_STORE_RETURN+return.read; cross-tenant=RESOURCE_NOT_FOUND; retry çift yazmaz.	NONE	handoff:docs/SCREEN_CATALOG.tsv:181;handoff:source/phone/seller-phone-180-siparis-islem-gecmisi-screen.png
181	source/phone/seller-phone-181-siparis-islemi-basarili-state.png	CANCELLATION_RETURN_REFUND	Sipariş işlemi başarılı	screen/state	seller://returns	returns_refunds	POST	/api/seller/v1/returns/{returnId}/commands	return.respond	return.respond	ORGANIZATION_STORE_RETURN	seller_returns,seller_return_items,seller_order_transitions,seller_ledger_entries	BLOCKED	F4	F10	Kanonik 181 'Sipariş işlemi başarılı': POST /api/seller/v1/returns/{returnId}/commands; yalnız ORGANIZATION_STORE_RETURN+return.respond; cross-tenant=RESOURCE_NOT_FOUND; retry çift yazmaz.	NONE	handoff:docs/SCREEN_CATALOG.tsv:182;handoff:source/phone/seller-phone-181-siparis-islemi-basarili-state.png
182	source/phone/seller-phone-182-siparis-yeniden-dogrulama-modal.png	CANCELLATION_RETURN_REFUND	Sipariş yeniden doğrulama	screen/state	seller://returns	returns_refunds	POST	/api/seller/v1/auth/challenges/{challengeId}/verify	auth.step_up.verify	AUTHENTICATED_SELF	AUTHENTICATED_SELF	seller_security_challenges,seller_sessions	BLOCKED	F2	F10	Kanonik 182 'Sipariş yeniden doğrulama': POST /api/seller/v1/auth/challenges/{challengeId}/verify; yalnız AUTHENTICATED_SELF+AUTHENTICATED_SELF; cross-tenant=RESOURCE_NOT_FOUND; retry çift yazmaz.	NONE	handoff:docs/SCREEN_CATALOG.tsv:183;handoff:source/phone/seller-phone-182-siparis-yeniden-dogrulama-modal.png
183	source/phone/seller-phone-183-siparis-islem-hata-state.png	CANCELLATION_RETURN_REFUND	Sipariş işlem hata durumu	screen/state	seller://returns	returns_refunds	POST	/api/seller/v1/returns/{returnId}/commands	return.respond	return.respond	ORGANIZATION_STORE_RETURN	seller_returns,seller_return_items,seller_order_transitions,seller_ledger_entries	BLOCKED	F4	F10	Kanonik 183 'Sipariş işlem hata durumu': POST /api/seller/v1/returns/{returnId}/commands; yalnız ORGANIZATION_STORE_RETURN+return.respond; cross-tenant=RESOURCE_NOT_FOUND; retry çift yazmaz.	NONE	handoff:docs/SCREEN_CATALOG.tsv:184;handoff:source/phone/seller-phone-183-siparis-islem-hata-state.png
184	source/phone/seller-phone-184-siparis-offline-state.png	CANCELLATION_RETURN_REFUND	Sipariş çevrimdışı durumu	screen/state	seller://returns	returns_refunds	GET	/api/seller/v1/orders	order.read_cached	order.read	ORGANIZATION_STORE	seller_orders,seller_order_items	PARTIAL	F4	F10	Kanonik 184 'Sipariş çevrimdışı durumu': GET /api/seller/v1/orders; yalnız ORGANIZATION_STORE+order.read; cross-tenant=RESOURCE_NOT_FOUND; retry çift yazmaz.	NONE	handoff:docs/SCREEN_CATALOG.tsv:185;handoff:source/phone/seller-phone-184-siparis-offline-state.png
185	source/phone/seller-phone-185-finans-ana-ekrani-screen.png	FINANCE	Finans ana ekranı	screen/state	seller://finance	finance_ledger	GET	/api/seller/v1/finance/summary	finance.read	finance.read	ORGANIZATION_STORE	seller_ledger_entries,seller_finance_projection,seller_settlements	BLOCKED	F5	F11	Kanonik 185 'Finans ana ekranı': GET /api/seller/v1/finance/summary; yalnız ORGANIZATION_STORE+finance.read; cross-tenant=RESOURCE_NOT_FOUND; retry çift yazmaz. Gap owner kararı olmadan PASS değildir.	BLOCKED — DG-005 BOTTOM_NAV_MOTION_TIMING	handoff:docs/SCREEN_CATALOG.tsv:186;handoff:source/phone/seller-phone-185-finans-ana-ekrani-screen.png
186	source/phone/seller-phone-186-finans-tarih-filtreleri-sheet.png	FINANCE	Finans tarih ve filtreleri	screen/state	seller://finance	finance_ledger	GET	/api/seller/v1/finance/summary	finance.read	finance.read	ORGANIZATION_STORE	seller_ledger_entries,seller_finance_projection,seller_settlements	BLOCKED	F5	F11	Kanonik 186 'Finans tarih ve filtreleri': GET /api/seller/v1/finance/summary; yalnız ORGANIZATION_STORE+finance.read; cross-tenant=RESOURCE_NOT_FOUND; retry çift yazmaz.	NONE	handoff:docs/SCREEN_CATALOG.tsv:187;handoff:source/phone/seller-phone-186-finans-tarih-filtreleri-sheet.png
187	source/phone/seller-phone-187-finans-hareketleri-listesi-screen.png	FINANCE	Finans hareketleri listesi	screen/state	seller://finance	finance_ledger	GET	/api/seller/v1/finance/ledger	finance.ledger.read	finance.read	ORGANIZATION_STORE	seller_ledger_entries,seller_orders,seller_tax_documents	BLOCKED	F5	F11	Kanonik 187 'Finans hareketleri listesi': GET /api/seller/v1/finance/ledger; yalnız ORGANIZATION_STORE+finance.read; cross-tenant=RESOURCE_NOT_FOUND; retry çift yazmaz.	NONE	handoff:docs/SCREEN_CATALOG.tsv:188;handoff:source/phone/seller-phone-187-finans-hareketleri-listesi-screen.png
188	source/phone/seller-phone-188-finans-islem-detayi-screen.png	FINANCE	Finans işlem detayı	screen/state	seller://finance	finance_ledger	GET	/api/seller/v1/finance/ledger	finance.ledger.read	finance.read	ORGANIZATION_STORE	seller_ledger_entries,seller_orders,seller_tax_documents	BLOCKED	F5	F11	Kanonik 188 'Finans işlem detayı': GET /api/seller/v1/finance/ledger; yalnız ORGANIZATION_STORE+finance.read; cross-tenant=RESOURCE_NOT_FOUND; retry çift yazmaz.	NONE	handoff:docs/SCREEN_CATALOG.tsv:189;handoff:source/phone/seller-phone-188-finans-islem-detayi-screen.png
189	source/phone/seller-phone-189-siparis-kazanci-detayi-screen.png	FINANCE	Sipariş kazancı detayı	screen/state	seller://finance	finance_ledger	GET	/api/seller/v1/finance/ledger	finance.ledger.read	finance.read	ORGANIZATION_STORE	seller_ledger_entries,seller_orders,seller_tax_documents	BLOCKED	F5	F11	Kanonik 189 'Sipariş kazancı detayı': GET /api/seller/v1/finance/ledger; yalnız ORGANIZATION_STORE+finance.read; cross-tenant=RESOURCE_NOT_FOUND; retry çift yazmaz.	NONE	handoff:docs/SCREEN_CATALOG.tsv:190;handoff:source/phone/seller-phone-189-siparis-kazanci-detayi-screen.png
190	source/phone/seller-phone-190-komisyon-kesinti-aciklamasi-screen.png	FINANCE	Komisyon ve kesinti açıklaması	screen/state	seller://finance	finance_ledger	GET	/api/seller/v1/finance/ledger	finance.ledger.read	finance.read	ORGANIZATION_STORE	seller_ledger_entries,seller_orders,seller_tax_documents	BLOCKED	F5	F11	Kanonik 190 'Komisyon ve kesinti açıklaması': GET /api/seller/v1/finance/ledger; yalnız ORGANIZATION_STORE+finance.read; cross-tenant=RESOURCE_NOT_FOUND; retry çift yazmaz.	NONE	handoff:docs/SCREEN_CATALOG.tsv:191;handoff:source/phone/seller-phone-190-komisyon-kesinti-aciklamasi-screen.png
191	source/phone/seller-phone-191-odeme-gecmisi-screen.png	FINANCE	Ödeme geçmişi	screen/state	seller://finance	finance_ledger	GET	/api/seller/v1/finance/settlements	settlement.read	settlement.read	ORGANIZATION_STORE	seller_settlements,seller_ledger_entries	BLOCKED	F6	F11	Kanonik 191 'Ödeme geçmişi': GET /api/seller/v1/finance/settlements; yalnız ORGANIZATION_STORE+settlement.read; cross-tenant=RESOURCE_NOT_FOUND; retry çift yazmaz.	NONE	handoff:docs/SCREEN_CATALOG.tsv:192;handoff:source/phone/seller-phone-191-odeme-gecmisi-screen.png
192	source/phone/seller-phone-192-odeme-detayi-screen.png	FINANCE	Ödeme detayı	screen/state	seller://finance	finance_ledger	GET	/api/seller/v1/finance/settlements	settlement.read	settlement.read	ORGANIZATION_STORE	seller_settlements,seller_ledger_entries	BLOCKED	F6	F11	Kanonik 192 'Ödeme detayı': GET /api/seller/v1/finance/settlements; yalnız ORGANIZATION_STORE+settlement.read; cross-tenant=RESOURCE_NOT_FOUND; retry çift yazmaz.	NONE	handoff:docs/SCREEN_CATALOG.tsv:193;handoff:source/phone/seller-phone-192-odeme-detayi-screen.png
193	source/phone/seller-phone-193-otomatik-odeme-plani-screen.png	FINANCE	Otomatik ödeme planı	screen/state	seller://finance	finance_ledger	GET	/api/seller/v1/finance/settlements	settlement.read	settlement.read	ORGANIZATION_STORE	seller_settlements,seller_ledger_entries	BLOCKED	F6	F11	Kanonik 193 'Otomatik ödeme planı': GET /api/seller/v1/finance/settlements; yalnız ORGANIZATION_STORE+settlement.read; reconciled F6 projection; manuel payout yok; cross-tenant=RESOURCE_NOT_FOUND.	BLOCKED — DG-003 MANUAL_PAYOUT_REQUEST_OR_RELEASE	handoff:docs/SCREEN_CATALOG.tsv:194;handoff:source/phone/seller-phone-193-otomatik-odeme-plani-screen.png
194	source/phone/seller-phone-194-banka-hesaplari-listesi-screen.png	FINANCE	Banka hesapları listesi	screen/state	seller://finance/payout-accounts	payout_account_preparation	GET	/api/seller/v1/finance/payout-accounts	payout_account.read	payout_account.read	ORGANIZATION	seller_payout_accounts	BLOCKED	F6	F11	Kanonik 194 'Banka hesapları listesi': GET /api/seller/v1/finance/payout-accounts; yalnız ORGANIZATION+payout_account.read; cross-tenant=RESOURCE_NOT_FOUND; retry çift yazmaz.	NONE	handoff:docs/SCREEN_CATALOG.tsv:195;handoff:source/phone/seller-phone-194-banka-hesaplari-listesi-screen.png
195	source/phone/seller-phone-195-yeni-banka-hesabi-ekle-screen.png	FINANCE	Yeni banka hesabı ekleme	screen/state	seller://finance/payout-accounts	payout_account_preparation	POST	/api/seller/v1/finance/payout-accounts	payout_account.manage	payout_account.manage	ORGANIZATION	seller_payout_accounts,seller_security_challenges	BLOCKED	F6	F11	Kanonik 195 'Yeni banka hesabı ekleme': POST /api/seller/v1/finance/payout-accounts; yalnız ORGANIZATION+payout_account.manage; cross-tenant=RESOURCE_NOT_FOUND; retry çift yazmaz.	NONE	handoff:docs/SCREEN_CATALOG.tsv:196;handoff:source/phone/seller-phone-195-yeni-banka-hesabi-ekle-screen.png
196	source/phone/seller-phone-196-banka-hesabi-dogrulama-state.png	FINANCE	Banka hesabı doğrulama	screen/state	seller://finance/payout-accounts	payout_account_preparation	POST	/api/seller/v1/finance/payout-accounts	payout_account.manage	payout_account.manage	ORGANIZATION	seller_payout_accounts,seller_security_challenges	BLOCKED	F6	F11	Kanonik 196 'Banka hesabı doğrulama': POST /api/seller/v1/finance/payout-accounts; yalnız ORGANIZATION+payout_account.manage; cross-tenant=RESOURCE_NOT_FOUND; retry çift yazmaz.	NONE	handoff:docs/SCREEN_CATALOG.tsv:197;handoff:source/phone/seller-phone-196-banka-hesabi-dogrulama-state.png
197	source/phone/seller-phone-197-varsayilan-banka-hesabi-onay-modal.png	FINANCE	Varsayılan hesap onayı	screen/state	seller://finance/payout-accounts	payout_account_preparation	POST	/api/seller/v1/finance/payout-accounts/{accountId}/commands	payout_account.manage	payout_account.manage	ORGANIZATION	seller_payout_accounts,seller_security_challenges,seller_audit_events	BLOCKED	F6	F11	Kanonik 197 'Varsayılan hesap onayı': POST /api/seller/v1/finance/payout-accounts/{accountId}/commands; yalnız ORGANIZATION+payout_account.manage; cross-tenant=RESOURCE_NOT_FOUND; retry çift yazmaz.	NONE	handoff:docs/SCREEN_CATALOG.tsv:198;handoff:source/phone/seller-phone-197-varsayilan-banka-hesabi-onay-modal.png
198	source/phone/seller-phone-198-banka-hesabi-kaldir-onay-modal.png	FINANCE	Banka hesabı kaldırma onayı	screen/state	seller://finance/payout-accounts	payout_account_preparation	POST	/api/seller/v1/finance/payout-accounts/{accountId}/commands	payout_account.manage	payout_account.manage	ORGANIZATION	seller_payout_accounts,seller_security_challenges,seller_audit_events	BLOCKED	F6	F11	Kanonik 198 'Banka hesabı kaldırma onayı': POST /api/seller/v1/finance/payout-accounts/{accountId}/commands; yalnız ORGANIZATION+payout_account.manage; cross-tenant=RESOURCE_NOT_FOUND; retry çift yazmaz.	NONE	handoff:docs/SCREEN_CATALOG.tsv:199;handoff:source/phone/seller-phone-198-banka-hesabi-kaldir-onay-modal.png
199	source/phone/seller-phone-199-vergi-fatura-belgeleri-screen.png	FINANCE	Vergi ve fatura belgeleri	screen/state	seller://finance	finance_ledger	GET	/api/seller/v1/finance/ledger	finance.ledger.read	finance.read	ORGANIZATION_STORE	seller_ledger_entries,seller_orders,seller_tax_documents	BLOCKED	F5	F11	Kanonik 199 'Vergi ve fatura belgeleri': GET /api/seller/v1/finance/ledger; yalnız ORGANIZATION_STORE+finance.read; cross-tenant=RESOURCE_NOT_FOUND; retry çift yazmaz.	NONE	handoff:docs/SCREEN_CATALOG.tsv:200;handoff:source/phone/seller-phone-199-vergi-fatura-belgeleri-screen.png
200	source/phone/seller-phone-200-finans-raporu-disa-aktar-screen.png	FINANCE	Finans raporu dışa aktarma	screen/state	seller://finance	finance_ledger	POST	/api/seller/v1/reports	report.create	report.create	ORGANIZATION_STORE	seller_report_jobs,seller_analytics_projection,seller_ledger_entries	BLOCKED	F5	F11	Kanonik 200 'Finans raporu dışa aktarma': POST /api/seller/v1/reports; yalnız ORGANIZATION_STORE+report.create; cross-tenant=RESOURCE_NOT_FOUND; retry çift yazmaz.	NONE	handoff:docs/SCREEN_CATALOG.tsv:201;handoff:source/phone/seller-phone-200-finans-raporu-disa-aktar-screen.png
201	source/phone/seller-phone-201-finans-hareketleri-bos-state.png	FINANCE	Finans boş durumu	screen/state	seller://finance	finance_ledger	GET	/api/seller/v1/finance/summary	finance.read	finance.read	ORGANIZATION_STORE	seller_ledger_entries,seller_finance_projection,seller_settlements	BLOCKED	F5	F11	Kanonik 201 'Finans boş durumu': GET /api/seller/v1/finance/summary; yalnız ORGANIZATION_STORE+finance.read; cross-tenant=RESOURCE_NOT_FOUND; retry çift yazmaz.	NONE	handoff:docs/SCREEN_CATALOG.tsv:202;handoff:source/phone/seller-phone-201-finans-hareketleri-bos-state.png
202	source/phone/seller-phone-202-finans-yukleniyor-state.png	FINANCE	Finans yükleniyor durumu	screen/state	seller://finance	finance_ledger	GET	/api/seller/v1/finance/summary	finance.read	finance.read	ORGANIZATION_STORE	seller_ledger_entries,seller_finance_projection,seller_settlements	BLOCKED	F5	F11	Kanonik 202 'Finans yükleniyor durumu': GET /api/seller/v1/finance/summary; yalnız ORGANIZATION_STORE+finance.read; cross-tenant=RESOURCE_NOT_FOUND; retry çift yazmaz.	NONE	handoff:docs/SCREEN_CATALOG.tsv:203;handoff:source/phone/seller-phone-202-finans-yukleniyor-state.png
203	source/phone/seller-phone-203-finans-hata-state.png	FINANCE	Finans hata durumu	screen/state	seller://finance	finance_ledger	GET	/api/seller/v1/finance/summary	finance.read	finance.read	ORGANIZATION_STORE	seller_ledger_entries,seller_finance_projection,seller_settlements	BLOCKED	F5	F11	Kanonik 203 'Finans hata durumu': GET /api/seller/v1/finance/summary; yalnız ORGANIZATION_STORE+finance.read; cross-tenant=RESOURCE_NOT_FOUND; retry çift yazmaz.	NONE	handoff:docs/SCREEN_CATALOG.tsv:204;handoff:source/phone/seller-phone-203-finans-hata-state.png
204	source/phone/seller-phone-204-finans-offline-state.png	FINANCE	Finans çevrimdışı durumu	screen/state	seller://finance	finance_ledger	GET	/api/seller/v1/finance/summary	finance.read	finance.read	ORGANIZATION_STORE	seller_ledger_entries,seller_finance_projection,seller_settlements	BLOCKED	F5	F11	Kanonik 204 'Finans çevrimdışı durumu': GET /api/seller/v1/finance/summary; yalnız ORGANIZATION_STORE+finance.read; cross-tenant=RESOURCE_NOT_FOUND; retry çift yazmaz.	NONE	handoff:docs/SCREEN_CATALOG.tsv:205;handoff:source/phone/seller-phone-204-finans-offline-state.png
205	source/phone/seller-phone-205-analitik-ana-ekrani-screen.png	ANALYTICS	Analitik ana ekranı	screen/state	seller://analytics	analytics_reports	GET	/api/seller/v1/analytics	analytics.read	analytics.read	ORGANIZATION_STORE	seller_analytics_projection,seller_orders,seller_offers	PARTIAL	F5	F11	Kanonik 205 'Analitik ana ekranı': GET /api/seller/v1/analytics; yalnız ORGANIZATION_STORE+analytics.read; cross-tenant=RESOURCE_NOT_FOUND; retry çift yazmaz.	NONE	handoff:docs/SCREEN_CATALOG.tsv:206;handoff:source/phone/seller-phone-205-analitik-ana-ekrani-screen.png
206	source/phone/seller-phone-206-satis-trendi-screen.png	ANALYTICS	Satış trendi	screen/state	seller://analytics	analytics_reports	GET	/api/seller/v1/analytics	analytics.read	analytics.read	ORGANIZATION_STORE	seller_analytics_projection,seller_orders,seller_offers	PARTIAL	F5	F11	Kanonik 206 'Satış trendi': GET /api/seller/v1/analytics; yalnız ORGANIZATION_STORE+analytics.read; cross-tenant=RESOURCE_NOT_FOUND; retry çift yazmaz.	NONE	handoff:docs/SCREEN_CATALOG.tsv:207;handoff:source/phone/seller-phone-206-satis-trendi-screen.png
207	source/phone/seller-phone-207-siparis-trendi-screen.png	ANALYTICS	Sipariş trendi	screen/state	seller://analytics	analytics_reports	GET	/api/seller/v1/analytics	analytics.read	analytics.read	ORGANIZATION_STORE	seller_analytics_projection,seller_orders,seller_offers	PARTIAL	F5	F11	Kanonik 207 'Sipariş trendi': GET /api/seller/v1/analytics; yalnız ORGANIZATION_STORE+analytics.read; cross-tenant=RESOURCE_NOT_FOUND; retry çift yazmaz.	NONE	handoff:docs/SCREEN_CATALOG.tsv:208;handoff:source/phone/seller-phone-207-siparis-trendi-screen.png
208	source/phone/seller-phone-208-en-cok-satan-urunler-screen.png	ANALYTICS	En çok satan ürünler	screen/state	seller://analytics	analytics_reports	GET	/api/seller/v1/analytics	analytics.read	analytics.read	ORGANIZATION_STORE	seller_analytics_projection,seller_orders,seller_offers	PARTIAL	F5	F11	Kanonik 208 'En çok satan ürünler': GET /api/seller/v1/analytics; yalnız ORGANIZATION_STORE+analytics.read; cross-tenant=RESOURCE_NOT_FOUND; retry çift yazmaz.	NONE	handoff:docs/SCREEN_CATALOG.tsv:209;handoff:source/phone/seller-phone-208-en-cok-satan-urunler-screen.png
209	source/phone/seller-phone-209-dusuk-performansli-urunler-screen.png	ANALYTICS	Gelişim fırsatları	screen/state	seller://analytics	analytics_reports	GET	/api/seller/v1/analytics	analytics.read	analytics.read	ORGANIZATION_STORE	seller_analytics_projection,seller_orders,seller_offers	PARTIAL	F5	F11	Kanonik 209 'Gelişim fırsatları': GET /api/seller/v1/analytics; yalnız ORGANIZATION_STORE+analytics.read; cross-tenant=RESOURCE_NOT_FOUND; retry çift yazmaz.	NONE	handoff:docs/SCREEN_CATALOG.tsv:210;handoff:source/phone/seller-phone-209-dusuk-performansli-urunler-screen.png
210	source/phone/seller-phone-210-goruntulenme-donusum-ozeti-screen.png	ANALYTICS	Görüntülenme ve dönüşüm	screen/state	seller://analytics	analytics_reports	GET	/api/seller/v1/analytics	analytics.read	analytics.read	ORGANIZATION_STORE	seller_analytics_projection,seller_orders,seller_offers	PARTIAL	F5	F11	Kanonik 210 'Görüntülenme ve dönüşüm': GET /api/seller/v1/analytics; yalnız ORGANIZATION_STORE+analytics.read; cross-tenant=RESOURCE_NOT_FOUND; retry çift yazmaz.	NONE	handoff:docs/SCREEN_CATALOG.tsv:211;handoff:source/phone/seller-phone-210-goruntulenme-donusum-ozeti-screen.png
211	source/phone/seller-phone-211-ortalama-siparis-tutari-screen.png	ANALYTICS	Ortalama sipariş tutarı	screen/state	seller://analytics	analytics_reports	GET	/api/seller/v1/analytics	analytics.read	analytics.read	ORGANIZATION_STORE	seller_analytics_projection,seller_orders,seller_offers	PARTIAL	F5	F11	Kanonik 211 'Ortalama sipariş tutarı': GET /api/seller/v1/analytics; yalnız ORGANIZATION_STORE+analytics.read; cross-tenant=RESOURCE_NOT_FOUND; retry çift yazmaz.	NONE	handoff:docs/SCREEN_CATALOG.tsv:212;handoff:source/phone/seller-phone-211-ortalama-siparis-tutari-screen.png
212	source/phone/seller-phone-212-sepet-donusum-oranlari-screen.png	ANALYTICS	Sepet dönüşüm oranları	screen/state	seller://analytics	analytics_reports	GET	/api/seller/v1/analytics	analytics.read	analytics.read	ORGANIZATION_STORE	seller_analytics_projection,seller_orders,seller_offers	PARTIAL	F5	F11	Kanonik 212 'Sepet dönüşüm oranları': GET /api/seller/v1/analytics; yalnız ORGANIZATION_STORE+analytics.read; cross-tenant=RESOURCE_NOT_FOUND; retry çift yazmaz.	NONE	handoff:docs/SCREEN_CATALOG.tsv:213;handoff:source/phone/seller-phone-212-sepet-donusum-oranlari-screen.png
213	source/phone/seller-phone-213-iade-orani-screen.png	ANALYTICS	İade oranı	screen/state	seller://analytics	analytics_reports	GET	/api/seller/v1/analytics	analytics.read	analytics.read	ORGANIZATION_STORE	seller_analytics_projection,seller_orders,seller_offers	PARTIAL	F5	F11	Kanonik 213 'İade oranı': GET /api/seller/v1/analytics; yalnız ORGANIZATION_STORE+analytics.read; cross-tenant=RESOURCE_NOT_FOUND; retry çift yazmaz.	NONE	handoff:docs/SCREEN_CATALOG.tsv:214;handoff:source/phone/seller-phone-213-iade-orani-screen.png
214	source/phone/seller-phone-214-magaza-puani-degerlendirme-trendi-screen.png	ANALYTICS	Mağaza puanı	screen/state	seller://analytics	analytics_reports	GET	/api/seller/v1/analytics	analytics.read	analytics.read	ORGANIZATION_STORE	seller_analytics_projection,seller_orders,seller_offers	PARTIAL	F5	F11	Kanonik 214 'Mağaza puanı': GET /api/seller/v1/analytics; yalnız ORGANIZATION_STORE+analytics.read; cross-tenant=RESOURCE_NOT_FOUND; retry çift yazmaz.	NONE	handoff:docs/SCREEN_CATALOG.tsv:215;handoff:source/phone/seller-phone-214-magaza-puani-degerlendirme-trendi-screen.png
215	source/phone/seller-phone-215-analitik-tarih-kategori-urun-filtreleri-sheet.png	ANALYTICS	Analitik filtreleri	screen/state	seller://analytics	analytics_reports	GET	/api/seller/v1/analytics	analytics.read	analytics.read	ORGANIZATION_STORE	seller_analytics_projection,seller_orders,seller_offers	PARTIAL	F5	F11	Kanonik 215 'Analitik filtreleri': GET /api/seller/v1/analytics; yalnız ORGANIZATION_STORE+analytics.read; cross-tenant=RESOURCE_NOT_FOUND; retry çift yazmaz.	NONE	handoff:docs/SCREEN_CATALOG.tsv:216;handoff:source/phone/seller-phone-215-analitik-tarih-kategori-urun-filtreleri-sheet.png
216	source/phone/seller-phone-216-donem-karsilastirmasi-screen.png	ANALYTICS	Dönem karşılaştırması	screen/state	seller://analytics	analytics_reports	GET	/api/seller/v1/analytics	analytics.read	analytics.read	ORGANIZATION_STORE	seller_analytics_projection,seller_orders,seller_offers	PARTIAL	F5	F11	Kanonik 216 'Dönem karşılaştırması': GET /api/seller/v1/analytics; yalnız ORGANIZATION_STORE+analytics.read; cross-tenant=RESOURCE_NOT_FOUND; retry çift yazmaz.	NONE	handoff:docs/SCREEN_CATALOG.tsv:217;handoff:source/phone/seller-phone-216-donem-karsilastirmasi-screen.png
217	source/phone/seller-phone-217-urun-performansi-detayi-screen.png	ANALYTICS	Ürün performansı	screen/state	seller://analytics	analytics_reports	GET	/api/seller/v1/analytics	analytics.read	analytics.read	ORGANIZATION_STORE	seller_analytics_projection,seller_orders,seller_offers	PARTIAL	F5	F11	Kanonik 217 'Ürün performansı': GET /api/seller/v1/analytics; yalnız ORGANIZATION_STORE+analytics.read; cross-tenant=RESOURCE_NOT_FOUND; retry çift yazmaz.	NONE	handoff:docs/SCREEN_CATALOG.tsv:218;handoff:source/phone/seller-phone-217-urun-performansi-detayi-screen.png
218	source/phone/seller-phone-218-analitik-raporu-disa-aktar-screen.png	ANALYTICS	Analitik raporu	screen/state	seller://analytics	analytics_reports	POST	/api/seller/v1/reports	report.create	report.create	ORGANIZATION_STORE	seller_report_jobs,seller_analytics_projection,seller_ledger_entries	BLOCKED	F5	F11	Kanonik 218 'Analitik raporu': POST /api/seller/v1/reports; yalnız ORGANIZATION_STORE+report.create; cross-tenant=RESOURCE_NOT_FOUND; retry çift yazmaz.	NONE	handoff:docs/SCREEN_CATALOG.tsv:219;handoff:source/phone/seller-phone-218-analitik-raporu-disa-aktar-screen.png
219	source/phone/seller-phone-219-analitik-loading-state.png	ANALYTICS	Analitik yükleniyor	screen/state	seller://analytics	analytics_reports	GET	/api/seller/v1/analytics	analytics.read	analytics.read	ORGANIZATION_STORE	seller_analytics_projection,seller_orders,seller_offers	PARTIAL	F5	F11	Kanonik 219 'Analitik yükleniyor': GET /api/seller/v1/analytics; yalnız ORGANIZATION_STORE+analytics.read; cross-tenant=RESOURCE_NOT_FOUND; retry çift yazmaz.	NONE	handoff:docs/SCREEN_CATALOG.tsv:220;handoff:source/phone/seller-phone-219-analitik-loading-state.png
220	source/phone/seller-phone-220-analitik-veri-yok-state.png	ANALYTICS	Analitik veri yok	screen/state	seller://analytics	analytics_reports	GET	/api/seller/v1/analytics	analytics.read	analytics.read	ORGANIZATION_STORE	seller_analytics_projection,seller_orders,seller_offers	PARTIAL	F5	F11	Kanonik 220 'Analitik veri yok': GET /api/seller/v1/analytics; yalnız ORGANIZATION_STORE+analytics.read; cross-tenant=RESOURCE_NOT_FOUND; retry çift yazmaz.	NONE	handoff:docs/SCREEN_CATALOG.tsv:221;handoff:source/phone/seller-phone-220-analitik-veri-yok-state.png
221	source/phone/seller-phone-221-analitik-hata-state.png	ANALYTICS	Analitik hata durumu	screen/state	seller://analytics	analytics_reports	GET	/api/seller/v1/analytics	analytics.read	analytics.read	ORGANIZATION_STORE	seller_analytics_projection,seller_orders,seller_offers	PARTIAL	F5	F11	Kanonik 221 'Analitik hata durumu': GET /api/seller/v1/analytics; yalnız ORGANIZATION_STORE+analytics.read; cross-tenant=RESOURCE_NOT_FOUND; retry çift yazmaz.	NONE	handoff:docs/SCREEN_CATALOG.tsv:222;handoff:source/phone/seller-phone-221-analitik-hata-state.png
222	source/phone/seller-phone-222-analitik-offline-state.png	ANALYTICS	Analitik çevrimdışı	screen/state	seller://analytics	analytics_reports	GET	/api/seller/v1/analytics	analytics.read	analytics.read	ORGANIZATION_STORE	seller_analytics_projection,seller_orders,seller_offers	PARTIAL	F5	F11	Kanonik 222 'Analitik çevrimdışı': GET /api/seller/v1/analytics; yalnız ORGANIZATION_STORE+analytics.read; cross-tenant=RESOURCE_NOT_FOUND; retry çift yazmaz.	NONE	handoff:docs/SCREEN_CATALOG.tsv:223;handoff:source/phone/seller-phone-222-analitik-offline-state.png
223	source/phone/seller-phone-223-kampanyalar-aktif-ana-liste-screen.png	CAMPAIGNS_COUPONS	Kampanyalar ana listesi	screen/state	seller://campaigns	campaigns	GET	/api/seller/v1/campaigns	campaign.read	campaign.read	ORGANIZATION_STORE	seller_campaigns,seller_campaign_offers	BLOCKED	F12	F12	Kanonik 223 'Kampanyalar ana listesi': GET /api/seller/v1/campaigns; yalnız ORGANIZATION_STORE+campaign.read; cross-tenant=RESOURCE_NOT_FOUND; retry çift yazmaz.	NONE	handoff:docs/SCREEN_CATALOG.tsv:224;handoff:source/phone/seller-phone-223-kampanyalar-aktif-ana-liste-screen.png
224	source/phone/seller-phone-224-kampanyalar-zamanlanan-screen.png	CAMPAIGNS_COUPONS	Zamanlanan kampanyalar	screen/state	seller://campaigns	campaigns	GET	/api/seller/v1/campaigns	campaign.read	campaign.read	ORGANIZATION_STORE	seller_campaigns,seller_campaign_offers	BLOCKED	F12	F12	Kanonik 224 'Zamanlanan kampanyalar': GET /api/seller/v1/campaigns; yalnız ORGANIZATION_STORE+campaign.read; cross-tenant=RESOURCE_NOT_FOUND; retry çift yazmaz.	NONE	handoff:docs/SCREEN_CATALOG.tsv:225;handoff:source/phone/seller-phone-224-kampanyalar-zamanlanan-screen.png
225	source/phone/seller-phone-225-kampanyalar-sona-eren-screen.png	CAMPAIGNS_COUPONS	Sona eren kampanyalar	screen/state	seller://campaigns	campaigns	GET	/api/seller/v1/campaigns	campaign.read	campaign.read	ORGANIZATION_STORE	seller_campaigns,seller_campaign_offers	BLOCKED	F12	F12	Kanonik 225 'Sona eren kampanyalar': GET /api/seller/v1/campaigns; yalnız ORGANIZATION_STORE+campaign.read; cross-tenant=RESOURCE_NOT_FOUND; retry çift yazmaz.	NONE	handoff:docs/SCREEN_CATALOG.tsv:226;handoff:source/phone/seller-phone-225-kampanyalar-sona-eren-screen.png
226	source/phone/seller-phone-226-kampanya-detayi-screen.png	CAMPAIGNS_COUPONS	Kampanya detayı	screen/state	seller://campaigns	campaigns	GET	/api/seller/v1/campaigns	campaign.read	campaign.read	ORGANIZATION_STORE	seller_campaigns,seller_campaign_offers	BLOCKED	F12	F12	Kanonik 226 'Kampanya detayı': GET /api/seller/v1/campaigns; yalnız ORGANIZATION_STORE+campaign.read; cross-tenant=RESOURCE_NOT_FOUND; retry çift yazmaz.	NONE	handoff:docs/SCREEN_CATALOG.tsv:227;handoff:source/phone/seller-phone-226-kampanya-detayi-screen.png
227	source/phone/seller-phone-227-yeni-kampanya-ad-amac-screen.png	CAMPAIGNS_COUPONS	Yeni kampanya adı ve amacı	screen/state	seller://campaigns	campaigns	POST	/api/seller/v1/campaigns	campaign.draft.write	campaign.create	ORGANIZATION_STORE	seller_campaigns,seller_campaign_offers,seller_coupon_rules	BLOCKED	F12	F12	Kanonik 227 'Yeni kampanya adı ve amacı': POST /api/seller/v1/campaigns; yalnız ORGANIZATION_STORE+campaign.create; cross-tenant=RESOURCE_NOT_FOUND; retry çift yazmaz.	NONE	handoff:docs/SCREEN_CATALOG.tsv:228;handoff:source/phone/seller-phone-227-yeni-kampanya-ad-amac-screen.png
228	source/phone/seller-phone-228-kampanya-urun-secimi-screen.png	CAMPAIGNS_COUPONS	Kampanya ürün seçimi	screen/state	seller://campaigns	campaigns	POST	/api/seller/v1/campaigns	campaign.draft.write	campaign.create	ORGANIZATION_STORE	seller_campaigns,seller_campaign_offers,seller_coupon_rules	BLOCKED	F12	F12	Kanonik 228 'Kampanya ürün seçimi': POST /api/seller/v1/campaigns; yalnız ORGANIZATION_STORE+campaign.create; cross-tenant=RESOURCE_NOT_FOUND; retry çift yazmaz.	NONE	handoff:docs/SCREEN_CATALOG.tsv:229;handoff:source/phone/seller-phone-228-kampanya-urun-secimi-screen.png
229	source/phone/seller-phone-229-kampanya-indirim-turu-screen.png	CAMPAIGNS_COUPONS	Yüzde veya tutar indirimi	screen/state	seller://campaigns	campaigns	POST	/api/seller/v1/campaigns	campaign.draft.write	campaign.create	ORGANIZATION_STORE	seller_campaigns,seller_campaign_offers,seller_coupon_rules	BLOCKED	F12	F12	Kanonik 229 'Yüzde veya tutar indirimi': POST /api/seller/v1/campaigns; yalnız ORGANIZATION_STORE+campaign.create; cross-tenant=RESOURCE_NOT_FOUND; retry çift yazmaz.	NONE	handoff:docs/SCREEN_CATALOG.tsv:230;handoff:source/phone/seller-phone-229-kampanya-indirim-turu-screen.png
230	source/phone/seller-phone-230-kampanya-minimum-sepet-screen.png	CAMPAIGNS_COUPONS	Minimum sepet ve üst sınır	screen/state	seller://campaigns	campaigns	POST	/api/seller/v1/campaigns	campaign.draft.write	campaign.create	ORGANIZATION_STORE	seller_campaigns,seller_campaign_offers,seller_coupon_rules	BLOCKED	F12	F12	Kanonik 230 'Minimum sepet ve üst sınır': POST /api/seller/v1/campaigns; yalnız ORGANIZATION_STORE+campaign.create; cross-tenant=RESOURCE_NOT_FOUND; retry çift yazmaz.	NONE	handoff:docs/SCREEN_CATALOG.tsv:231;handoff:source/phone/seller-phone-230-kampanya-minimum-sepet-screen.png
231	source/phone/seller-phone-231-kampanya-tarih-planlama-screen.png	CAMPAIGNS_COUPONS	Başlangıç ve bitiş tarihi	screen/state	seller://campaigns	campaigns	POST	/api/seller/v1/campaigns	campaign.draft.write	campaign.create	ORGANIZATION_STORE	seller_campaigns,seller_campaign_offers,seller_coupon_rules	BLOCKED	F12	F12	Kanonik 231 'Başlangıç ve bitiş tarihi': POST /api/seller/v1/campaigns; yalnız ORGANIZATION_STORE+campaign.create; cross-tenant=RESOURCE_NOT_FOUND; retry çift yazmaz.	NONE	handoff:docs/SCREEN_CATALOG.tsv:232;handoff:source/phone/seller-phone-231-kampanya-tarih-planlama-screen.png
232	source/phone/seller-phone-232-kampanya-butce-stok-screen.png	CAMPAIGNS_COUPONS	Bütçe ve stok kontrolü	screen/state	seller://campaigns	campaigns	POST	/api/seller/v1/campaigns	campaign.draft.write	campaign.create	ORGANIZATION_STORE	seller_campaigns,seller_campaign_offers,seller_coupon_rules	BLOCKED	F12	F12	Kanonik 232 'Bütçe ve stok kontrolü': POST /api/seller/v1/campaigns; yalnız ORGANIZATION_STORE+campaign.create; cross-tenant=RESOURCE_NOT_FOUND; retry çift yazmaz.	NONE	handoff:docs/SCREEN_CATALOG.tsv:233;handoff:source/phone/seller-phone-232-kampanya-butce-stok-screen.png
233	source/phone/seller-phone-233-satici-finansman-aciklamasi-screen.png	CAMPAIGNS_COUPONS	Satıcı finansman açıklaması	screen/state	seller://campaigns	campaigns	POST	/api/seller/v1/campaigns	campaign.draft.write	campaign.create	ORGANIZATION_STORE	seller_campaigns,seller_campaign_offers,seller_coupon_rules	BLOCKED	F12	F12	Kanonik 233 'Satıcı finansman açıklaması': POST /api/seller/v1/campaigns; yalnız ORGANIZATION_STORE+campaign.create; cross-tenant=RESOURCE_NOT_FOUND; retry çift yazmaz.	NONE	handoff:docs/SCREEN_CATALOG.tsv:234;handoff:source/phone/seller-phone-233-satici-finansman-aciklamasi-screen.png
234	source/phone/seller-phone-234-kupon-kodu-kullanim-limiti-screen.png	CAMPAIGNS_COUPONS	Kupon kodu ve kullanım sınırı	screen/state	seller://campaigns	campaigns	POST	/api/seller/v1/campaigns	campaign.draft.write	campaign.create	ORGANIZATION_STORE	seller_campaigns,seller_campaign_offers,seller_coupon_rules	BLOCKED	F12	F12	Kanonik 234 'Kupon kodu ve kullanım sınırı': POST /api/seller/v1/campaigns; yalnız ORGANIZATION_STORE+campaign.create; cross-tenant=RESOURCE_NOT_FOUND; retry çift yazmaz.	NONE	handoff:docs/SCREEN_CATALOG.tsv:235;handoff:source/phone/seller-phone-234-kupon-kodu-kullanim-limiti-screen.png
235	source/phone/seller-phone-235-kupon-kampanya-onizleme-screen.png	CAMPAIGNS_COUPONS	Müşteri kupon önizlemesi	screen/state	seller://campaigns	campaigns	POST	/api/seller/v1/campaigns	campaign.draft.write	campaign.create	ORGANIZATION_STORE	seller_campaigns,seller_campaign_offers,seller_coupon_rules	BLOCKED	F12	F12	Kanonik 235 'Müşteri kupon önizlemesi': POST /api/seller/v1/campaigns; yalnız ORGANIZATION_STORE+campaign.create; cross-tenant=RESOURCE_NOT_FOUND; retry çift yazmaz.	NONE	handoff:docs/SCREEN_CATALOG.tsv:236;handoff:source/phone/seller-phone-235-kupon-kampanya-onizleme-screen.png
236	source/phone/seller-phone-236-kampanya-taslak-kaydedildi-state.png	CAMPAIGNS_COUPONS	Kampanya taslağı kaydedildi	screen/state	seller://campaigns	campaigns	POST	/api/seller/v1/campaigns	campaign.draft.write	campaign.create	ORGANIZATION_STORE	seller_campaigns,seller_campaign_offers,seller_coupon_rules	BLOCKED	F12	F12	Kanonik 236 'Kampanya taslağı kaydedildi': POST /api/seller/v1/campaigns; yalnız ORGANIZATION_STORE+campaign.create; cross-tenant=RESOURCE_NOT_FOUND; retry çift yazmaz.	NONE	handoff:docs/SCREEN_CATALOG.tsv:237;handoff:source/phone/seller-phone-236-kampanya-taslak-kaydedildi-state.png
237	source/phone/seller-phone-237-kampanya-yayinlandi-state.png	CAMPAIGNS_COUPONS	Kampanya yayınlandı	screen/state	seller://campaigns	campaigns	POST	/api/seller/v1/campaigns/{campaignId}/commands	campaign.lifecycle.command	campaign.publish_or_stop	ORGANIZATION_STORE	seller_campaigns,seller_campaign_events	BLOCKED	F12	F12	Kanonik 237 'Kampanya yayınlandı': POST /api/seller/v1/campaigns/{campaignId}/commands; yalnız ORGANIZATION_STORE+campaign.publish_or_stop; cross-tenant=RESOURCE_NOT_FOUND; retry çift yazmaz.	NONE	handoff:docs/SCREEN_CATALOG.tsv:238;handoff:source/phone/seller-phone-237-kampanya-yayinlandi-state.png
238	source/phone/seller-phone-238-kampanya-durdurma-onay-sheet.png	CAMPAIGNS_COUPONS	Kampanyayı durdurma onayı	screen/state	seller://campaigns	campaigns	POST	/api/seller/v1/campaigns/{campaignId}/commands	campaign.lifecycle.command	campaign.publish_or_stop	ORGANIZATION_STORE	seller_campaigns,seller_campaign_events	BLOCKED	F12	F12	Kanonik 238 'Kampanyayı durdurma onayı': POST /api/seller/v1/campaigns/{campaignId}/commands; yalnız ORGANIZATION_STORE+campaign.publish_or_stop; cross-tenant=RESOURCE_NOT_FOUND; retry çift yazmaz.	NONE	handoff:docs/SCREEN_CATALOG.tsv:239;handoff:source/phone/seller-phone-238-kampanya-durdurma-onay-sheet.png
239	source/phone/seller-phone-239-kampanya-taslak-silme-onay-modal.png	CAMPAIGNS_COUPONS	Taslak silme onayı	screen/state	seller://campaigns	campaigns	POST	/api/seller/v1/campaigns/{campaignId}/commands	campaign.lifecycle.command	campaign.publish_or_stop	ORGANIZATION_STORE	seller_campaigns,seller_campaign_events	BLOCKED	F12	F12	Kanonik 239 'Taslak silme onayı': POST /api/seller/v1/campaigns/{campaignId}/commands; yalnız ORGANIZATION_STORE+campaign.publish_or_stop; cross-tenant=RESOURCE_NOT_FOUND; retry çift yazmaz.	NONE	handoff:docs/SCREEN_CATALOG.tsv:240;handoff:source/phone/seller-phone-239-kampanya-taslak-silme-onay-modal.png
240	source/phone/seller-phone-240-kampanyalar-bos-state.png	CAMPAIGNS_COUPONS	Kampanyalar boş durumu	screen/state	seller://campaigns	campaigns	GET	/api/seller/v1/campaigns	campaign.read	campaign.read	ORGANIZATION_STORE	seller_campaigns,seller_campaign_offers	BLOCKED	F12	F12	Kanonik 240 'Kampanyalar boş durumu': GET /api/seller/v1/campaigns; yalnız ORGANIZATION_STORE+campaign.read; cross-tenant=RESOURCE_NOT_FOUND; retry çift yazmaz.	NONE	handoff:docs/SCREEN_CATALOG.tsv:241;handoff:source/phone/seller-phone-240-kampanyalar-bos-state.png
241	source/phone/seller-phone-241-kampanyalar-loading-state.png	CAMPAIGNS_COUPONS	Kampanyalar yükleniyor	screen/state	seller://campaigns	campaigns	GET	/api/seller/v1/campaigns	campaign.read	campaign.read	ORGANIZATION_STORE	seller_campaigns,seller_campaign_offers	BLOCKED	F12	F12	Kanonik 241 'Kampanyalar yükleniyor': GET /api/seller/v1/campaigns; yalnız ORGANIZATION_STORE+campaign.read; cross-tenant=RESOURCE_NOT_FOUND; retry çift yazmaz.	NONE	handoff:docs/SCREEN_CATALOG.tsv:242;handoff:source/phone/seller-phone-241-kampanyalar-loading-state.png
242	source/phone/seller-phone-242-kampanyalar-hata-state.png	CAMPAIGNS_COUPONS	Kampanya veri hatası	screen/state	seller://campaigns	campaigns	GET	/api/seller/v1/campaigns	campaign.read	campaign.read	ORGANIZATION_STORE	seller_campaigns,seller_campaign_offers	BLOCKED	F12	F12	Kanonik 242 'Kampanya veri hatası': GET /api/seller/v1/campaigns; yalnız ORGANIZATION_STORE+campaign.read; cross-tenant=RESOURCE_NOT_FOUND; retry çift yazmaz.	NONE	handoff:docs/SCREEN_CATALOG.tsv:243;handoff:source/phone/seller-phone-242-kampanyalar-hata-state.png
243	source/phone/seller-phone-243-magazam-ana-genel-gorunum-screen.png	STORE_PROFILE_POLICIES	Mağazam ana ekranı ve performans özeti	screen/state	seller://store	stores	GET	/api/seller/v1/stores/{storeId}	store.read	store.read	ORGANIZATION_STORE	seller_stores,seller_store_profiles	BLOCKED	F12	F12	Kanonik 243 'Mağazam ana ekranı ve performans özeti': GET /api/seller/v1/stores/{storeId}; yalnız ORGANIZATION_STORE+store.read; cross-tenant=RESOURCE_NOT_FOUND; retry çift yazmaz. Gap owner kararı olmadan PASS değildir.	BLOCKED — DG-001 MULTI_ORGANIZATION_STORE_SELECTOR; DG-005 BOTTOM_NAV_MOTION_TIMING	handoff:docs/SCREEN_CATALOG.tsv:244;handoff:source/phone/seller-phone-243-magazam-ana-genel-gorunum-screen.png
244	source/phone/seller-phone-244-musteri-magaza-onizleme-screen.png	STORE_PROFILE_POLICIES	Müşterinin gördüğü mağaza önizlemesi	screen/state	seller://store	stores	GET	/api/seller/v1/stores/{storeId}	store.read	store.read	ORGANIZATION_STORE	seller_stores,seller_store_profiles	BLOCKED	F12	F12	Kanonik 244 'Müşterinin gördüğü mağaza önizlemesi': GET /api/seller/v1/stores/{storeId}; yalnız ORGANIZATION_STORE+store.read; cross-tenant=RESOURCE_NOT_FOUND; retry çift yazmaz.	NONE	handoff:docs/SCREEN_CATALOG.tsv:245;handoff:source/phone/seller-phone-244-musteri-magaza-onizleme-screen.png
245	source/phone/seller-phone-245-magaza-adi-aciklama-duzenle-screen.png	STORE_PROFILE_POLICIES	Mağaza adı ve açıklaması düzenleme	screen/state	seller://store	stores	PATCH	/api/seller/v1/stores/{storeId}	store.update	store.update	ORGANIZATION_STORE	seller_stores,seller_store_profiles,seller_store_policies	BLOCKED	F12	F12	Kanonik 245 'Mağaza adı ve açıklaması düzenleme': PATCH /api/seller/v1/stores/{storeId}; yalnız ORGANIZATION_STORE+store.update; cross-tenant=RESOURCE_NOT_FOUND; retry çift yazmaz.	NONE	handoff:docs/SCREEN_CATALOG.tsv:246;handoff:source/phone/seller-phone-245-magaza-adi-aciklama-duzenle-screen.png
246	source/phone/seller-phone-246-magaza-gorsel-kimlik-logo-kapak-screen.png	STORE_PROFILE_POLICIES	Logo ve kapak görseli düzenleme	screen/state	seller://store	stores	PATCH	/api/seller/v1/stores/{storeId}	store.update	store.update	ORGANIZATION_STORE	seller_stores,seller_store_profiles,seller_store_policies	BLOCKED	F12	F12	Kanonik 246 'Logo ve kapak görseli düzenleme': PATCH /api/seller/v1/stores/{storeId}; yalnız ORGANIZATION_STORE+store.update; cross-tenant=RESOURCE_NOT_FOUND; retry çift yazmaz.	NONE	handoff:docs/SCREEN_CATALOG.tsv:247;handoff:source/phone/seller-phone-246-magaza-gorsel-kimlik-logo-kapak-screen.png
247	source/phone/seller-phone-247-magaza-iletisim-bilgileri-screen.png	STORE_PROFILE_POLICIES	Mağaza iletişim bilgileri	screen/state	seller://store	stores	PATCH	/api/seller/v1/stores/{storeId}	store.update	store.update	ORGANIZATION_STORE	seller_stores,seller_store_profiles,seller_store_policies	BLOCKED	F12	F12	Kanonik 247 'Mağaza iletişim bilgileri': PATCH /api/seller/v1/stores/{storeId}; yalnız ORGANIZATION_STORE+store.update; cross-tenant=RESOURCE_NOT_FOUND; retry çift yazmaz.	NONE	handoff:docs/SCREEN_CATALOG.tsv:248;handoff:source/phone/seller-phone-247-magaza-iletisim-bilgileri-screen.png
248	source/phone/seller-phone-248-kargo-teslimat-politikasi-screen.png	STORE_PROFILE_POLICIES	Kargo ve teslimat politikası	screen/state	seller://store	stores	PATCH	/api/seller/v1/stores/{storeId}	store.update	store.update	ORGANIZATION_STORE	seller_stores,seller_store_profiles,seller_store_policies	BLOCKED	F12	F12	Kanonik 248 'Kargo ve teslimat politikası': PATCH /api/seller/v1/stores/{storeId}; yalnız ORGANIZATION_STORE+store.update; cross-tenant=RESOURCE_NOT_FOUND; retry çift yazmaz.	NONE	handoff:docs/SCREEN_CATALOG.tsv:249;handoff:source/phone/seller-phone-248-kargo-teslimat-politikasi-screen.png
249	source/phone/seller-phone-249-iade-politikasi-screen.png	STORE_PROFILE_POLICIES	İade politikası	screen/state	seller://store	stores	PATCH	/api/seller/v1/stores/{storeId}	store.update	store.update	ORGANIZATION_STORE	seller_stores,seller_store_profiles,seller_store_policies	BLOCKED	F12	F12	Kanonik 249 'İade politikası': PATCH /api/seller/v1/stores/{storeId}; yalnız ORGANIZATION_STORE+store.update; cross-tenant=RESOURCE_NOT_FOUND; retry çift yazmaz.	NONE	handoff:docs/SCREEN_CATALOG.tsv:250;handoff:source/phone/seller-phone-249-iade-politikasi-screen.png
250	source/phone/seller-phone-250-magaza-calisma-durumu-screen.png	STORE_PROFILE_POLICIES	Mağaza çalışma durumu	screen/state	seller://store	stores	PATCH	/api/seller/v1/stores/{storeId}	store.update	store.update	ORGANIZATION_STORE	seller_stores,seller_store_profiles,seller_store_policies	BLOCKED	F12	F12	Kanonik 250 'Mağaza çalışma durumu': PATCH /api/seller/v1/stores/{storeId}; yalnız ORGANIZATION_STORE+store.update; cross-tenant=RESOURCE_NOT_FOUND; retry çift yazmaz.	NONE	handoff:docs/SCREEN_CATALOG.tsv:251;handoff:source/phone/seller-phone-250-magaza-calisma-durumu-screen.png
251	source/phone/seller-phone-251-magaza-gecici-kapatma-yeniden-acma-onay-sheet.png	STORE_PROFILE_POLICIES	Geçici kapatma ve yeniden açma onayı	screen/state	seller://store	stores	PATCH	/api/seller/v1/stores/{storeId}	store.update	store.update	ORGANIZATION_STORE	seller_stores,seller_store_profiles,seller_store_policies	BLOCKED	F12	F12	Kanonik 251 'Geçici kapatma ve yeniden açma onayı': PATCH /api/seller/v1/stores/{storeId}; yalnız ORGANIZATION_STORE+store.update; cross-tenant=RESOURCE_NOT_FOUND; retry çift yazmaz.	NONE	handoff:docs/SCREEN_CATALOG.tsv:252;handoff:source/phone/seller-phone-251-magaza-gecici-kapatma-yeniden-acma-onay-sheet.png
252	source/phone/seller-phone-252-magaza-degerlendirmeleri-listesi-screen.png	REPUTATION_QUESTIONS_PREVIEW	Mağaza değerlendirmeleri	screen/state	seller://store/reputation	reviews_questions	GET	/api/seller/v1/reputation/inbox	reputation.read	reputation.read	ORGANIZATION_STORE	seller_reviews,seller_product_questions	BLOCKED	F12	F12	Kanonik 252 'Mağaza değerlendirmeleri': GET /api/seller/v1/reputation/inbox; yalnız ORGANIZATION_STORE+reputation.read; cross-tenant=RESOURCE_NOT_FOUND; retry çift yazmaz.	NONE	handoff:docs/SCREEN_CATALOG.tsv:253;handoff:source/phone/seller-phone-252-magaza-degerlendirmeleri-listesi-screen.png
253	source/phone/seller-phone-253-degerlendirme-detayi-yanit-screen.png	REPUTATION_QUESTIONS_PREVIEW	Değerlendirme detayı ve satıcı yanıtı	screen/state	seller://store/reputation	reviews_questions	POST	/api/seller/v1/reputation/items/{itemId}/commands	reputation.respond	reputation.reply_or_report	ORGANIZATION_STORE	seller_reviews,seller_product_questions,seller_public_replies	BLOCKED	F12	F12	Kanonik 253 'Değerlendirme detayı ve satıcı yanıtı': POST /api/seller/v1/reputation/items/{itemId}/commands; yalnız ORGANIZATION_STORE+reputation.reply_or_report; cross-tenant=RESOURCE_NOT_FOUND; retry çift yazmaz.	NONE	handoff:docs/SCREEN_CATALOG.tsv:254;handoff:source/phone/seller-phone-253-degerlendirme-detayi-yanit-screen.png
254	source/phone/seller-phone-254-urun-sorulari-listesi-screen.png	REPUTATION_QUESTIONS_PREVIEW	Ürün soruları listesi	screen/state	seller://store/reputation	reviews_questions	GET	/api/seller/v1/reputation/inbox	reputation.read	reputation.read	ORGANIZATION_STORE	seller_reviews,seller_product_questions	BLOCKED	F12	F12	Kanonik 254 'Ürün soruları listesi': GET /api/seller/v1/reputation/inbox; yalnız ORGANIZATION_STORE+reputation.read; cross-tenant=RESOURCE_NOT_FOUND; retry çift yazmaz.	NONE	handoff:docs/SCREEN_CATALOG.tsv:255;handoff:source/phone/seller-phone-254-urun-sorulari-listesi-screen.png
255	source/phone/seller-phone-255-urun-sorusu-detayi-yanit-screen.png	REPUTATION_QUESTIONS_PREVIEW	Soru detayı ve herkese açık yanıt	screen/state	seller://store/reputation	reviews_questions	POST	/api/seller/v1/reputation/items/{itemId}/commands	reputation.respond	reputation.reply_or_report	ORGANIZATION_STORE	seller_reviews,seller_product_questions,seller_public_replies	BLOCKED	F12	F12	Kanonik 255 'Soru detayı ve herkese açık yanıt': POST /api/seller/v1/reputation/items/{itemId}/commands; yalnız ORGANIZATION_STORE+reputation.reply_or_report; cross-tenant=RESOURCE_NOT_FOUND; retry çift yazmaz.	NONE	handoff:docs/SCREEN_CATALOG.tsv:256;handoff:source/phone/seller-phone-255-urun-sorusu-detayi-yanit-screen.png
256	source/phone/seller-phone-256-magaza-onizleme-loading-hata-state.png	REPUTATION_QUESTIONS_PREVIEW	Mağaza önizleme loading ve hata durumları	screen/state	seller://store/reputation	reviews_questions	GET	/api/seller/v1/stores/{storeId}	store.read	store.read	ORGANIZATION_STORE	seller_stores,seller_store_profiles	BLOCKED	F12	F12	Kanonik 256 'Mağaza önizleme loading ve hata durumları': GET /api/seller/v1/stores/{storeId}; yalnız ORGANIZATION_STORE+store.read; cross-tenant=RESOURCE_NOT_FOUND; retry çift yazmaz.	NONE	handoff:docs/SCREEN_CATALOG.tsv:257;handoff:source/phone/seller-phone-256-magaza-onizleme-loading-hata-state.png
257	source/phone/seller-phone-257-bildirim-merkezi-screen.png	NOTIFICATIONS	Satıcı bildirim merkezi	screen/state	seller://notifications	notifications	GET	/api/seller/v1/notifications	notification.read	notification.read	ORGANIZATION_STORE	seller_notifications,seller_notification_reads	PARTIAL	F13	F13	Kanonik 257 'Satıcı bildirim merkezi': GET /api/seller/v1/notifications; yalnız ORGANIZATION_STORE+notification.read; cross-tenant=RESOURCE_NOT_FOUND; retry çift yazmaz.	NONE	handoff:docs/SCREEN_CATALOG.tsv:258;handoff:source/phone/seller-phone-257-bildirim-merkezi-screen.png
258	source/phone/seller-phone-258-siparis-bildirimleri-screen.png	NOTIFICATIONS	Sipariş bildirimleri	screen/state	seller://notifications	notifications	GET	/api/seller/v1/notifications	notification.read	notification.read	ORGANIZATION_STORE	seller_notifications,seller_notification_reads	PARTIAL	F13	F13	Kanonik 258 'Sipariş bildirimleri': GET /api/seller/v1/notifications; yalnız ORGANIZATION_STORE+notification.read; cross-tenant=RESOURCE_NOT_FOUND; retry çift yazmaz.	NONE	handoff:docs/SCREEN_CATALOG.tsv:259;handoff:source/phone/seller-phone-258-siparis-bildirimleri-screen.png
259	source/phone/seller-phone-259-dusuk-stok-bildirimleri-screen.png	NOTIFICATIONS	Düşük stok bildirimleri	screen/state	seller://notifications	notifications	GET	/api/seller/v1/notifications	notification.read	notification.read	ORGANIZATION_STORE	seller_notifications,seller_notification_reads	PARTIAL	F13	F13	Kanonik 259 'Düşük stok bildirimleri': GET /api/seller/v1/notifications; yalnız ORGANIZATION_STORE+notification.read; cross-tenant=RESOURCE_NOT_FOUND; retry çift yazmaz.	NONE	handoff:docs/SCREEN_CATALOG.tsv:260;handoff:source/phone/seller-phone-259-dusuk-stok-bildirimleri-screen.png
260	source/phone/seller-phone-260-finans-odeme-bildirimleri-screen.png	NOTIFICATIONS	Finans ve ödeme bildirimleri	screen/state	seller://notifications	notifications	GET	/api/seller/v1/notifications	notification.read	notification.read	ORGANIZATION_STORE	seller_notifications,seller_notification_reads	PARTIAL	F13	F13	Kanonik 260 'Finans ve ödeme bildirimleri': GET /api/seller/v1/notifications; yalnız ORGANIZATION_STORE+notification.read; cross-tenant=RESOURCE_NOT_FOUND; retry çift yazmaz.	NONE	handoff:docs/SCREEN_CATALOG.tsv:261;handoff:source/phone/seller-phone-260-finans-odeme-bildirimleri-screen.png
261	source/phone/seller-phone-261-urun-politika-bildirimleri-screen.png	NOTIFICATIONS	Ürün ve politika bildirimleri	screen/state	seller://notifications	notifications	GET	/api/seller/v1/notifications	notification.read	notification.read	ORGANIZATION_STORE	seller_notifications,seller_notification_reads	PARTIAL	F13	F13	Kanonik 261 'Ürün ve politika bildirimleri': GET /api/seller/v1/notifications; yalnız ORGANIZATION_STORE+notification.read; cross-tenant=RESOURCE_NOT_FOUND; retry çift yazmaz.	NONE	handoff:docs/SCREEN_CATALOG.tsv:262;handoff:source/phone/seller-phone-261-urun-politika-bildirimleri-screen.png
262	source/phone/seller-phone-262-bildirim-detayi-screen.png	NOTIFICATIONS	Bildirim detayı ve kaynak kayda geçiş	screen/state	seller://notifications	notifications	GET	/api/seller/v1/notifications	notification.read	notification.read	ORGANIZATION_STORE	seller_notifications,seller_notification_reads	PARTIAL	F13	F13	Kanonik 262 'Bildirim detayı ve kaynak kayda geçiş': GET /api/seller/v1/notifications; yalnız ORGANIZATION_STORE+notification.read; cross-tenant=RESOURCE_NOT_FOUND; retry çift yazmaz.	NONE	handoff:docs/SCREEN_CATALOG.tsv:263;handoff:source/phone/seller-phone-262-bildirim-detayi-screen.png
263	source/phone/seller-phone-263-okundu-okunmadi-state.png	NOTIFICATIONS	Okundu ve okunmadı görünüm durumu	screen/state	seller://notifications	notifications	GET	/api/seller/v1/notifications	notification.read	notification.read	ORGANIZATION_STORE	seller_notifications,seller_notification_reads	PARTIAL	F13	F13	Kanonik 263 'Okundu ve okunmadı görünüm durumu': GET /api/seller/v1/notifications; yalnız ORGANIZATION_STORE+notification.read; cross-tenant=RESOURCE_NOT_FOUND; retry çift yazmaz.	NONE	handoff:docs/SCREEN_CATALOG.tsv:264;handoff:source/phone/seller-phone-263-okundu-okunmadi-state.png
264	source/phone/seller-phone-264-toplu-bildirim-islemleri-sheet.png	NOTIFICATIONS	Toplu bildirim görünüm işlemleri	screen/state	seller://notifications	notifications	POST	/api/seller/v1/notifications/commands	notification.state.update	notification.update	ORGANIZATION_STORE	seller_notification_reads	BLOCKED	F13	F13	Kanonik 264 'Toplu bildirim görünüm işlemleri': POST /api/seller/v1/notifications/commands; yalnız ORGANIZATION_STORE+notification.update; cross-tenant=RESOURCE_NOT_FOUND; retry çift yazmaz.	NONE	handoff:docs/SCREEN_CATALOG.tsv:265;handoff:source/phone/seller-phone-264-toplu-bildirim-islemleri-sheet.png
265	source/phone/seller-phone-265-bildirim-tercihleri-screen.png	NOTIFICATIONS	Bildirim kanalı ve tür tercihleri	screen/state	seller://notifications	notifications	PATCH	/api/seller/v1/notification-preferences	notification.preference.update	notification.preference.update	ORGANIZATION_STORE	seller_notification_preferences	BLOCKED	F13	F13	Kanonik 265 'Bildirim kanalı ve tür tercihleri': PATCH /api/seller/v1/notification-preferences; yalnız ORGANIZATION_STORE+notification.preference.update; cross-tenant=RESOURCE_NOT_FOUND; retry çift yazmaz.	NONE	handoff:docs/SCREEN_CATALOG.tsv:266;handoff:source/phone/seller-phone-265-bildirim-tercihleri-screen.png
266	source/phone/seller-phone-266-sessiz-saatler-screen.png	NOTIFICATIONS	Sessiz saatler ve kritik istisnalar	screen/state	seller://notifications	notifications	PATCH	/api/seller/v1/notification-preferences	notification.preference.update	notification.preference.update	ORGANIZATION_STORE	seller_notification_preferences	BLOCKED	F13	F13	Kanonik 266 'Sessiz saatler ve kritik istisnalar': PATCH /api/seller/v1/notification-preferences; yalnız ORGANIZATION_STORE+notification.preference.update; cross-tenant=RESOURCE_NOT_FOUND; retry çift yazmaz.	NONE	handoff:docs/SCREEN_CATALOG.tsv:267;handoff:source/phone/seller-phone-266-sessiz-saatler-screen.png
267	source/phone/seller-phone-267-bildirimler-bos-state.png	NOTIFICATIONS	Bildirim merkezi boş durumu	screen/state	seller://notifications	notifications	GET	/api/seller/v1/notifications	notification.read	notification.read	ORGANIZATION_STORE	seller_notifications,seller_notification_reads	PARTIAL	F13	F13	Kanonik 267 'Bildirim merkezi boş durumu': GET /api/seller/v1/notifications; yalnız ORGANIZATION_STORE+notification.read; cross-tenant=RESOURCE_NOT_FOUND; retry çift yazmaz.	NONE	handoff:docs/SCREEN_CATALOG.tsv:268;handoff:source/phone/seller-phone-267-bildirimler-bos-state.png
268	source/phone/seller-phone-268-bildirimler-loading-state.png	NOTIFICATIONS	Bildirim merkezi yükleniyor durumu	screen/state	seller://notifications	notifications	GET	/api/seller/v1/notifications	notification.read	notification.read	ORGANIZATION_STORE	seller_notifications,seller_notification_reads	PARTIAL	F13	F13	Kanonik 268 'Bildirim merkezi yükleniyor durumu': GET /api/seller/v1/notifications; yalnız ORGANIZATION_STORE+notification.read; cross-tenant=RESOURCE_NOT_FOUND; retry çift yazmaz.	NONE	handoff:docs/SCREEN_CATALOG.tsv:269;handoff:source/phone/seller-phone-268-bildirimler-loading-state.png
269	source/phone/seller-phone-269-bildirimler-hata-state.png	NOTIFICATIONS	Bildirim servisi hata durumu	screen/state	seller://notifications	notifications	GET	/api/seller/v1/notifications	notification.read	notification.read	ORGANIZATION_STORE	seller_notifications,seller_notification_reads	PARTIAL	F13	F13	Kanonik 269 'Bildirim servisi hata durumu': GET /api/seller/v1/notifications; yalnız ORGANIZATION_STORE+notification.read; cross-tenant=RESOURCE_NOT_FOUND; retry çift yazmaz.	NONE	handoff:docs/SCREEN_CATALOG.tsv:270;handoff:source/phone/seller-phone-269-bildirimler-hata-state.png
270	source/phone/seller-phone-270-bildirimler-offline-state.png	NOTIFICATIONS	Bildirim merkezi çevrimdışı durumu	screen/state	seller://notifications	notifications	GET	/api/seller/v1/notifications	notification.read	notification.read	ORGANIZATION_STORE	seller_notifications,seller_notification_reads	PARTIAL	F13	F13	Kanonik 270 'Bildirim merkezi çevrimdışı durumu': GET /api/seller/v1/notifications; yalnız ORGANIZATION_STORE+notification.read; cross-tenant=RESOURCE_NOT_FOUND; retry çift yazmaz.	NONE	handoff:docs/SCREEN_CATALOG.tsv:271;handoff:source/phone/seller-phone-270-bildirimler-offline-state.png
271	source/phone/seller-phone-271-musteri-mesajlari-listesi-screen.png	CUSTOMER_COMMUNICATION_SUPPORT	Müşteri mesajları listesi	screen/state	seller://support	communications_support	GET	/api/seller/v1/customer-conversations	customer_message.read	customer_message.read	ORGANIZATION_STORE	seller_order_conversations,seller_order_messages	PARTIAL	F13	F13	Kanonik 271 'Müşteri mesajları listesi': GET /api/seller/v1/customer-conversations; yalnız ORGANIZATION_STORE+customer_message.read; cross-tenant=RESOURCE_NOT_FOUND; retry çift yazmaz.	NONE	handoff:docs/SCREEN_CATALOG.tsv:272;handoff:source/phone/seller-phone-271-musteri-mesajlari-listesi-screen.png
272	source/phone/seller-phone-272-siparis-baglamli-mesaj-konusmasi-screen.png	CUSTOMER_COMMUNICATION_SUPPORT	Sipariş bağlamlı müşteri konuşması	screen/state	seller://support	communications_support	POST	/api/seller/v1/orders/{sellerOrderId}/messages	customer_message.send	customer_message.send	ORGANIZATION_STORE_ORDER	seller_order_conversations,seller_order_messages	BLOCKED	F4	F13	Kanonik 272 'Sipariş bağlamlı müşteri konuşması': POST /api/seller/v1/orders/{sellerOrderId}/messages; yalnız ORGANIZATION_STORE_ORDER+customer_message.send; cross-tenant=RESOURCE_NOT_FOUND; retry çift yazmaz.	NONE	handoff:docs/SCREEN_CATALOG.tsv:273;handoff:source/phone/seller-phone-272-siparis-baglamli-mesaj-konusmasi-screen.png
273	source/phone/seller-phone-273-novabot-satici-destek-screen.png	CUSTOMER_COMMUNICATION_SUPPORT	NovaBot satıcı destek ekranı	screen/state	seller://support	communications_support	POST	/api/seller/v1/support/messages	support.message	support.message	ORGANIZATION_STORE	seller_support_conversations,seller_support_messages	BLOCKED	F13	F13	Kanonik 273 'NovaBot satıcı destek ekranı': POST /api/seller/v1/support/messages; yalnız ORGANIZATION_STORE+support.message; cross-tenant=RESOURCE_NOT_FOUND; retry çift yazmaz.	NONE	handoff:docs/SCREEN_CATALOG.tsv:274;handoff:source/phone/seller-phone-273-novabot-satici-destek-screen.png
274	source/phone/seller-phone-274-canli-destege-baglanma-kuyruk-screen.png	CUSTOMER_COMMUNICATION_SUPPORT	Canlı desteğe aktarım ve kuyruk	screen/state	seller://support	communications_support	POST	/api/seller/v1/support/messages	support.message	support.message	ORGANIZATION_STORE	seller_support_conversations,seller_support_messages	BLOCKED	F13	F13	Kanonik 274 'Canlı desteğe aktarım ve kuyruk': POST /api/seller/v1/support/messages; yalnız ORGANIZATION_STORE+support.message; cross-tenant=RESOURCE_NOT_FOUND; retry çift yazmaz.	NONE	handoff:docs/SCREEN_CATALOG.tsv:275;handoff:source/phone/seller-phone-274-canli-destege-baglanma-kuyruk-screen.png
275	source/phone/seller-phone-275-canli-temsilci-konusmasi-screen.png	CUSTOMER_COMMUNICATION_SUPPORT	Canlı destek temsilcisiyle konuşma	screen/state	seller://support	communications_support	POST	/api/seller/v1/support/messages	support.message	support.message	ORGANIZATION_STORE	seller_support_conversations,seller_support_messages	BLOCKED	F13	F13	Kanonik 275 'Canlı destek temsilcisiyle konuşma': POST /api/seller/v1/support/messages; yalnız ORGANIZATION_STORE+support.message; cross-tenant=RESOURCE_NOT_FOUND; retry çift yazmaz.	NONE	handoff:docs/SCREEN_CATALOG.tsv:276;handoff:source/phone/seller-phone-275-canli-temsilci-konusmasi-screen.png
276	source/phone/seller-phone-276-gecmis-destek-gorusmeleri-screen.png	CUSTOMER_COMMUNICATION_SUPPORT	Geçmiş destek görüşmeleri	screen/state	seller://support	communications_support	GET	/api/seller/v1/support/conversations	support.read	support.read	ORGANIZATION_STORE	seller_support_conversations,seller_support_messages	PARTIAL	F13	F13	Kanonik 276 'Geçmiş destek görüşmeleri': GET /api/seller/v1/support/conversations; yalnız ORGANIZATION_STORE+support.read; cross-tenant=RESOURCE_NOT_FOUND; retry çift yazmaz.	NONE	handoff:docs/SCREEN_CATALOG.tsv:277;handoff:source/phone/seller-phone-276-gecmis-destek-gorusmeleri-screen.png
277	source/phone/seller-phone-277-gecmis-gorusme-detayi-screen.png	CUSTOMER_COMMUNICATION_SUPPORT	Kapalı geçmiş görüşme detayı	screen/state	seller://support	communications_support	GET	/api/seller/v1/support/conversations	support.read	support.read	ORGANIZATION_STORE	seller_support_conversations,seller_support_messages	PARTIAL	F13	F13	Kanonik 277 'Kapalı geçmiş görüşme detayı': GET /api/seller/v1/support/conversations; yalnız ORGANIZATION_STORE+support.read; cross-tenant=RESOURCE_NOT_FOUND; retry çift yazmaz.	NONE	handoff:docs/SCREEN_CATALOG.tsv:278;handoff:source/phone/seller-phone-277-gecmis-gorusme-detayi-screen.png
278	source/phone/seller-phone-278-destek-gorusmesi-puanlama-sheet.png	CUSTOMER_COMMUNICATION_SUPPORT	Destek görüşmesini puanlama	screen/state	seller://support	communications_support	POST	/api/seller/v1/support/conversations/{conversationId}/rating	support.rate	support.rate	ORGANIZATION_STORE	seller_support_ratings	BLOCKED	F13	F13	Kanonik 278 'Destek görüşmesini puanlama': POST /api/seller/v1/support/conversations/{conversationId}/rating; yalnız ORGANIZATION_STORE+support.rate; cross-tenant=RESOURCE_NOT_FOUND; retry çift yazmaz.	NONE	handoff:docs/SCREEN_CATALOG.tsv:279;handoff:source/phone/seller-phone-278-destek-gorusmesi-puanlama-sheet.png
279	source/phone/seller-phone-279-destek-yukleniyor-state.png	CUSTOMER_COMMUNICATION_SUPPORT	Destek kayıtları yükleniyor	screen/state	seller://support	communications_support	GET	/api/seller/v1/support/conversations	support.read	support.read	ORGANIZATION_STORE	seller_support_conversations,seller_support_messages	PARTIAL	F13	F13	Kanonik 279 'Destek kayıtları yükleniyor': GET /api/seller/v1/support/conversations; yalnız ORGANIZATION_STORE+support.read; cross-tenant=RESOURCE_NOT_FOUND; retry çift yazmaz.	NONE	handoff:docs/SCREEN_CATALOG.tsv:280;handoff:source/phone/seller-phone-279-destek-yukleniyor-state.png
280	source/phone/seller-phone-280-destek-hata-state.png	CUSTOMER_COMMUNICATION_SUPPORT	Destek servisi hata durumu	screen/state	seller://support	communications_support	GET	/api/seller/v1/support/conversations	support.read	support.read	ORGANIZATION_STORE	seller_support_conversations,seller_support_messages	PARTIAL	F13	F13	Kanonik 280 'Destek servisi hata durumu': GET /api/seller/v1/support/conversations; yalnız ORGANIZATION_STORE+support.read; cross-tenant=RESOURCE_NOT_FOUND; retry çift yazmaz.	NONE	handoff:docs/SCREEN_CATALOG.tsv:281;handoff:source/phone/seller-phone-280-destek-hata-state.png
281	source/phone/seller-phone-281-destek-offline-state.png	CUSTOMER_COMMUNICATION_SUPPORT	Destek çevrimdışı durumu	screen/state	seller://support	communications_support	GET	/api/seller/v1/support/conversations	support.read	support.read	ORGANIZATION_STORE	seller_support_conversations,seller_support_messages	PARTIAL	F13	F13	Kanonik 281 'Destek çevrimdışı durumu': GET /api/seller/v1/support/conversations; yalnız ORGANIZATION_STORE+support.read; cross-tenant=RESOURCE_NOT_FOUND; retry çift yazmaz.	NONE	handoff:docs/SCREEN_CATALOG.tsv:282;handoff:source/phone/seller-phone-281-destek-offline-state.png
282	source/phone/seller-phone-282-ekip-uyeleri-listesi.png	TEAM_RBAC	Mağaza ekip üyeleri listesi	screen/state	seller://team	team_membership	GET	/api/seller/v1/team/members	team.read	team.read	ORGANIZATION	seller_memberships,seller_invitations,seller_roles	PARTIAL	F1	F14	Kanonik 282 'Mağaza ekip üyeleri listesi': GET /api/seller/v1/team/members; yalnız ORGANIZATION+team.read; cross-tenant=RESOURCE_NOT_FOUND; retry çift yazmaz.	NONE	handoff:docs/SCREEN_CATALOG.tsv:283;handoff:source/phone/seller-phone-282-ekip-uyeleri-listesi.png
283	source/phone/seller-phone-283-ekip-uyesi-davet-et.png	TEAM_RBAC	Ekip üyesi davet etme	screen/state	seller://team	team_membership	POST	/api/seller/v1/team/invitations	team.invite	team.invite	ORGANIZATION	seller_invitations,seller_roles	BLOCKED	F1	F14	Kanonik 283 'Ekip üyesi davet etme': POST /api/seller/v1/team/invitations; yalnız ORGANIZATION+team.invite; cross-tenant=RESOURCE_NOT_FOUND; retry çift yazmaz.	NONE	handoff:docs/SCREEN_CATALOG.tsv:284;handoff:source/phone/seller-phone-283-ekip-uyesi-davet-et.png
284	source/phone/seller-phone-284-rol-secimi.png	TEAM_RBAC	Rol seçimi	screen/state	seller://team	team_membership	GET	/api/seller/v1/team/roles	team.roles.read	team.read	ORGANIZATION	seller_roles,seller_role_permissions	BLOCKED	F1	F14	Kanonik 284 'Rol seçimi': GET /api/seller/v1/team/roles; yalnız ORGANIZATION+team.read; cross-tenant=RESOURCE_NOT_FOUND; retry çift yazmaz.	NONE	handoff:docs/SCREEN_CATALOG.tsv:285;handoff:source/phone/seller-phone-284-rol-secimi.png
285	source/phone/seller-phone-285-yetki-matrisi.png	TEAM_RBAC	Rol yetki matrisi	screen/state	seller://team	team_membership	GET	/api/seller/v1/team/roles	team.roles.read	team.read	ORGANIZATION	seller_roles,seller_role_permissions	BLOCKED	F1	F14	Kanonik 285 'Rol yetki matrisi': GET /api/seller/v1/team/roles; yalnız ORGANIZATION+team.read; cross-tenant=RESOURCE_NOT_FOUND; retry çift yazmaz. Gap owner kararı olmadan PASS değildir.	BLOCKED — DG-002 OWNER_TRANSFER_AND_FOUR_EYES_FLOW	handoff:docs/SCREEN_CATALOG.tsv:286;handoff:source/phone/seller-phone-285-yetki-matrisi.png
286	source/phone/seller-phone-286-ekip-uyesi-detayi.png	TEAM_RBAC	Ekip üyesi detayı	screen/state	seller://team	team_membership	GET	/api/seller/v1/team/members	team.read	team.read	ORGANIZATION	seller_memberships,seller_invitations,seller_roles	PARTIAL	F1	F14	Kanonik 286 'Ekip üyesi detayı': GET /api/seller/v1/team/members; yalnız ORGANIZATION+team.read; cross-tenant=RESOURCE_NOT_FOUND; retry çift yazmaz.	NONE	handoff:docs/SCREEN_CATALOG.tsv:287;handoff:source/phone/seller-phone-286-ekip-uyesi-detayi.png
287	source/phone/seller-phone-287-yetki-duzenleme.png	TEAM_RBAC	Ekip üyesi yetki düzenleme	screen/state	seller://team	team_membership	PATCH	/api/seller/v1/team/members/{membershipId}	team.member.update	team.manage	ORGANIZATION	seller_memberships,seller_roles,seller_role_permissions	BLOCKED	F1	F14	Kanonik 287 'Ekip üyesi yetki düzenleme': PATCH /api/seller/v1/team/members/{membershipId}; yalnız ORGANIZATION+team.manage; cross-tenant=RESOURCE_NOT_FOUND; retry çift yazmaz. Gap owner kararı olmadan PASS değildir.	BLOCKED — DG-002 OWNER_TRANSFER_AND_FOUR_EYES_FLOW	handoff:docs/SCREEN_CATALOG.tsv:288;handoff:source/phone/seller-phone-287-yetki-duzenleme.png
288	source/phone/seller-phone-288-davet-bekliyor.png	TEAM_RBAC	Davet bekliyor	screen/state	seller://team	team_membership	GET	/api/seller/v1/team/members	team.read	team.read	ORGANIZATION	seller_memberships,seller_invitations,seller_roles	PARTIAL	F1	F14	Kanonik 288 'Davet bekliyor': GET /api/seller/v1/team/members; yalnız ORGANIZATION+team.read; cross-tenant=RESOURCE_NOT_FOUND; retry çift yazmaz.	NONE	handoff:docs/SCREEN_CATALOG.tsv:289;handoff:source/phone/seller-phone-288-davet-bekliyor.png
289	source/phone/seller-phone-289-davet-kabul-edildi.png	TEAM_RBAC	Davet kabul edildi	screen/state	seller://team	team_membership	GET	/api/seller/v1/team/members	team.read	team.read	ORGANIZATION	seller_memberships,seller_invitations,seller_roles	PARTIAL	F1	F14	Kanonik 289 'Davet kabul edildi': GET /api/seller/v1/team/members; yalnız ORGANIZATION+team.read; cross-tenant=RESOURCE_NOT_FOUND; retry çift yazmaz.	NONE	handoff:docs/SCREEN_CATALOG.tsv:290;handoff:source/phone/seller-phone-289-davet-kabul-edildi.png
290	source/phone/seller-phone-290-ekip-uyesi-kaldirma-onay-sheet.png	TEAM_RBAC	Ekip üyesini kaldırma güvenli onayı	screen/state	seller://team	team_membership	DELETE	/api/seller/v1/team/members/{membershipId}	team.member.remove	team.remove	ORGANIZATION	seller_memberships,seller_sessions,seller_audit_events	BLOCKED	F1	F14	Kanonik 290 'Ekip üyesini kaldırma güvenli onayı': DELETE /api/seller/v1/team/members/{membershipId}; yalnız ORGANIZATION+team.remove; cross-tenant=RESOURCE_NOT_FOUND; retry çift yazmaz. Gap owner kararı olmadan PASS değildir.	BLOCKED — DG-002 OWNER_TRANSFER_AND_FOUR_EYES_FLOW	handoff:docs/SCREEN_CATALOG.tsv:291;handoff:source/phone/seller-phone-290-ekip-uyesi-kaldirma-onay-sheet.png
291	source/phone/seller-phone-291-yetki-yetersiz-salt-okunur-state.png	TEAM_RBAC	Yetki yetersizliği / salt okunur durum	screen/state	seller://team	team_membership	NONE	N/A-BACKEND	ui.permission_denied	AUTHENTICATED_SELF	ORGANIZATION	CLIENT_PERMISSION_STATE	AVAILABLE	F1	F14	Kanonik 291 'Yetki yetersizliği / salt okunur durum': ağ isteği yok; state deterministik; geri/iptal handoff akışına döner.	NONE	handoff:docs/SCREEN_CATALOG.tsv:292;handoff:source/phone/seller-phone-291-yetki-yetersiz-salt-okunur-state.png
292	source/phone/seller-phone-292-hesap-guvenlik-merkezi.png	ACCOUNT_SECURITY	Hesap ve güvenlik merkezi	screen/state	seller://settings/security	settings_security	GET	/api/seller/v1/security/sessions	security.read	AUTHENTICATED_SELF	AUTHENTICATED_SELF	seller_sessions,seller_memberships	PARTIAL	F2	F14	Kanonik 292 'Hesap ve güvenlik merkezi': GET /api/seller/v1/security/sessions; yalnız AUTHENTICATED_SELF+AUTHENTICATED_SELF; cross-tenant=RESOURCE_NOT_FOUND; retry çift yazmaz.	NONE	handoff:docs/SCREEN_CATALOG.tsv:293;handoff:source/phone/seller-phone-292-hesap-guvenlik-merkezi.png
293	source/phone/seller-phone-293-profil-eposta-telefon-duzenleme.png	ACCOUNT_SECURITY	Profil, e-posta ve telefon düzenleme	screen/state	seller://settings/security	settings_security	POST	/api/seller/v1/security/commands	security.command	AUTHENTICATED_SELF	AUTHENTICATED_SELF	seller_sessions,seller_security_challenges,seller_recovery_codes	BLOCKED	F2	F14	Kanonik 293 'Profil, e-posta ve telefon düzenleme': POST /api/seller/v1/security/commands; yalnız AUTHENTICATED_SELF+AUTHENTICATED_SELF; cross-tenant=RESOURCE_NOT_FOUND; retry çift yazmaz.	NONE	handoff:docs/SCREEN_CATALOG.tsv:294;handoff:source/phone/seller-phone-293-profil-eposta-telefon-duzenleme.png
294	source/phone/seller-phone-294-parola-2fa-qr-kurtarma-kodlari.png	ACCOUNT_SECURITY	Parola, 2FA, QR ve kurtarma kodları	screen/state	seller://settings/security	settings_security	POST	/api/seller/v1/security/commands	security.command	AUTHENTICATED_SELF	AUTHENTICATED_SELF	seller_sessions,seller_security_challenges,seller_recovery_codes	BLOCKED	F2	F14	Kanonik 294 'Parola, 2FA, QR ve kurtarma kodları': POST /api/seller/v1/security/commands; yalnız AUTHENTICATED_SELF+AUTHENTICATED_SELF; cross-tenant=RESOURCE_NOT_FOUND; retry çift yazmaz.	NONE	handoff:docs/SCREEN_CATALOG.tsv:295;handoff:source/phone/seller-phone-294-parola-2fa-qr-kurtarma-kodlari.png
295	source/phone/seller-phone-295-aktif-cihazlar-oturum-kapatma.png	ACCOUNT_SECURITY	Aktif cihazlar ve güvenli oturum kapatma	screen/state	seller://settings/security	settings_security	POST	/api/seller/v1/security/commands	security.command	AUTHENTICATED_SELF	AUTHENTICATED_SELF	seller_sessions,seller_security_challenges,seller_recovery_codes	BLOCKED	F2	F14	Kanonik 295 'Aktif cihazlar ve güvenli oturum kapatma': POST /api/seller/v1/security/commands; yalnız AUTHENTICATED_SELF+AUTHENTICATED_SELF; cross-tenant=RESOURCE_NOT_FOUND; retry çift yazmaz.	NONE	handoff:docs/SCREEN_CATALOG.tsv:296;handoff:source/phone/seller-phone-295-aktif-cihazlar-oturum-kapatma.png
296	source/phone/seller-phone-296-gizlilik-yasal-sozlesme-yardim.png	ACCOUNT_SECURITY	Gizlilik, yasal, sözleşme ve yardım	screen/state	seller://settings/security	settings_security	NONE	N/A-BACKEND	ui.static_legal_help	AUTHENTICATED_SELF	AUTHENTICATED_SELF	N/A-STATIC_VERSIONED_CONTENT	AVAILABLE	F2	F14	Kanonik 296 'Gizlilik, yasal, sözleşme ve yardım': versioned bundled içerik yerel açılır; session/device/konum API isteği göndermez; salt-okunur ekran onay veya tercih değişikliği sayılmaz.	NONE	handoff:docs/SCREEN_CATALOG.tsv:297;handoff:source/phone/seller-phone-296-gizlilik-yasal-sozlesme-yardim.png
