reference_number	original_file	canonical_flow	canonical_screen	canonical_state	source_reference_type	canonical_category	unique_variant_classification	android_route	android_component	api_or_local_state_dependency	user_action_required_to_reach	launch_inclusion_exclusion	runtime_test_id	screenshot_evidence_path	overlay_diff_evidence_path	result
001	source/phone/seller-phone-001-giris-default-screen.png	SELLER_LOGIN	Satıcı girişi — varsayılan	screen	screen	A	UNIQUE_STATE	seller://auth/login	SellerApp.SellerLogin	POST /api/seller/v1/auth/login	Uygulama açılışı	INCLUDED_CANONICAL_LAUNCH	sellerCanonical001	artifacts/seller-wave4/visual/001-runtime.png	artifacts/seller-wave4/visual/001-overlay.png	IMPLEMENTED_VISUALLY_INCOMPLETE
002	source/phone/seller-phone-002-giris-form-hatasi-state.png	SELLER_LOGIN	Satıcı girişi — form doğrulama hatası	state	state	E	UNIQUE_STATE	seller://auth/login	SellerApp.SellerLogin	POST /api/seller/v1/auth/login	001 hatalı gönderim	INCLUDED_CANONICAL_LAUNCH	sellerCanonical002	artifacts/seller-wave4/visual/002-runtime.png	artifacts/seller-wave4/visual/002-overlay.png	IMPLEMENTED_VISUALLY_INCOMPLETE
003	source/phone/seller-phone-003-giris-loading-state.png	SELLER_LOGIN	Satıcı girişi — yükleniyor	state	state	E	UNIQUE_STATE	seller://auth/login	SellerApp.SellerLogin	POST /api/seller/v1/auth/login	001 Giriş Yap	INCLUDED_CANONICAL_LAUNCH	sellerCanonical003	artifacts/seller-wave4/visual/003-runtime.png	artifacts/seller-wave4/visual/003-overlay.png	IMPLEMENTED_VISUALLY_INCOMPLETE
004	source/phone/seller-phone-004-giris-baglanti-hatasi-state.png	SELLER_LOGIN	Satıcı girişi — bağlantı hatası	state	state	E	UNIQUE_STATE	seller://auth/login	SellerApp.SellerLogin	POST /api/seller/v1/auth/login	001 ağ hatası	INCLUDED_CANONICAL_LAUNCH	sellerCanonical004	artifacts/seller-wave4/visual/004-runtime.png	artifacts/seller-wave4/visual/004-overlay.png	IMPLEMENTED_VISUALLY_INCOMPLETE
005	source/phone/seller-phone-005-sifremi-unuttum-screen.png	PASSWORD_RECOVERY	Şifremi unuttum	screen	screen	G	UNIQUE_STATE	seller://auth/password-recovery	MISSING:SellerPasswordRecoveryScreen	LOCAL_CAPABILITY_DISABLED:auth.password.request	001 Şifremi unuttum	EXCLUDED_FAIL_CLOSED	sellerCanonical005	artifacts/seller-wave4/visual/005-runtime.png	artifacts/seller-wave4/visual/005-overlay.png	MISSING_FAIL_CLOSED_SURFACE
006	source/phone/seller-phone-006-sifre-kodu-screen.png	PASSWORD_RECOVERY	Şifre sıfırlama kodu	screen	screen	G	UNIQUE_STATE	seller://auth/password-recovery	MISSING:SellerPasswordRecoveryScreen	LOCAL_CAPABILITY_DISABLED:auth.password.verify	005 kod gönderimi	EXCLUDED_FAIL_CLOSED	sellerCanonical006	artifacts/seller-wave4/visual/006-runtime.png	artifacts/seller-wave4/visual/006-overlay.png	MISSING_FAIL_CLOSED_SURFACE
007	source/phone/seller-phone-007-sifre-kodu-hatali-state.png	PASSWORD_RECOVERY	Şifre kodu hatalı	state	state	G	UNIQUE_STATE	seller://auth/password-recovery	MISSING:SellerPasswordRecoveryScreen	LOCAL_CAPABILITY_DISABLED:auth.password.verify	006 hatalı OTP	EXCLUDED_FAIL_CLOSED	sellerCanonical007	artifacts/seller-wave4/visual/007-runtime.png	artifacts/seller-wave4/visual/007-overlay.png	MISSING_FAIL_CLOSED_SURFACE
008	source/phone/seller-phone-008-sifre-kodu-suresi-doldu-state.png	PASSWORD_RECOVERY	Şifre kodu süresi doldu	state	state	G	UNIQUE_STATE	seller://auth/password-recovery	MISSING:SellerPasswordRecoveryScreen	LOCAL_CAPABILITY_DISABLED:auth.password.verify	006 sayaç bitti	EXCLUDED_FAIL_CLOSED	sellerCanonical008	artifacts/seller-wave4/visual/008-runtime.png	artifacts/seller-wave4/visual/008-overlay.png	MISSING_FAIL_CLOSED_SURFACE
009	source/phone/seller-phone-009-sifre-kodu-yeniden-gonderildi-state.png	PASSWORD_RECOVERY	Şifre kodu yeniden gönderildi	state	state	G	UNIQUE_STATE	seller://auth/password-recovery	MISSING:SellerPasswordRecoveryScreen	LOCAL_CAPABILITY_DISABLED:auth.password.verify	008 yeniden gönder	EXCLUDED_FAIL_CLOSED	sellerCanonical009	artifacts/seller-wave4/visual/009-runtime.png	artifacts/seller-wave4/visual/009-overlay.png	MISSING_FAIL_CLOSED_SURFACE
010	source/phone/seller-phone-010-yeni-sifre-screen.png	PASSWORD_RECOVERY	Yeni şifre oluştur	screen	screen	G	UNIQUE_STATE	seller://auth/password-recovery	MISSING:SellerPasswordRecoveryScreen	LOCAL_CAPABILITY_DISABLED:auth.password.reset	006 geçerli OTP	EXCLUDED_FAIL_CLOSED	sellerCanonical010	artifacts/seller-wave4/visual/010-runtime.png	artifacts/seller-wave4/visual/010-overlay.png	MISSING_FAIL_CLOSED_SURFACE
011	source/phone/seller-phone-011-sifre-degistirildi-state.png	PASSWORD_RECOVERY	Şifre değiştirildi	state	state	G	UNIQUE_STATE	seller://auth/password-recovery	MISSING:SellerPasswordRecoveryScreen	LOCAL_CAPABILITY_DISABLED:auth.password.reset	010 başarılı kayıt	EXCLUDED_FAIL_CLOSED	sellerCanonical011	artifacts/seller-wave4/visual/011-runtime.png	artifacts/seller-wave4/visual/011-overlay.png	MISSING_FAIL_CLOSED_SURFACE
012	source/phone/seller-phone-012-satici-hesabi-olustur-screen.png	SELLER_ACCOUNT_VERIFICATION	Yeni satıcı hesabı oluştur	screen	screen	G	UNIQUE_STATE	seller://auth/registration	MISSING:SellerSellerAccountVerificationScreen	LOCAL_CAPABILITY_DISABLED:application.create	001 Başvuru Yap	EXCLUDED_FAIL_CLOSED	sellerCanonical012	artifacts/seller-wave4/visual/012-runtime.png	artifacts/seller-wave4/visual/012-overlay.png	MISSING_FAIL_CLOSED_SURFACE
013	source/phone/seller-phone-013-satici-turu-sec-screen.png	SELLER_ACCOUNT_VERIFICATION	Bireysel/şirket satıcısı seçimi	screen	screen	G	UNIQUE_STATE	seller://auth/registration	MISSING:SellerSellerAccountVerificationScreen	LOCAL_CAPABILITY_DISABLED:application.create	012 Devam Et	EXCLUDED_FAIL_CLOSED	sellerCanonical013	artifacts/seller-wave4/visual/013-runtime.png	artifacts/seller-wave4/visual/013-overlay.png	MISSING_FAIL_CLOSED_SURFACE
014	source/phone/seller-phone-014-eposta-dogrulama-screen.png	SELLER_ACCOUNT_VERIFICATION	E-posta doğrulama	screen	screen	G	UNIQUE_STATE	seller://auth/registration	MISSING:SellerSellerAccountVerificationScreen	LOCAL_CAPABILITY_DISABLED:application.verify	013 hesap türü	EXCLUDED_FAIL_CLOSED	sellerCanonical014	artifacts/seller-wave4/visual/014-runtime.png	artifacts/seller-wave4/visual/014-overlay.png	MISSING_FAIL_CLOSED_SURFACE
015	source/phone/seller-phone-015-telefon-dogrulama-screen.png	SELLER_ACCOUNT_VERIFICATION	Telefon doğrulama	screen	screen	G	UNIQUE_STATE	seller://auth/registration	MISSING:SellerSellerAccountVerificationScreen	LOCAL_CAPABILITY_DISABLED:application.verify	014 başarılı	EXCLUDED_FAIL_CLOSED	sellerCanonical015	artifacts/seller-wave4/visual/015-runtime.png	artifacts/seller-wave4/visual/015-overlay.png	MISSING_FAIL_CLOSED_SURFACE
016	source/phone/seller-phone-016-dogrulama-kodu-hatali-state.png	SELLER_ACCOUNT_VERIFICATION	Hesap doğrulama kodu hatalı	state	state	G	UNIQUE_STATE	seller://auth/registration	MISSING:SellerSellerAccountVerificationScreen	LOCAL_CAPABILITY_DISABLED:application.verify	014/015 hatalı OTP	EXCLUDED_FAIL_CLOSED	sellerCanonical016	artifacts/seller-wave4/visual/016-runtime.png	artifacts/seller-wave4/visual/016-overlay.png	MISSING_FAIL_CLOSED_SURFACE
017	source/phone/seller-phone-017-dogrulama-kodu-suresi-doldu-state.png	SELLER_ACCOUNT_VERIFICATION	Hesap doğrulama kodu süresi doldu	state	state	G	UNIQUE_STATE	seller://auth/registration	MISSING:SellerSellerAccountVerificationScreen	LOCAL_CAPABILITY_DISABLED:application.verify	014/015 sayaç bitti	EXCLUDED_FAIL_CLOSED	sellerCanonical017	artifacts/seller-wave4/visual/017-runtime.png	artifacts/seller-wave4/visual/017-overlay.png	MISSING_FAIL_CLOSED_SURFACE
018	source/phone/seller-phone-018-dogrulama-kodu-yeniden-gonderildi-state.png	SELLER_ACCOUNT_VERIFICATION	Hesap doğrulama kodu yeniden gönderildi	state	state	G	UNIQUE_STATE	seller://auth/registration	MISSING:SellerSellerAccountVerificationScreen	LOCAL_CAPABILITY_DISABLED:application.verify	017 yeniden gönder	EXCLUDED_FAIL_CLOSED	sellerCanonical018	artifacts/seller-wave4/visual/018-runtime.png	artifacts/seller-wave4/visual/018-overlay.png	MISSING_FAIL_CLOSED_SURFACE
019	source/phone/seller-phone-019-iki-adimli-giris-screen.png	SESSION_MFA	İki adımlı doğrulamayla giriş	screen	screen	G	UNIQUE_STATE	seller://auth/security-challenge	MISSING:SellerSessionMfaScreen	LOCAL_CAPABILITY_DISABLED:auth.challenge.verify	001 güvenlik kapısı	EXCLUDED_FAIL_CLOSED	sellerCanonical019	artifacts/seller-wave4/visual/019-runtime.png	artifacts/seller-wave4/visual/019-overlay.png	MISSING_FAIL_CLOSED_SURFACE
020	source/phone/seller-phone-020-cihaz-oturum-dogrulama-screen.png	SESSION_MFA	Yeni cihaz/oturum doğrulama	screen	screen	G	UNIQUE_STATE	seller://auth/security-challenge	MISSING:SellerSessionMfaScreen	LOCAL_CAPABILITY_DISABLED:auth.challenge.verify	Yeni cihaz girişi	EXCLUDED_FAIL_CLOSED	sellerCanonical020	artifacts/seller-wave4/visual/020-runtime.png	artifacts/seller-wave4/visual/020-overlay.png	MISSING_FAIL_CLOSED_SURFACE
021	source/phone/seller-phone-021-oturum-suresi-doldu-modal.png	SESSION_MFA	Oturum süresi doldu	modal	modal	C	UNIQUE_STATE	seller://auth/security	SellerApp.SellerSessionExpiredDialog	LOCAL_STATE:session.expired	Korumalı işlem	INCLUDED_CANONICAL_LAUNCH	sellerCanonical021	artifacts/seller-wave4/visual/021-runtime.png	artifacts/seller-wave4/visual/021-overlay.png	IMPLEMENTED_VISUALLY_INCOMPLETE
022	source/phone/seller-phone-022-cikis-onayi-sheet.png	SESSION_MFA	Çıkış yapma onayı	sheet	sheet	C	UNIQUE_STATE	seller://auth/security	SellerApp.SellerLogoutSheet	POST /api/seller/v1/auth/logout	Mağazam/Ayarlar	INCLUDED_CANONICAL_LAUNCH	sellerCanonical022	artifacts/seller-wave4/visual/022-runtime.png	artifacts/seller-wave4/visual/022-overlay.png	IMPLEMENTED_VISUALLY_INCOMPLETE
023	source/phone/seller-phone-023-basvuru-inceleniyor-state.png	APPLICATION_STATUS	Satıcı başvurusu inceleniyor	state	state	G	UNIQUE_STATE	seller://onboarding/status	MISSING:SellerApplicationStatusScreen	LOCAL_CAPABILITY_DISABLED:application.read	Başvuru gönderildi	EXCLUDED_FAIL_CLOSED	sellerCanonical023	artifacts/seller-wave4/visual/023-runtime.png	artifacts/seller-wave4/visual/023-overlay.png	MISSING_FAIL_CLOSED_SURFACE
024	source/phone/seller-phone-024-basvuru-onaylandi-state.png	APPLICATION_STATUS	Satıcı başvurusu onaylandı	state	state	G	UNIQUE_STATE	seller://onboarding/status	MISSING:SellerApplicationStatusScreen	LOCAL_CAPABILITY_DISABLED:application.read	İnceleme sonucu	EXCLUDED_FAIL_CLOSED	sellerCanonical024	artifacts/seller-wave4/visual/024-runtime.png	artifacts/seller-wave4/visual/024-overlay.png	MISSING_FAIL_CLOSED_SURFACE
025	source/phone/seller-phone-025-basvuru-duzeltme-gerekli-state.png	APPLICATION_STATUS	Başvuru reddedildi/düzeltme gerekli	state	state	G	UNIQUE_STATE	seller://onboarding/status	MISSING:SellerApplicationStatusScreen	LOCAL_CAPABILITY_DISABLED:application.read	İnceleme sonucu	EXCLUDED_FAIL_CLOSED	sellerCanonical025	artifacts/seller-wave4/visual/025-runtime.png	artifacts/seller-wave4/visual/025-overlay.png	MISSING_FAIL_CLOSED_SURFACE
026	source/phone/seller-phone-026-hesap-askiya-alindi-state.png	APPLICATION_STATUS	Satıcı hesabı askıya alındı	state	state	G	UNIQUE_STATE	seller://onboarding/status	MISSING:SellerApplicationStatusScreen	LOCAL_CAPABILITY_DISABLED:application.read	Giriş/güvenlik kontrolü	EXCLUDED_FAIL_CLOSED	sellerCanonical026	artifacts/seller-wave4/visual/026-runtime.png	artifacts/seller-wave4/visual/026-overlay.png	MISSING_FAIL_CLOSED_SURFACE
027	source/phone/seller-phone-027-kurulum-ozeti-screen.png	STORE_IDENTITY_SETUP	Onboarding ilerleme özeti	screen	screen	G	UNIQUE_STATE	seller://onboarding/store-identity	SellerScreens.SellerRepresentativeFamilyScreen	LOCAL_CAPABILITY_DISABLED:application.read	015 doğrulama veya devam eden taslak	EXCLUDED_FAIL_CLOSED	sellerCanonical027	artifacts/seller-wave4/visual/027-runtime.png	artifacts/seller-wave4/visual/027-overlay.png	IMPLEMENTED_VISUALLY_INCOMPLETE
028	source/phone/seller-phone-028-magaza-adi-kullanici-adi-screen.png	STORE_IDENTITY_SETUP	Mağaza adı ve kullanıcı adı	screen	screen	G	UNIQUE_STATE	seller://onboarding/store-identity	MISSING:SellerStoreIdentitySetupScreen	LOCAL_CAPABILITY_DISABLED:application.step.update	027 Mağaza Profili	EXCLUDED_FAIL_CLOSED	sellerCanonical028	artifacts/seller-wave4/visual/028-runtime.png	artifacts/seller-wave4/visual/028-overlay.png	MISSING_FAIL_CLOSED_SURFACE
029	source/phone/seller-phone-029-logo-kaynak-sec-sheet.png	STORE_IDENTITY_SETUP	Mağaza logosu kaynak seçimi	sheet	sheet	G	UNIQUE_STATE	seller://onboarding/store-identity	MISSING:SellerStoreIdentitySetupScreen	LOCAL_CAPABILITY_DISABLED:ui.local_state	028 Logo Ekle	EXCLUDED_FAIL_CLOSED	sellerCanonical029	artifacts/seller-wave4/visual/029-runtime.png	artifacts/seller-wave4/visual/029-overlay.png	MISSING_FAIL_CLOSED_SURFACE
030	source/phone/seller-phone-030-logo-kirp-screen.png	STORE_IDENTITY_SETUP	Mağaza logosu kırpma	screen	screen	G	UNIQUE_STATE	seller://onboarding/store-identity	MISSING:SellerStoreIdentitySetupScreen	LOCAL_CAPABILITY_DISABLED:ui.local_state	029 görsel seçildi	EXCLUDED_FAIL_CLOSED	sellerCanonical030	artifacts/seller-wave4/visual/030-runtime.png	artifacts/seller-wave4/visual/030-overlay.png	MISSING_FAIL_CLOSED_SURFACE
031	source/phone/seller-phone-031-kapak-gorseli-yukle-screen.png	STORE_IDENTITY_SETUP	Mağaza kapak görseli yükleme	screen	screen	G	UNIQUE_STATE	seller://onboarding/store-identity	MISSING:SellerStoreIdentitySetupScreen	LOCAL_CAPABILITY_DISABLED:application.step.update	028 Kapak Ekle	EXCLUDED_FAIL_CLOSED	sellerCanonical031	artifacts/seller-wave4/visual/031-runtime.png	artifacts/seller-wave4/visual/031-overlay.png	MISSING_FAIL_CLOSED_SURFACE
032	source/phone/seller-phone-032-isletme-turu-yasal-unvan-screen.png	LEGAL_TAX_SETUP	İşletme türü ve yasal unvan	screen	screen	G	UNIQUE_STATE	seller://onboarding/legal-tax	MISSING:SellerLegalTaxSetupScreen	LOCAL_CAPABILITY_DISABLED:application.step.update	027 İşletme ve Vergi	EXCLUDED_FAIL_CLOSED	sellerCanonical032	artifacts/seller-wave4/visual/032-runtime.png	artifacts/seller-wave4/visual/032-overlay.png	MISSING_FAIL_CLOSED_SURFACE
033	source/phone/seller-phone-033-vergi-bilgileri-screen.png	LEGAL_TAX_SETUP	Vergi bilgileri	screen	screen	G	UNIQUE_STATE	seller://onboarding/legal-tax	MISSING:SellerLegalTaxSetupScreen	LOCAL_CAPABILITY_DISABLED:application.step.update	032 Devam Et	EXCLUDED_FAIL_CLOSED	sellerCanonical033	artifacts/seller-wave4/visual/033-runtime.png	artifacts/seller-wave4/visual/033-overlay.png	MISSING_FAIL_CLOSED_SURFACE
034	source/phone/seller-phone-034-vergi-dogrulama-basarili-state.png	LEGAL_TAX_SETUP	Vergi doğrulama başarılı	state	state	G	UNIQUE_STATE	seller://onboarding/legal-tax	MISSING:SellerLegalTaxSetupScreen	LOCAL_CAPABILITY_DISABLED:application.step.update	033 doğrulama	EXCLUDED_FAIL_CLOSED	sellerCanonical034	artifacts/seller-wave4/visual/034-runtime.png	artifacts/seller-wave4/visual/034-overlay.png	MISSING_FAIL_CLOSED_SURFACE
035	source/phone/seller-phone-035-vergi-dogrulama-basarisiz-state.png	LEGAL_TAX_SETUP	Vergi doğrulama başarısız	state	state	G	UNIQUE_STATE	seller://onboarding/legal-tax	MISSING:SellerLegalTaxSetupScreen	LOCAL_CAPABILITY_DISABLED:application.step.update	033 doğrulama	EXCLUDED_FAIL_CLOSED	sellerCanonical035	artifacts/seller-wave4/visual/035-runtime.png	artifacts/seller-wave4/visual/035-overlay.png	MISSING_FAIL_CLOSED_SURFACE
036	source/phone/seller-phone-036-yetkili-kisi-screen.png	LEGAL_TAX_SETUP	Yetkili kişi bilgileri	screen	screen	G	UNIQUE_STATE	seller://onboarding/legal-tax	MISSING:SellerLegalTaxSetupScreen	LOCAL_CAPABILITY_DISABLED:application.step.update	034 Devam Et	EXCLUDED_FAIL_CLOSED	sellerCanonical036	artifacts/seller-wave4/visual/036-runtime.png	artifacts/seller-wave4/visual/036-overlay.png	MISSING_FAIL_CLOSED_SURFACE
037	source/phone/seller-phone-037-isletme-adresi-screen.png	SELLER_ADDRESSES	İşletme adresi	screen	screen	G	UNIQUE_STATE	seller://onboarding/addresses	MISSING:SellerSellerAddressesScreen	LOCAL_CAPABILITY_DISABLED:application.step.update	027 Adresler	EXCLUDED_FAIL_CLOSED	sellerCanonical037	artifacts/seller-wave4/visual/037-runtime.png	artifacts/seller-wave4/visual/037-overlay.png	MISSING_FAIL_CLOSED_SURFACE
038	source/phone/seller-phone-038-kargo-cikis-adresi-screen.png	SELLER_ADDRESSES	Kargo çıkış adresi	screen	screen	G	UNIQUE_STATE	seller://onboarding/addresses	MISSING:SellerSellerAddressesScreen	LOCAL_CAPABILITY_DISABLED:application.step.update	037 Devam Et	EXCLUDED_FAIL_CLOSED	sellerCanonical038	artifacts/seller-wave4/visual/038-runtime.png	artifacts/seller-wave4/visual/038-overlay.png	MISSING_FAIL_CLOSED_SURFACE
039	source/phone/seller-phone-039-iade-adresi-screen.png	SELLER_ADDRESSES	İade adresi	screen	screen	G	UNIQUE_STATE	seller://onboarding/addresses	MISSING:SellerSellerAddressesScreen	LOCAL_CAPABILITY_DISABLED:application.step.update	038 Devam Et	EXCLUDED_FAIL_CLOSED	sellerCanonical039	artifacts/seller-wave4/visual/039-runtime.png	artifacts/seller-wave4/visual/039-overlay.png	MISSING_FAIL_CLOSED_SURFACE
040	source/phone/seller-phone-040-banka-hesabi-ekle-screen.png	PAYOUT_ACCOUNT_ONBOARDING	Payout banka hesabı ekleme	screen	screen	G	UNIQUE_STATE	seller://onboarding/payout-account	MISSING:SellerPayoutAccountOnboardingScreen	LOCAL_CAPABILITY_DISABLED:application.step.update	027 Ödeme Hesabı	EXCLUDED_FAIL_CLOSED	sellerCanonical040	artifacts/seller-wave4/visual/040-runtime.png	artifacts/seller-wave4/visual/040-overlay.png	MISSING_FAIL_CLOSED_SURFACE
041	source/phone/seller-phone-041-banka-hesabi-maskeli-screen.png	PAYOUT_ACCOUNT_ONBOARDING	Banka hesabı maskeli özet	screen	screen	G	UNIQUE_STATE	seller://onboarding/payout-account	MISSING:SellerPayoutAccountOnboardingScreen	LOCAL_CAPABILITY_DISABLED:application.step.update	040 bilgiler girildi	EXCLUDED_FAIL_CLOSED	sellerCanonical041	artifacts/seller-wave4/visual/041-runtime.png	artifacts/seller-wave4/visual/041-overlay.png	MISSING_FAIL_CLOSED_SURFACE
042	source/phone/seller-phone-042-banka-dogrulama-bekliyor-state.png	PAYOUT_ACCOUNT_ONBOARDING	Banka doğrulama bekliyor	state	state	G	UNIQUE_STATE	seller://onboarding/payout-account	MISSING:SellerPayoutAccountOnboardingScreen	LOCAL_CAPABILITY_DISABLED:application.step.update	041 güvenlik doğrulaması	EXCLUDED_FAIL_CLOSED	sellerCanonical042	artifacts/seller-wave4/visual/042-runtime.png	artifacts/seller-wave4/visual/042-overlay.png	MISSING_FAIL_CLOSED_SURFACE
043	source/phone/seller-phone-043-banka-dogrulama-basarili-state.png	PAYOUT_ACCOUNT_ONBOARDING	Banka doğrulama başarılı	state	state	G	UNIQUE_STATE	seller://onboarding/payout-account	MISSING:SellerPayoutAccountOnboardingScreen	LOCAL_CAPABILITY_DISABLED:application.step.update	042 sonuç	EXCLUDED_FAIL_CLOSED	sellerCanonical043	artifacts/seller-wave4/visual/043-runtime.png	artifacts/seller-wave4/visual/043-overlay.png	MISSING_FAIL_CLOSED_SURFACE
044	source/phone/seller-phone-044-banka-dogrulama-basarisiz-state.png	PAYOUT_ACCOUNT_ONBOARDING	Banka doğrulama başarısız	state	state	G	UNIQUE_STATE	seller://onboarding/payout-account	MISSING:SellerPayoutAccountOnboardingScreen	LOCAL_CAPABILITY_DISABLED:application.step.update	042 sonuç	EXCLUDED_FAIL_CLOSED	sellerCanonical044	artifacts/seller-wave4/visual/044-runtime.png	artifacts/seller-wave4/visual/044-overlay.png	MISSING_FAIL_CLOSED_SURFACE
045	source/phone/seller-phone-045-belge-yukle-screen.png	DOCUMENTS_AGREEMENT_SUBMISSION	Kimlik/şirket belgesi yükleme	screen	screen	G	UNIQUE_STATE	seller://onboarding/documents	MISSING:SellerDocumentsAgreementSubmissionScreen	LOCAL_CAPABILITY_DISABLED:application.step.update	027 Belgeler ve Sözleşme	EXCLUDED_FAIL_CLOSED	sellerCanonical045	artifacts/seller-wave4/visual/045-runtime.png	artifacts/seller-wave4/visual/045-overlay.png	MISSING_FAIL_CLOSED_SURFACE
046	source/phone/seller-phone-046-belge-yukleme-ilerleme-state.png	DOCUMENTS_AGREEMENT_SUBMISSION	Belge yükleme ilerlemesi	state	state	G	UNIQUE_STATE	seller://onboarding/documents	MISSING:SellerDocumentsAgreementSubmissionScreen	LOCAL_CAPABILITY_DISABLED:application.step.update	045 dosya seçildi	EXCLUDED_FAIL_CLOSED	sellerCanonical046	artifacts/seller-wave4/visual/046-runtime.png	artifacts/seller-wave4/visual/046-overlay.png	MISSING_FAIL_CLOSED_SURFACE
047	source/phone/seller-phone-047-belge-reddedildi-state.png	DOCUMENTS_AGREEMENT_SUBMISSION	Belge reddedildi ve yeniden yükleme	state	state	G	UNIQUE_STATE	seller://onboarding/documents	MISSING:SellerDocumentsAgreementSubmissionScreen	LOCAL_CAPABILITY_DISABLED:application.step.update	Belge inceleme sonucu	EXCLUDED_FAIL_CLOSED	sellerCanonical047	artifacts/seller-wave4/visual/047-runtime.png	artifacts/seller-wave4/visual/047-overlay.png	MISSING_FAIL_CLOSED_SURFACE
048	source/phone/seller-phone-048-satici-sozlesmesi-screen.png	DOCUMENTS_AGREEMENT_SUBMISSION	Satıcı sözleşmesi ve koşullar	screen	screen	G	UNIQUE_STATE	seller://onboarding/documents	MISSING:SellerDocumentsAgreementSubmissionScreen	LOCAL_CAPABILITY_DISABLED:application.step.update	Belgeler tamamlandı	EXCLUDED_FAIL_CLOSED	sellerCanonical048	artifacts/seller-wave4/visual/048-runtime.png	artifacts/seller-wave4/visual/048-overlay.png	MISSING_FAIL_CLOSED_SURFACE
049	source/phone/seller-phone-049-kurulum-tamamlandi-state.png	DOCUMENTS_AGREEMENT_SUBMISSION	Kurulum tamamlandı/başvuru gönderildi	state	state	G	UNIQUE_STATE	seller://onboarding/documents	MISSING:SellerDocumentsAgreementSubmissionScreen	LOCAL_CAPABILITY_DISABLED:application.step.update	048 onay	EXCLUDED_FAIL_CLOSED	sellerCanonical049	artifacts/seller-wave4/visual/049-runtime.png	artifacts/seller-wave4/visual/049-overlay.png	MISSING_FAIL_CLOSED_SURFACE
050	source/phone/seller-phone-050-eksik-adim-uyarisi-modal.png	DOCUMENTS_AGREEMENT_SUBMISSION	Eksik onboarding adımı uyarısı	modal	modal	G	UNIQUE_STATE	seller://onboarding/documents	MISSING:SellerDocumentsAgreementSubmissionScreen	LOCAL_CAPABILITY_DISABLED:ui.local_state	Başvuruyu gönder	EXCLUDED_FAIL_CLOSED	sellerCanonical050	artifacts/seller-wave4/visual/050-runtime.png	artifacts/seller-wave4/visual/050-overlay.png	MISSING_FAIL_CLOSED_SURFACE
051	source/phone/seller-phone-051-onboarding-form-hatasi-state.png	ONBOARDING_RESILIENCE	Onboarding form doğrulama hatası	state	state	G	UNIQUE_STATE	seller://onboarding/resume	MISSING:SellerOnboardingResilienceScreen	LOCAL_CAPABILITY_DISABLED:ui.local_state	Herhangi bir form	EXCLUDED_FAIL_CLOSED	sellerCanonical051	artifacts/seller-wave4/visual/051-runtime.png	artifacts/seller-wave4/visual/051-overlay.png	MISSING_FAIL_CLOSED_SURFACE
052	source/phone/seller-phone-052-kaydedilmemis-degisiklik-modal.png	ONBOARDING_RESILIENCE	Kaydedilmemiş değişiklik uyarısı	modal	modal	G	UNIQUE_STATE	seller://onboarding/resume	MISSING:SellerOnboardingResilienceScreen	LOCAL_CAPABILITY_DISABLED:ui.local_state	Formdan geri	EXCLUDED_FAIL_CLOSED	sellerCanonical052	artifacts/seller-wave4/visual/052-runtime.png	artifacts/seller-wave4/visual/052-overlay.png	MISSING_FAIL_CLOSED_SURFACE
053	source/phone/seller-phone-053-kurulum-loading-resume-state.png	ONBOARDING_RESILIENCE	Kurulum yükleniyor/taslak sürdürülüyor	state	state	G	UNIQUE_STATE	seller://onboarding/resume	MISSING:SellerOnboardingResilienceScreen	LOCAL_CAPABILITY_DISABLED:application.read	027 açılış	EXCLUDED_FAIL_CLOSED	sellerCanonical053	artifacts/seller-wave4/visual/053-runtime.png	artifacts/seller-wave4/visual/053-overlay.png	MISSING_FAIL_CLOSED_SURFACE
054	source/phone/seller-phone-054-kurulum-offline-cached-state.png	ONBOARDING_RESILIENCE	Kurulum çevrimdışı/önbellekli	state	state	G	UNIQUE_STATE	seller://onboarding/resume	MISSING:SellerOnboardingResilienceScreen	LOCAL_CAPABILITY_DISABLED:application.read	Onboarding ağ kaybı	EXCLUDED_FAIL_CLOSED	sellerCanonical054	artifacts/seller-wave4/visual/054-runtime.png	artifacts/seller-wave4/visual/054-overlay.png	MISSING_FAIL_CLOSED_SURFACE
055	source/phone/seller-phone-055-dashboard-dolu-help-screen.png	DASHBOARD	dashboard dolu help screen	screen/state dosya adında	screen/state dosya adında	B	UNIQUE_STATE	seller://dashboard	SellerScreens.SellerRepresentativeFamilyScreen	GET /api/seller/v1/dashboard	Kaynak görsel ve tarihsel brief	INCLUDED_CANONICAL_LAUNCH	sellerCanonical055	artifacts/seller-wave4/visual/055-runtime.png	artifacts/seller-wave4/visual/055-overlay.png	IMPLEMENTED_VISUALLY_INCOMPLETE
056	source/phone/seller-phone-056-bugunku-satis-yardim-sheet.png	DASHBOARD	bugunku satis yardim sheet	screen/state dosya adında	screen/state dosya adında	C	UNIQUE_STATE	seller://dashboard	SellerApp.ContentPage	NONE N/A-BACKEND	Kaynak görsel ve tarihsel brief	INCLUDED_CANONICAL_LAUNCH	sellerCanonical056	artifacts/seller-wave4/visual/056-runtime.png	artifacts/seller-wave4/visual/056-overlay.png	IMPLEMENTED_API_INCOMPLETE
057	source/phone/seller-phone-057-dashboard-ilk-kullanim-screen.png	DASHBOARD	dashboard ilk kullanim screen	screen/state dosya adında	screen/state dosya adında	B	UNIQUE_STATE	seller://dashboard	SellerApp.ContentPage	GET /api/seller/v1/dashboard	Kaynak görsel ve tarihsel brief	INCLUDED_CANONICAL_LAUNCH	sellerCanonical057	artifacts/seller-wave4/visual/057-runtime.png	artifacts/seller-wave4/visual/057-overlay.png	IMPLEMENTED_API_INCOMPLETE
058	source/phone/seller-phone-058-dashboard-bu-ay-satis-screen.png	DASHBOARD	dashboard bu ay satis screen	screen/state dosya adında	screen/state dosya adında	B	UNIQUE_STATE	seller://dashboard	SellerApp.ContentPage	GET /api/seller/v1/dashboard	Kaynak görsel ve tarihsel brief	INCLUDED_CANONICAL_LAUNCH	sellerCanonical058	artifacts/seller-wave4/visual/058-runtime.png	artifacts/seller-wave4/visual/058-overlay.png	IMPLEMENTED_API_INCOMPLETE
059	source/phone/seller-phone-059-dashboard-bekleyen-siparisler-screen.png	DASHBOARD	dashboard bekleyen siparisler screen	screen/state dosya adında	screen/state dosya adında	B	UNIQUE_STATE	seller://dashboard	SellerApp.ContentPage	GET /api/seller/v1/dashboard	Kaynak görsel ve tarihsel brief	INCLUDED_CANONICAL_LAUNCH	sellerCanonical059	artifacts/seller-wave4/visual/059-runtime.png	artifacts/seller-wave4/visual/059-overlay.png	IMPLEMENTED_API_INCOMPLETE
060	source/phone/seller-phone-060-dashboard-kargoya-verilecek-screen.png	DASHBOARD	dashboard kargoya verilecek screen	screen/state dosya adında	screen/state dosya adında	B	UNIQUE_STATE	seller://dashboard	SellerApp.ContentPage	GET /api/seller/v1/dashboard	Kaynak görsel ve tarihsel brief	INCLUDED_CANONICAL_LAUNCH	sellerCanonical060	artifacts/seller-wave4/visual/060-runtime.png	artifacts/seller-wave4/visual/060-overlay.png	IMPLEMENTED_API_INCOMPLETE
061	source/phone/seller-phone-061-dashboard-dusuk-stok-screen.png	DASHBOARD	dashboard dusuk stok screen	screen/state dosya adında	screen/state dosya adında	B	UNIQUE_STATE	seller://dashboard	SellerApp.ContentPage	GET /api/seller/v1/dashboard	Kaynak görsel ve tarihsel brief	INCLUDED_CANONICAL_LAUNCH	sellerCanonical061	artifacts/seller-wave4/visual/061-runtime.png	artifacts/seller-wave4/visual/061-overlay.png	IMPLEMENTED_API_INCOMPLETE
062	source/phone/seller-phone-062-dashboard-magaza-puani-screen.png	DASHBOARD	dashboard magaza puani screen	screen/state dosya adında	screen/state dosya adında	B	UNIQUE_STATE	seller://dashboard	SellerApp.ContentPage	GET /api/seller/v1/dashboard	Kaynak görsel ve tarihsel brief	INCLUDED_CANONICAL_LAUNCH	sellerCanonical062	artifacts/seller-wave4/visual/062-runtime.png	artifacts/seller-wave4/visual/062-overlay.png	IMPLEMENTED_API_INCOMPLETE
063	source/phone/seller-phone-063-dashboard-bakiye-screen.png	DASHBOARD	dashboard bakiye screen	screen/state dosya adında	screen/state dosya adında	B	UNIQUE_STATE	seller://dashboard	SellerApp.ContentPage	GET /api/seller/v1/dashboard	Kaynak görsel ve tarihsel brief	INCLUDED_CANONICAL_LAUNCH	sellerCanonical063	artifacts/seller-wave4/visual/063-runtime.png	artifacts/seller-wave4/visual/063-overlay.png	IMPLEMENTED_API_INCOMPLETE
064	source/phone/seller-phone-064-dashboard-yaklasan-odeme-screen.png	DASHBOARD	dashboard yaklasan odeme screen	screen/state dosya adında	screen/state dosya adında	B	UNIQUE_STATE	seller://dashboard	SellerApp.ContentPage	GET /api/seller/v1/dashboard	Kaynak görsel ve tarihsel brief	INCLUDED_CANONICAL_LAUNCH	sellerCanonical064	artifacts/seller-wave4/visual/064-runtime.png	artifacts/seller-wave4/visual/064-overlay.png	IMPLEMENTED_API_INCOMPLETE
065	source/phone/seller-phone-065-dashboard-satis-grafigi-filtre-screen.png	DASHBOARD	dashboard satis grafigi filtre screen	screen/state dosya adında	screen/state dosya adında	B	UNIQUE_STATE	seller://dashboard	SellerApp.ContentPage	NONE N/A-BACKEND	Kaynak görsel ve tarihsel brief	INCLUDED_CANONICAL_LAUNCH	sellerCanonical065	artifacts/seller-wave4/visual/065-runtime.png	artifacts/seller-wave4/visual/065-overlay.png	IMPLEMENTED_API_INCOMPLETE
066	source/phone/seller-phone-066-dashboard-urun-performansi-screen.png	DASHBOARD	dashboard urun performansi screen	screen/state dosya adında	screen/state dosya adında	E	UNIQUE_STATE	seller://dashboard	SellerApp.ContentPage	GET /api/seller/v1/dashboard	Kaynak görsel ve tarihsel brief	INCLUDED_CANONICAL_LAUNCH	sellerCanonical066	artifacts/seller-wave4/visual/066-runtime.png	artifacts/seller-wave4/visual/066-overlay.png	IMPLEMENTED_API_INCOMPLETE
067	source/phone/seller-phone-067-dashboard-hizli-islemler-sheet.png	DASHBOARD	dashboard hizli islemler sheet	screen/state dosya adında	screen/state dosya adında	C	UNIQUE_STATE	seller://dashboard	SellerApp.ContentPage	NONE N/A-BACKEND	Kaynak görsel ve tarihsel brief	INCLUDED_CANONICAL_LAUNCH	sellerCanonical067	artifacts/seller-wave4/visual/067-runtime.png	artifacts/seller-wave4/visual/067-overlay.png	IMPLEMENTED_API_INCOMPLETE
068	source/phone/seller-phone-068-dashboard-onemli-gorevler-screen.png	DASHBOARD	dashboard onemli gorevler screen	screen/state dosya adında	screen/state dosya adında	B	UNIQUE_STATE	seller://dashboard	SellerApp.ContentPage	GET /api/seller/v1/dashboard	Kaynak görsel ve tarihsel brief	INCLUDED_CANONICAL_LAUNCH	sellerCanonical068	artifacts/seller-wave4/visual/068-runtime.png	artifacts/seller-wave4/visual/068-overlay.png	IMPLEMENTED_API_INCOMPLETE
069	source/phone/seller-phone-069-dashboard-bildirim-ozeti-screen.png	DASHBOARD	dashboard bildirim ozeti screen	screen/state dosya adında	screen/state dosya adında	B	UNIQUE_STATE	seller://dashboard	SellerApp.ContentPage	GET /api/seller/v1/dashboard	Kaynak görsel ve tarihsel brief	INCLUDED_CANONICAL_LAUNCH	sellerCanonical069	artifacts/seller-wave4/visual/069-runtime.png	artifacts/seller-wave4/visual/069-overlay.png	IMPLEMENTED_API_INCOMPLETE
070	source/phone/seller-phone-070-dashboard-loading-state.png	DASHBOARD	dashboard loading state	screen/state dosya adında	screen/state dosya adında	E	UNIQUE_STATE	seller://dashboard	SellerApp.ContentPage	GET /api/seller/v1/dashboard	Kaynak görsel ve tarihsel brief	INCLUDED_CANONICAL_LAUNCH	sellerCanonical070	artifacts/seller-wave4/visual/070-runtime.png	artifacts/seller-wave4/visual/070-overlay.png	IMPLEMENTED_API_INCOMPLETE
071	source/phone/seller-phone-071-dashboard-api-hata-state.png	DASHBOARD	dashboard api hata state	screen/state dosya adında	screen/state dosya adında	E	UNIQUE_STATE	seller://dashboard	SellerApp.ContentPage	GET /api/seller/v1/dashboard	Kaynak görsel ve tarihsel brief	INCLUDED_CANONICAL_LAUNCH	sellerCanonical071	artifacts/seller-wave4/visual/071-runtime.png	artifacts/seller-wave4/visual/071-overlay.png	IMPLEMENTED_API_INCOMPLETE
072	source/phone/seller-phone-072-dashboard-offline-state.png	DASHBOARD	dashboard offline state	screen/state dosya adında	screen/state dosya adında	E	UNIQUE_STATE	seller://dashboard	SellerApp.ContentPage	GET /api/seller/v1/dashboard	Kaynak görsel ve tarihsel brief	INCLUDED_CANONICAL_LAUNCH	sellerCanonical072	artifacts/seller-wave4/visual/072-runtime.png	artifacts/seller-wave4/visual/072-overlay.png	IMPLEMENTED_API_INCOMPLETE
073	source/phone/seller-phone-073-dashboard-tarih-araligi-sheet.png	DASHBOARD	dashboard tarih araligi sheet	screen/state dosya adında	screen/state dosya adında	C	UNIQUE_STATE	seller://dashboard	SellerApp.ContentPage	NONE N/A-BACKEND	Kaynak görsel ve tarihsel brief	INCLUDED_CANONICAL_LAUNCH	sellerCanonical073	artifacts/seller-wave4/visual/073-runtime.png	artifacts/seller-wave4/visual/073-overlay.png	IMPLEMENTED_API_INCOMPLETE
074	source/phone/seller-phone-074-urunler-ana-liste-screen.png	OFFER_LISTING	urunler ana liste screen	screen/state dosya adında	screen/state dosya adında	B	UNIQUE_STATE	seller://offers	SellerScreens.SellerRepresentativeFamilyScreen	GET /api/seller/v1/offers	Kaynak görsel ve tarihsel brief	INCLUDED_CANONICAL_LAUNCH	sellerCanonical074	artifacts/seller-wave4/visual/074-runtime.png	artifacts/seller-wave4/visual/074-overlay.png	IMPLEMENTED_VISUALLY_INCOMPLETE
075	source/phone/seller-phone-075-urunler-yayinda-screen.png	OFFER_LISTING	urunler yayinda screen	screen/state dosya adında	screen/state dosya adında	B	UNIQUE_STATE	seller://offers	SellerApp.ContentPage	GET /api/seller/v1/offers	Kaynak görsel ve tarihsel brief	INCLUDED_CANONICAL_LAUNCH	sellerCanonical075	artifacts/seller-wave4/visual/075-runtime.png	artifacts/seller-wave4/visual/075-overlay.png	IMPLEMENTED_API_INCOMPLETE
076	source/phone/seller-phone-076-urunler-taslak-screen.png	OFFER_LISTING	urunler taslak screen	screen/state dosya adında	screen/state dosya adında	B	UNIQUE_STATE	seller://offers	SellerApp.ContentPage	GET /api/seller/v1/offers	Kaynak görsel ve tarihsel brief	INCLUDED_CANONICAL_LAUNCH	sellerCanonical076	artifacts/seller-wave4/visual/076-runtime.png	artifacts/seller-wave4/visual/076-overlay.png	IMPLEMENTED_API_INCOMPLETE
077	source/phone/seller-phone-077-urunler-stokta-yok-screen.png	OFFER_LISTING	urunler stokta yok screen	screen/state dosya adında	screen/state dosya adında	B	UNIQUE_STATE	seller://offers	SellerApp.ContentPage	GET /api/seller/v1/offers	Kaynak görsel ve tarihsel brief	INCLUDED_CANONICAL_LAUNCH	sellerCanonical077	artifacts/seller-wave4/visual/077-runtime.png	artifacts/seller-wave4/visual/077-overlay.png	IMPLEMENTED_API_INCOMPLETE
078	source/phone/seller-phone-078-urunler-yayini-durduruldu-screen.png	OFFER_LISTING	urunler yayini durduruldu screen	screen/state dosya adında	screen/state dosya adında	B	UNIQUE_STATE	seller://offers	SellerApp.ContentPage	GET /api/seller/v1/offers	Kaynak görsel ve tarihsel brief	INCLUDED_CANONICAL_LAUNCH	sellerCanonical078	artifacts/seller-wave4/visual/078-runtime.png	artifacts/seller-wave4/visual/078-overlay.png	IMPLEMENTED_API_INCOMPLETE
079	source/phone/seller-phone-079-urunler-arsiv-screen.png	OFFER_LISTING	urunler arsiv screen	screen/state dosya adında	screen/state dosya adında	B	UNIQUE_STATE	seller://offers	SellerApp.ContentPage	GET /api/seller/v1/offers	Kaynak görsel ve tarihsel brief	INCLUDED_CANONICAL_LAUNCH	sellerCanonical079	artifacts/seller-wave4/visual/079-runtime.png	artifacts/seller-wave4/visual/079-overlay.png	IMPLEMENTED_API_INCOMPLETE
080	source/phone/seller-phone-080-urunler-inceleme-gerekiyor-screen.png	OFFER_LISTING	urunler inceleme gerekiyor screen	screen/state dosya adında	screen/state dosya adında	B	UNIQUE_STATE	seller://offers	SellerApp.ContentPage	GET /api/seller/v1/offers	Kaynak görsel ve tarihsel brief	INCLUDED_CANONICAL_LAUNCH	sellerCanonical080	artifacts/seller-wave4/visual/080-runtime.png	artifacts/seller-wave4/visual/080-overlay.png	IMPLEMENTED_API_INCOMPLETE
081	source/phone/seller-phone-081-urun-arama-screen.png	OFFER_LISTING	urun arama screen	screen/state dosya adında	screen/state dosya adında	B	UNIQUE_STATE	seller://offers	SellerApp.ContentPage	GET /api/seller/v1/offers	Kaynak görsel ve tarihsel brief	INCLUDED_CANONICAL_LAUNCH	sellerCanonical081	artifacts/seller-wave4/visual/081-runtime.png	artifacts/seller-wave4/visual/081-overlay.png	IMPLEMENTED_API_INCOMPLETE
082	source/phone/seller-phone-082-urun-filtreleri-sheet.png	OFFER_LISTING	urun filtreleri sheet	screen/state dosya adında	screen/state dosya adında	C	UNIQUE_STATE	seller://offers	SellerApp.ContentPage	NONE N/A-BACKEND	Kaynak görsel ve tarihsel brief	INCLUDED_CANONICAL_LAUNCH	sellerCanonical082	artifacts/seller-wave4/visual/082-runtime.png	artifacts/seller-wave4/visual/082-overlay.png	IMPLEMENTED_API_INCOMPLETE
083	source/phone/seller-phone-083-urun-filtre-secili-screen.png	OFFER_LISTING	urun filtre secili screen	screen/state dosya adında	screen/state dosya adında	B	UNIQUE_STATE	seller://offers	SellerApp.ContentPage	GET /api/seller/v1/offers	Kaynak görsel ve tarihsel brief	INCLUDED_CANONICAL_LAUNCH	sellerCanonical083	artifacts/seller-wave4/visual/083-runtime.png	artifacts/seller-wave4/visual/083-overlay.png	IMPLEMENTED_API_INCOMPLETE
084	source/phone/seller-phone-084-urun-filtre-temizle-sheet.png	OFFER_LISTING	urun filtre temizle sheet	screen/state dosya adında	screen/state dosya adında	C	UNIQUE_STATE	seller://offers	SellerApp.ContentPage	NONE N/A-BACKEND	Kaynak görsel ve tarihsel brief	INCLUDED_CANONICAL_LAUNCH	sellerCanonical084	artifacts/seller-wave4/visual/084-runtime.png	artifacts/seller-wave4/visual/084-overlay.png	IMPLEMENTED_API_INCOMPLETE
085	source/phone/seller-phone-085-urun-listesi-bos-state.png	OFFER_LISTING	urun listesi bos state	screen/state dosya adında	screen/state dosya adında	E	UNIQUE_STATE	seller://offers	SellerApp.ContentPage	GET /api/seller/v1/offers	Kaynak görsel ve tarihsel brief	INCLUDED_CANONICAL_LAUNCH	sellerCanonical085	artifacts/seller-wave4/visual/085-runtime.png	artifacts/seller-wave4/visual/085-overlay.png	IMPLEMENTED_API_INCOMPLETE
086	source/phone/seller-phone-086-urun-arama-sonuc-yok-state.png	OFFER_LISTING	urun arama sonuc yok state	screen/state dosya adında	screen/state dosya adında	B	UNIQUE_STATE	seller://offers	SellerApp.ContentPage	GET /api/seller/v1/offers	Kaynak görsel ve tarihsel brief	INCLUDED_CANONICAL_LAUNCH	sellerCanonical086	artifacts/seller-wave4/visual/086-runtime.png	artifacts/seller-wave4/visual/086-overlay.png	IMPLEMENTED_API_INCOMPLETE
087	source/phone/seller-phone-087-urun-listesi-loading-state.png	OFFER_LISTING	urun listesi loading state	screen/state dosya adında	screen/state dosya adında	E	UNIQUE_STATE	seller://offers	SellerApp.ContentPage	GET /api/seller/v1/offers	Kaynak görsel ve tarihsel brief	INCLUDED_CANONICAL_LAUNCH	sellerCanonical087	artifacts/seller-wave4/visual/087-runtime.png	artifacts/seller-wave4/visual/087-overlay.png	IMPLEMENTED_API_INCOMPLETE
088	source/phone/seller-phone-088-urun-listesi-hata-state.png	OFFER_LISTING	urun listesi hata state	screen/state dosya adında	screen/state dosya adında	E	UNIQUE_STATE	seller://offers	SellerApp.ContentPage	GET /api/seller/v1/offers	Kaynak görsel ve tarihsel brief	INCLUDED_CANONICAL_LAUNCH	sellerCanonical088	artifacts/seller-wave4/visual/088-runtime.png	artifacts/seller-wave4/visual/088-overlay.png	IMPLEMENTED_API_INCOMPLETE
089	source/phone/seller-phone-089-urun-karti-ayrintili-state.png	OFFER_LISTING	urun karti ayrintili state	screen/state dosya adında	screen/state dosya adında	B	UNIQUE_STATE	seller://offers	SellerApp.ContentPage	GET /api/seller/v1/offers	Kaynak görsel ve tarihsel brief	INCLUDED_CANONICAL_LAUNCH	sellerCanonical089	artifacts/seller-wave4/visual/089-runtime.png	artifacts/seller-wave4/visual/089-overlay.png	IMPLEMENTED_API_INCOMPLETE
090	source/phone/seller-phone-090-urun-hizli-islem-menu-sheet.png	OFFER_LISTING	urun hizli islem menu sheet	screen/state dosya adında	screen/state dosya adında	C	UNIQUE_STATE	seller://offers	SellerApp.ContentPage	NONE N/A-BACKEND	Kaynak görsel ve tarihsel brief	INCLUDED_CANONICAL_LAUNCH	sellerCanonical090	artifacts/seller-wave4/visual/090-runtime.png	artifacts/seller-wave4/visual/090-overlay.png	IMPLEMENTED_API_INCOMPLETE
091	source/phone/seller-phone-091-urun-toplu-secim-state.png	OFFER_BULK_ACTIONS	urun toplu secim state	screen/state dosya adında	screen/state dosya adında	B	UNIQUE_STATE	seller://offers/batch	SellerApp.ContentPage	POST /api/seller/v1/offers/batch-commands	Kaynak görsel ve tarihsel brief	INCLUDED_CANONICAL_LAUNCH	sellerCanonical091	artifacts/seller-wave4/visual/091-runtime.png	artifacts/seller-wave4/visual/091-overlay.png	IMPLEMENTED_API_INCOMPLETE
092	source/phone/seller-phone-092-urun-toplu-aktif-pasif-sheet.png	OFFER_BULK_ACTIONS	urun toplu aktif pasif sheet	screen/state dosya adında	screen/state dosya adında	C	UNIQUE_STATE	seller://offers/batch	SellerApp.ContentPage	POST /api/seller/v1/offers/batch-commands	Kaynak görsel ve tarihsel brief	INCLUDED_CANONICAL_LAUNCH	sellerCanonical092	artifacts/seller-wave4/visual/092-runtime.png	artifacts/seller-wave4/visual/092-overlay.png	IMPLEMENTED_API_INCOMPLETE
093	source/phone/seller-phone-093-urun-toplu-stok-screen.png	OFFER_BULK_ACTIONS	urun toplu stok screen	screen/state dosya adında	screen/state dosya adında	B	UNIQUE_STATE	seller://offers/batch	SellerApp.ContentPage	POST /api/seller/v1/offers/batch-commands	Kaynak görsel ve tarihsel brief	INCLUDED_CANONICAL_LAUNCH	sellerCanonical093	artifacts/seller-wave4/visual/093-runtime.png	artifacts/seller-wave4/visual/093-overlay.png	IMPLEMENTED_API_INCOMPLETE
094	source/phone/seller-phone-094-urun-toplu-fiyat-screen.png	OFFER_BULK_ACTIONS	urun toplu fiyat screen	screen/state dosya adında	screen/state dosya adında	B	UNIQUE_STATE	seller://offers/batch	SellerApp.ContentPage	POST /api/seller/v1/offers/batch-commands	Kaynak görsel ve tarihsel brief	INCLUDED_CANONICAL_LAUNCH	sellerCanonical094	artifacts/seller-wave4/visual/094-runtime.png	artifacts/seller-wave4/visual/094-overlay.png	IMPLEMENTED_API_INCOMPLETE
095	source/phone/seller-phone-095-urun-toplu-arsiv-onay-modal.png	OFFER_BULK_ACTIONS	urun toplu arsiv onay modal	screen/state dosya adında	screen/state dosya adında	C	UNIQUE_STATE	seller://offers/batch	SellerApp.ContentPage	NONE N/A-BACKEND	Kaynak görsel ve tarihsel brief	INCLUDED_CANONICAL_LAUNCH	sellerCanonical095	artifacts/seller-wave4/visual/095-runtime.png	artifacts/seller-wave4/visual/095-overlay.png	IMPLEMENTED_API_INCOMPLETE
096	source/phone/seller-phone-096-urun-detayi-screen.png	OFFER_DETAIL_INSIGHTS	urun detayi screen	screen/state dosya adında	screen/state dosya adında	B	UNIQUE_STATE	seller://offers/detail	SellerApp.ContentPage	GET /api/seller/v1/offers/{offerId}	Kaynak görsel ve tarihsel brief	INCLUDED_CANONICAL_LAUNCH	sellerCanonical096	artifacts/seller-wave4/visual/096-runtime.png	artifacts/seller-wave4/visual/096-overlay.png	IMPLEMENTED_API_INCOMPLETE
097	source/phone/seller-phone-097-urun-yayin-durumu-screen.png	OFFER_DETAIL_INSIGHTS	urun yayin durumu screen	screen/state dosya adında	screen/state dosya adında	B	UNIQUE_STATE	seller://offers/detail	SellerApp.ContentPage	GET /api/seller/v1/offers/{offerId}	Kaynak görsel ve tarihsel brief	INCLUDED_CANONICAL_LAUNCH	sellerCanonical097	artifacts/seller-wave4/visual/097-runtime.png	artifacts/seller-wave4/visual/097-overlay.png	IMPLEMENTED_API_INCOMPLETE
098	source/phone/seller-phone-098-urun-satis-performansi-screen.png	OFFER_DETAIL_INSIGHTS	urun satis performansi screen	screen/state dosya adında	screen/state dosya adında	E	UNIQUE_STATE	seller://offers/detail	SellerApp.ContentPage	GET /api/seller/v1/offers/{offerId}	Kaynak görsel ve tarihsel brief	INCLUDED_CANONICAL_LAUNCH	sellerCanonical098	artifacts/seller-wave4/visual/098-runtime.png	artifacts/seller-wave4/visual/098-overlay.png	IMPLEMENTED_API_INCOMPLETE
099	source/phone/seller-phone-099-urun-varyantlari-screen.png	OFFER_DETAIL_INSIGHTS	urun varyantlari screen	screen/state dosya adında	screen/state dosya adında	B	UNIQUE_STATE	seller://offers/detail	SellerApp.ContentPage	GET /api/seller/v1/offers/{offerId}	Kaynak görsel ve tarihsel brief	INCLUDED_CANONICAL_LAUNCH	sellerCanonical099	artifacts/seller-wave4/visual/099-runtime.png	artifacts/seller-wave4/visual/099-overlay.png	IMPLEMENTED_API_INCOMPLETE
100	source/phone/seller-phone-100-urun-stok-ozeti-screen.png	OFFER_DETAIL_INSIGHTS	urun stok ozeti screen	screen/state dosya adında	screen/state dosya adında	B	UNIQUE_STATE	seller://offers/detail	SellerApp.ContentPage	GET /api/seller/v1/offers/{offerId}	Kaynak görsel ve tarihsel brief	INCLUDED_CANONICAL_LAUNCH	sellerCanonical100	artifacts/seller-wave4/visual/100-runtime.png	artifacts/seller-wave4/visual/100-overlay.png	IMPLEMENTED_API_INCOMPLETE
101	source/phone/seller-phone-101-urun-degerlendirmeleri-screen.png	OFFER_DETAIL_INSIGHTS	urun degerlendirmeleri screen	screen/state dosya adında	screen/state dosya adında	B	UNIQUE_STATE	seller://offers/detail	SellerApp.ContentPage	GET /api/seller/v1/offers/{offerId}	Kaynak görsel ve tarihsel brief	INCLUDED_CANONICAL_LAUNCH	sellerCanonical101	artifacts/seller-wave4/visual/101-runtime.png	artifacts/seller-wave4/visual/101-overlay.png	IMPLEMENTED_API_INCOMPLETE
102	source/phone/seller-phone-102-urun-sorulari-screen.png	OFFER_DETAIL_INSIGHTS	urun sorulari screen	screen/state dosya adında	screen/state dosya adında	B	UNIQUE_STATE	seller://offers/detail	SellerApp.ContentPage	GET /api/seller/v1/offers/{offerId}	Kaynak görsel ve tarihsel brief	INCLUDED_CANONICAL_LAUNCH	sellerCanonical102	artifacts/seller-wave4/visual/102-runtime.png	artifacts/seller-wave4/visual/102-overlay.png	IMPLEMENTED_API_INCOMPLETE
103	source/phone/seller-phone-103-urun-duzenleme-ozeti-screen.png	OFFER_EDITOR	urun duzenleme ozeti screen	screen/state dosya adında	screen/state dosya adında	B	UNIQUE_STATE	seller://offers/editor	SellerApp.ContentPage	GET /api/seller/v1/offers/{offerId}	Kaynak görsel ve tarihsel brief	INCLUDED_CANONICAL_LAUNCH	sellerCanonical103	artifacts/seller-wave4/visual/103-runtime.png	artifacts/seller-wave4/visual/103-overlay.png	IMPLEMENTED_API_INCOMPLETE
104	source/phone/seller-phone-104-urun-gorselleri-screen.png	OFFER_EDITOR	urun gorselleri screen	screen/state dosya adında	screen/state dosya adında	B	UNIQUE_STATE	seller://offers/editor	SellerApp.ContentPage	POST /api/seller/v1/offers/{offerId}/media	Kaynak görsel ve tarihsel brief	INCLUDED_CANONICAL_LAUNCH	sellerCanonical104	artifacts/seller-wave4/visual/104-runtime.png	artifacts/seller-wave4/visual/104-overlay.png	IMPLEMENTED_API_INCOMPLETE
105	source/phone/seller-phone-105-urun-baslik-aciklama-screen.png	OFFER_EDITOR	urun baslik aciklama screen	screen/state dosya adında	screen/state dosya adında	B	UNIQUE_STATE	seller://offers/editor	SellerApp.ContentPage	PATCH /api/seller/v1/offers/{offerId}	Kaynak görsel ve tarihsel brief	INCLUDED_CANONICAL_LAUNCH	sellerCanonical105	artifacts/seller-wave4/visual/105-runtime.png	artifacts/seller-wave4/visual/105-overlay.png	IMPLEMENTED_API_INCOMPLETE
106	source/phone/seller-phone-106-urun-kategori-secimi-screen.png	OFFER_EDITOR	urun kategori secimi screen	screen/state dosya adında	screen/state dosya adında	B	UNIQUE_STATE	seller://offers/editor	SellerApp.ContentPage	PATCH /api/seller/v1/offers/{offerId}	Kaynak görsel ve tarihsel brief	INCLUDED_CANONICAL_LAUNCH	sellerCanonical106	artifacts/seller-wave4/visual/106-runtime.png	artifacts/seller-wave4/visual/106-overlay.png	IMPLEMENTED_API_INCOMPLETE
107	source/phone/seller-phone-107-urun-marka-ozellikler-screen.png	OFFER_EDITOR	urun marka ozellikler screen	screen/state dosya adında	screen/state dosya adında	B	UNIQUE_STATE	seller://offers/editor	SellerApp.ContentPage	PATCH /api/seller/v1/offers/{offerId}	Kaynak görsel ve tarihsel brief	INCLUDED_CANONICAL_LAUNCH	sellerCanonical107	artifacts/seller-wave4/visual/107-runtime.png	artifacts/seller-wave4/visual/107-overlay.png	IMPLEMENTED_API_INCOMPLETE
108	source/phone/seller-phone-108-urun-varyant-olustur-screen.png	OFFER_EDITOR	urun varyant olustur screen	screen/state dosya adında	screen/state dosya adında	B	UNIQUE_STATE	seller://offers/editor	SellerApp.ContentPage	PATCH /api/seller/v1/offers/{offerId}	Kaynak görsel ve tarihsel brief	INCLUDED_CANONICAL_LAUNCH	sellerCanonical108	artifacts/seller-wave4/visual/108-runtime.png	artifacts/seller-wave4/visual/108-overlay.png	IMPLEMENTED_API_INCOMPLETE
109	source/phone/seller-phone-109-urun-renk-beden-varyant-screen.png	OFFER_EDITOR	urun renk beden varyant screen	screen/state dosya adında	screen/state dosya adında	B	UNIQUE_STATE	seller://offers/editor	SellerApp.ContentPage	PATCH /api/seller/v1/offers/{offerId}	Kaynak görsel ve tarihsel brief	INCLUDED_CANONICAL_LAUNCH	sellerCanonical109	artifacts/seller-wave4/visual/109-runtime.png	artifacts/seller-wave4/visual/109-overlay.png	IMPLEMENTED_API_INCOMPLETE
110	source/phone/seller-phone-110-varyant-sku-barkod-fiyat-stok-screen.png	OFFER_EDITOR	varyant sku barkod fiyat stok screen	screen/state dosya adında	screen/state dosya adında	B	UNIQUE_STATE	seller://offers/editor	SellerApp.ContentPage	PATCH /api/seller/v1/offers/{offerId}	Kaynak görsel ve tarihsel brief	INCLUDED_CANONICAL_LAUNCH	sellerCanonical110	artifacts/seller-wave4/visual/110-runtime.png	artifacts/seller-wave4/visual/110-overlay.png	IMPLEMENTED_API_INCOMPLETE
111	source/phone/seller-phone-111-urun-fiyat-indirim-vergi-screen.png	OFFER_EDITOR	urun fiyat indirim vergi screen	screen/state dosya adında	screen/state dosya adında	B	UNIQUE_STATE	seller://offers/editor	SellerApp.ContentPage	PATCH /api/seller/v1/offers/{offerId}	Kaynak görsel ve tarihsel brief	INCLUDED_CANONICAL_LAUNCH	sellerCanonical111	artifacts/seller-wave4/visual/111-runtime.png	artifacts/seller-wave4/visual/111-overlay.png	IMPLEMENTED_API_INCOMPLETE
112	source/phone/seller-phone-112-urun-kargo-bilgileri-screen.png	OFFER_EDITOR	urun kargo bilgileri screen	screen/state dosya adında	screen/state dosya adında	B	UNIQUE_STATE	seller://offers/editor	SellerApp.ContentPage	PATCH /api/seller/v1/offers/{offerId}	Kaynak görsel ve tarihsel brief	INCLUDED_CANONICAL_LAUNCH	sellerCanonical112	artifacts/seller-wave4/visual/112-runtime.png	artifacts/seller-wave4/visual/112-overlay.png	IMPLEMENTED_API_INCOMPLETE
113	source/phone/seller-phone-113-urun-gorunurluk-screen.png	OFFER_EDITOR	urun gorunurluk screen	screen/state dosya adında	screen/state dosya adında	B	UNIQUE_STATE	seller://offers/editor	SellerApp.ContentPage	PATCH /api/seller/v1/offers/{offerId}	Kaynak görsel ve tarihsel brief	INCLUDED_CANONICAL_LAUNCH	sellerCanonical113	artifacts/seller-wave4/visual/113-runtime.png	artifacts/seller-wave4/visual/113-overlay.png	IMPLEMENTED_API_INCOMPLETE
114	source/phone/seller-phone-114-taslak-kaydedildi-state.png	OFFER_EDITOR	taslak kaydedildi state	screen/state dosya adında	screen/state dosya adında	B	UNIQUE_STATE	seller://offers/editor	SellerApp.ContentPage	GET /api/seller/v1/offers/{offerId}	Kaynak görsel ve tarihsel brief	INCLUDED_CANONICAL_LAUNCH	sellerCanonical114	artifacts/seller-wave4/visual/114-runtime.png	artifacts/seller-wave4/visual/114-overlay.png	IMPLEMENTED_API_INCOMPLETE
115	source/phone/seller-phone-115-yayin-oncesi-eksik-alanlar-screen.png	OFFER_EDITOR	yayin oncesi eksik alanlar screen	screen/state dosya adında	screen/state dosya adında	B	UNIQUE_STATE	seller://offers/editor	SellerApp.ContentPage	GET /api/seller/v1/offers/{offerId}	Kaynak görsel ve tarihsel brief	INCLUDED_CANONICAL_LAUNCH	sellerCanonical115	artifacts/seller-wave4/visual/115-runtime.png	artifacts/seller-wave4/visual/115-overlay.png	IMPLEMENTED_API_INCOMPLETE
116	source/phone/seller-phone-116-urun-yayinlandi-state.png	OFFER_EDITOR	urun yayinlandi state	screen/state dosya adında	screen/state dosya adında	B	UNIQUE_STATE	seller://offers/editor	SellerApp.ContentPage	POST /api/seller/v1/offers/{offerId}/commands	Kaynak görsel ve tarihsel brief	INCLUDED_CANONICAL_LAUNCH	sellerCanonical116	artifacts/seller-wave4/visual/116-runtime.png	artifacts/seller-wave4/visual/116-overlay.png	IMPLEMENTED_API_INCOMPLETE
117	source/phone/seller-phone-117-urun-yayindan-kaldir-onay-sheet.png	OFFER_EDITOR	urun yayindan kaldir onay sheet	screen/state dosya adında	screen/state dosya adında	C	UNIQUE_STATE	seller://offers/editor	SellerApp.ContentPage	POST /api/seller/v1/offers/{offerId}/commands	Kaynak görsel ve tarihsel brief	INCLUDED_CANONICAL_LAUNCH	sellerCanonical117	artifacts/seller-wave4/visual/117-runtime.png	artifacts/seller-wave4/visual/117-overlay.png	IMPLEMENTED_API_INCOMPLETE
118	source/phone/seller-phone-118-urun-arsivleme-onay-sheet.png	OFFER_EDITOR	urun arsivleme onay sheet	screen/state dosya adında	screen/state dosya adında	C	UNIQUE_STATE	seller://offers/editor	SellerApp.ContentPage	POST /api/seller/v1/offers/{offerId}/commands	Kaynak görsel ve tarihsel brief	INCLUDED_CANONICAL_LAUNCH	sellerCanonical118	artifacts/seller-wave4/visual/118-runtime.png	artifacts/seller-wave4/visual/118-overlay.png	IMPLEMENTED_API_INCOMPLETE
119	source/phone/seller-phone-119-urun-silme-guvenli-onay-modal.png	OFFER_EDITOR	urun silme guvenli onay modal	screen/state dosya adında	screen/state dosya adında	C	UNIQUE_STATE	seller://offers/editor	SellerApp.ContentPage	POST /api/seller/v1/offers/{offerId}/commands	Kaynak görsel ve tarihsel brief	INCLUDED_CANONICAL_LAUNCH	sellerCanonical119	artifacts/seller-wave4/visual/119-runtime.png	artifacts/seller-wave4/visual/119-overlay.png	IMPLEMENTED_API_INCOMPLETE
120	source/phone/seller-phone-120-urun-cogaltma-sheet.png	OFFER_EDITOR	urun cogaltma sheet	screen/state dosya adında	screen/state dosya adında	C	UNIQUE_STATE	seller://offers/editor	SellerApp.ContentPage	POST /api/seller/v1/offers/{offerId}/commands	Kaynak görsel ve tarihsel brief	INCLUDED_CANONICAL_LAUNCH	sellerCanonical120	artifacts/seller-wave4/visual/120-runtime.png	artifacts/seller-wave4/visual/120-overlay.png	IMPLEMENTED_API_INCOMPLETE
121	source/phone/seller-phone-121-inceleme-gerekiyor-detay-screen.png	OFFER_EDITOR	inceleme gerekiyor detay screen	screen/state dosya adında	screen/state dosya adında	B	UNIQUE_STATE	seller://offers/editor	SellerApp.ContentPage	POST /api/seller/v1/offers/{offerId}/commands	Kaynak görsel ve tarihsel brief	INCLUDED_CANONICAL_LAUNCH	sellerCanonical121	artifacts/seller-wave4/visual/121-runtime.png	artifacts/seller-wave4/visual/121-overlay.png	IMPLEMENTED_API_INCOMPLETE
122	source/phone/seller-phone-122-urun-politika-eksik-bilgi-hata-screen.png	OFFER_EDITOR	urun politika eksik bilgi hata screen	screen/state dosya adında	screen/state dosya adında	E	UNIQUE_STATE	seller://offers/editor	SellerApp.ContentPage	POST /api/seller/v1/offers/{offerId}/commands	Kaynak görsel ve tarihsel brief	INCLUDED_CANONICAL_LAUNCH	sellerCanonical122	artifacts/seller-wave4/visual/122-runtime.png	artifacts/seller-wave4/visual/122-overlay.png	IMPLEMENTED_API_INCOMPLETE
123	source/phone/seller-phone-123-kaydedilmemis-degisiklik-modal.png	OFFER_EDITOR	kaydedilmemis degisiklik modal	screen/state dosya adında	screen/state dosya adında	C	UNIQUE_STATE	seller://offers/editor	SellerApp.ContentPage	NONE N/A-BACKEND	Kaynak görsel ve tarihsel brief	INCLUDED_CANONICAL_LAUNCH	sellerCanonical123	artifacts/seller-wave4/visual/123-runtime.png	artifacts/seller-wave4/visual/123-overlay.png	IMPLEMENTED_API_INCOMPLETE
124	source/phone/seller-phone-124-envanter-ozeti-screen.png	INVENTORY	envanter ozeti screen	screen/state dosya adında	screen/state dosya adında	B	UNIQUE_STATE	seller://inventory	SellerScreens.SellerRepresentativeFamilyScreen	GET /api/seller/v1/inventory	Kaynak görsel ve tarihsel brief	INCLUDED_CANONICAL_LAUNCH	sellerCanonical124	artifacts/seller-wave4/visual/124-runtime.png	artifacts/seller-wave4/visual/124-overlay.png	IMPLEMENTED_VISUALLY_INCOMPLETE
125	source/phone/seller-phone-125-tum-stoklar-screen.png	INVENTORY	tum stoklar screen	screen/state dosya adında	screen/state dosya adında	B	UNIQUE_STATE	seller://inventory	MISSING:SellerInventoryScreen	GET /api/seller/v1/inventory	Kaynak görsel ve tarihsel brief	INCLUDED_CANONICAL_LAUNCH	sellerCanonical125	artifacts/seller-wave4/visual/125-runtime.png	artifacts/seller-wave4/visual/125-overlay.png	MISSING
126	source/phone/seller-phone-126-kritik-stoklar-screen.png	INVENTORY	kritik stoklar screen	screen/state dosya adında	screen/state dosya adında	B	UNIQUE_STATE	seller://inventory	MISSING:SellerInventoryScreen	GET /api/seller/v1/inventory	Kaynak görsel ve tarihsel brief	INCLUDED_CANONICAL_LAUNCH	sellerCanonical126	artifacts/seller-wave4/visual/126-runtime.png	artifacts/seller-wave4/visual/126-overlay.png	MISSING
127	source/phone/seller-phone-127-tukenen-urunler-screen.png	INVENTORY	tukenen urunler screen	screen/state dosya adında	screen/state dosya adında	B	UNIQUE_STATE	seller://inventory	MISSING:SellerInventoryScreen	GET /api/seller/v1/inventory	Kaynak görsel ve tarihsel brief	INCLUDED_CANONICAL_LAUNCH	sellerCanonical127	artifacts/seller-wave4/visual/127-runtime.png	artifacts/seller-wave4/visual/127-overlay.png	MISSING
128	source/phone/seller-phone-128-varyant-stoklari-screen.png	INVENTORY	varyant stoklari screen	screen/state dosya adında	screen/state dosya adında	B	UNIQUE_STATE	seller://inventory	MISSING:SellerInventoryScreen	GET /api/seller/v1/inventory	Kaynak görsel ve tarihsel brief	INCLUDED_CANONICAL_LAUNCH	sellerCanonical128	artifacts/seller-wave4/visual/128-runtime.png	artifacts/seller-wave4/visual/128-overlay.png	MISSING
129	source/phone/seller-phone-129-depo-konum-secimi-sheet.png	INVENTORY	depo konum secimi sheet	screen/state dosya adında	screen/state dosya adında	C	UNIQUE_STATE	seller://inventory	MISSING:SellerInventoryScreen	GET /api/seller/v1/inventory	Kaynak görsel ve tarihsel brief	INCLUDED_CANONICAL_LAUNCH	sellerCanonical129	artifacts/seller-wave4/visual/129-runtime.png	artifacts/seller-wave4/visual/129-overlay.png	MISSING
130	source/phone/seller-phone-130-stok-artir-screen.png	INVENTORY	stok artir screen	screen/state dosya adında	screen/state dosya adında	B	UNIQUE_STATE	seller://inventory	MISSING:SellerInventoryScreen	POST /api/seller/v1/inventory/adjustments	Kaynak görsel ve tarihsel brief	INCLUDED_CANONICAL_LAUNCH	sellerCanonical130	artifacts/seller-wave4/visual/130-runtime.png	artifacts/seller-wave4/visual/130-overlay.png	MISSING
131	source/phone/seller-phone-131-stok-azalt-screen.png	INVENTORY	stok azalt screen	screen/state dosya adında	screen/state dosya adında	B	UNIQUE_STATE	seller://inventory	MISSING:SellerInventoryScreen	POST /api/seller/v1/inventory/adjustments	Kaynak görsel ve tarihsel brief	INCLUDED_CANONICAL_LAUNCH	sellerCanonical131	artifacts/seller-wave4/visual/131-runtime.png	artifacts/seller-wave4/visual/131-overlay.png	MISSING
132	source/phone/seller-phone-132-stok-duzeltme-nedeni-sheet.png	INVENTORY	stok duzeltme nedeni sheet	screen/state dosya adında	screen/state dosya adında	C	UNIQUE_STATE	seller://inventory	MISSING:SellerInventoryScreen	POST /api/seller/v1/inventory/adjustments	Kaynak görsel ve tarihsel brief	INCLUDED_CANONICAL_LAUNCH	sellerCanonical132	artifacts/seller-wave4/visual/132-runtime.png	artifacts/seller-wave4/visual/132-overlay.png	MISSING
133	source/phone/seller-phone-133-toplu-stok-guncelle-screen.png	INVENTORY	toplu stok guncelle screen	screen/state dosya adında	screen/state dosya adında	B	UNIQUE_STATE	seller://inventory	MISSING:SellerInventoryScreen	POST /api/seller/v1/inventory/adjustments	Kaynak görsel ve tarihsel brief	INCLUDED_CANONICAL_LAUNCH	sellerCanonical133	artifacts/seller-wave4/visual/133-runtime.png	artifacts/seller-wave4/visual/133-overlay.png	MISSING
134	source/phone/seller-phone-134-barkod-qr-izin-state.png	INVENTORY	barkod qr izin state	screen/state dosya adında	screen/state dosya adında	B	UNIQUE_STATE	seller://inventory	MISSING:SellerInventoryScreen	NONE N/A-BACKEND	Kaynak görsel ve tarihsel brief	INCLUDED_CANONICAL_LAUNCH	sellerCanonical134	artifacts/seller-wave4/visual/134-runtime.png	artifacts/seller-wave4/visual/134-overlay.png	MISSING
135	source/phone/seller-phone-135-stok-hareketleri-screen.png	INVENTORY	stok hareketleri screen	screen/state dosya adında	screen/state dosya adında	B	UNIQUE_STATE	seller://inventory	MISSING:SellerInventoryScreen	GET /api/seller/v1/inventory	Kaynak görsel ve tarihsel brief	INCLUDED_CANONICAL_LAUNCH	sellerCanonical135	artifacts/seller-wave4/visual/135-runtime.png	artifacts/seller-wave4/visual/135-overlay.png	MISSING
136	source/phone/seller-phone-136-stok-hareket-detayi-screen.png	INVENTORY	stok hareket detayi screen	screen/state dosya adında	screen/state dosya adında	B	UNIQUE_STATE	seller://inventory	MISSING:SellerInventoryScreen	GET /api/seller/v1/inventory	Kaynak görsel ve tarihsel brief	INCLUDED_CANONICAL_LAUNCH	sellerCanonical136	artifacts/seller-wave4/visual/136-runtime.png	artifacts/seller-wave4/visual/136-overlay.png	MISSING
137	source/phone/seller-phone-137-dusuk-stok-esigi-screen.png	INVENTORY	dusuk stok esigi screen	screen/state dosya adında	screen/state dosya adında	B	UNIQUE_STATE	seller://inventory	MISSING:SellerInventoryScreen	PATCH /api/seller/v1/inventory/{skuId}/threshold	Kaynak görsel ve tarihsel brief	INCLUDED_CANONICAL_LAUNCH	sellerCanonical137	artifacts/seller-wave4/visual/137-runtime.png	artifacts/seller-wave4/visual/137-overlay.png	MISSING
138	source/phone/seller-phone-138-stok-esik-uyarisi-state.png	INVENTORY	stok esik uyarisi state	screen/state dosya adında	screen/state dosya adında	B	UNIQUE_STATE	seller://inventory	MISSING:SellerInventoryScreen	PATCH /api/seller/v1/inventory/{skuId}/threshold	Kaynak görsel ve tarihsel brief	INCLUDED_CANONICAL_LAUNCH	sellerCanonical138	artifacts/seller-wave4/visual/138-runtime.png	artifacts/seller-wave4/visual/138-overlay.png	MISSING
139	source/phone/seller-phone-139-envanter-loading-state.png	INVENTORY	envanter loading state	screen/state dosya adında	screen/state dosya adında	E	UNIQUE_STATE	seller://inventory	MISSING:SellerInventoryScreen	GET /api/seller/v1/inventory	Kaynak görsel ve tarihsel brief	INCLUDED_CANONICAL_LAUNCH	sellerCanonical139	artifacts/seller-wave4/visual/139-runtime.png	artifacts/seller-wave4/visual/139-overlay.png	MISSING
140	source/phone/seller-phone-140-envanter-bos-state.png	INVENTORY	envanter bos state	screen/state dosya adında	screen/state dosya adında	E	UNIQUE_STATE	seller://inventory	MISSING:SellerInventoryScreen	GET /api/seller/v1/inventory	Kaynak görsel ve tarihsel brief	INCLUDED_CANONICAL_LAUNCH	sellerCanonical140	artifacts/seller-wave4/visual/140-runtime.png	artifacts/seller-wave4/visual/140-overlay.png	MISSING
141	source/phone/seller-phone-141-envanter-hata-state.png	INVENTORY	envanter hata state	screen/state dosya adında	screen/state dosya adında	E	UNIQUE_STATE	seller://inventory	MISSING:SellerInventoryScreen	GET /api/seller/v1/inventory	Kaynak görsel ve tarihsel brief	INCLUDED_CANONICAL_LAUNCH	sellerCanonical141	artifacts/seller-wave4/visual/141-runtime.png	artifacts/seller-wave4/visual/141-overlay.png	MISSING
142	source/phone/seller-phone-142-siparisler-ana-liste-screen.png	ORDER_LISTING	siparisler ana liste screen	screen/state dosya adında	screen/state dosya adında	B	UNIQUE_STATE	seller://orders	SellerScreens.SellerRepresentativeFamilyScreen	GET /api/seller/v1/orders	Kaynak görsel ve tarihsel brief	INCLUDED_CANONICAL_LAUNCH	sellerCanonical142	artifacts/seller-wave4/visual/142-runtime.png	artifacts/seller-wave4/visual/142-overlay.png	IMPLEMENTED_VISUALLY_INCOMPLETE
143	source/phone/seller-phone-143-yeni-siparisler-screen.png	ORDER_LISTING	yeni siparisler screen	screen/state dosya adında	screen/state dosya adında	B	UNIQUE_STATE	seller://orders	SellerApp.ContentPage	GET /api/seller/v1/orders	Kaynak görsel ve tarihsel brief	INCLUDED_CANONICAL_LAUNCH	sellerCanonical143	artifacts/seller-wave4/visual/143-runtime.png	artifacts/seller-wave4/visual/143-overlay.png	IMPLEMENTED_API_INCOMPLETE
144	source/phone/seller-phone-144-hazirlaniyor-siparisler-screen.png	ORDER_LISTING	hazirlaniyor siparisler screen	screen/state dosya adında	screen/state dosya adında	B	UNIQUE_STATE	seller://orders	SellerApp.ContentPage	GET /api/seller/v1/orders	Kaynak görsel ve tarihsel brief	INCLUDED_CANONICAL_LAUNCH	sellerCanonical144	artifacts/seller-wave4/visual/144-runtime.png	artifacts/seller-wave4/visual/144-overlay.png	IMPLEMENTED_API_INCOMPLETE
145	source/phone/seller-phone-145-kargoya-verilecek-siparisler-screen.png	ORDER_LISTING	kargoya verilecek siparisler screen	screen/state dosya adında	screen/state dosya adında	B	UNIQUE_STATE	seller://orders	SellerApp.ContentPage	GET /api/seller/v1/orders	Kaynak görsel ve tarihsel brief	INCLUDED_CANONICAL_LAUNCH	sellerCanonical145	artifacts/seller-wave4/visual/145-runtime.png	artifacts/seller-wave4/visual/145-overlay.png	IMPLEMENTED_API_INCOMPLETE
146	source/phone/seller-phone-146-kargoda-siparisler-screen.png	ORDER_LISTING	kargoda siparisler screen	screen/state dosya adında	screen/state dosya adında	B	UNIQUE_STATE	seller://orders	SellerApp.ContentPage	GET /api/seller/v1/orders	Kaynak görsel ve tarihsel brief	INCLUDED_CANONICAL_LAUNCH	sellerCanonical146	artifacts/seller-wave4/visual/146-runtime.png	artifacts/seller-wave4/visual/146-overlay.png	IMPLEMENTED_API_INCOMPLETE
147	source/phone/seller-phone-147-teslim-edilen-siparisler-screen.png	ORDER_LISTING	teslim edilen siparisler screen	screen/state dosya adında	screen/state dosya adında	B	UNIQUE_STATE	seller://orders	SellerApp.ContentPage	GET /api/seller/v1/orders	Kaynak görsel ve tarihsel brief	INCLUDED_CANONICAL_LAUNCH	sellerCanonical147	artifacts/seller-wave4/visual/147-runtime.png	artifacts/seller-wave4/visual/147-overlay.png	IMPLEMENTED_API_INCOMPLETE
148	source/phone/seller-phone-148-iptal-edilen-siparisler-screen.png	ORDER_LISTING	iptal edilen siparisler screen	screen/state dosya adında	screen/state dosya adında	B	UNIQUE_STATE	seller://orders	SellerApp.ContentPage	GET /api/seller/v1/orders	Kaynak görsel ve tarihsel brief	INCLUDED_CANONICAL_LAUNCH	sellerCanonical148	artifacts/seller-wave4/visual/148-runtime.png	artifacts/seller-wave4/visual/148-overlay.png	IMPLEMENTED_API_INCOMPLETE
149	source/phone/seller-phone-149-iade-geri-odeme-listesi-screen.png	ORDER_LISTING	İade ve geri ödeme listesi	screen/state	screen/state	B	UNIQUE_STATE	seller://orders	SellerApp.ContentPage	GET /api/seller/v1/orders	142 · İade / Geri Ödeme sekmesi	INCLUDED_CANONICAL_LAUNCH	sellerCanonical149	artifacts/seller-wave4/visual/149-runtime.png	artifacts/seller-wave4/visual/149-overlay.png	IMPLEMENTED_API_INCOMPLETE
150	source/phone/seller-phone-150-siparis-filtre-arama-screen.png	ORDER_LISTING	Sipariş arama ve filtreleme	screen/state	screen/state	B	UNIQUE_STATE	seller://orders	SellerApp.ContentPage	GET /api/seller/v1/orders	142–149 · Ara veya Filtre	INCLUDED_CANONICAL_LAUNCH	sellerCanonical150	artifacts/seller-wave4/visual/150-runtime.png	artifacts/seller-wave4/visual/150-overlay.png	IMPLEMENTED_API_INCOMPLETE
151	source/phone/seller-phone-151-siparis-tarih-araligi-sheet.png	ORDER_LISTING	Sipariş tarih aralığı	screen/state	screen/state	C	UNIQUE_STATE	seller://orders	SellerApp.ContentPage	GET /api/seller/v1/orders	150 · Özel tarih	INCLUDED_CANONICAL_LAUNCH	sellerCanonical151	artifacts/seller-wave4/visual/151-runtime.png	artifacts/seller-wave4/visual/151-overlay.png	IMPLEMENTED_API_INCOMPLETE
152	source/phone/seller-phone-152-siparis-listesi-bos-state.png	ORDER_LISTING	Sipariş listesi boş durumu	screen/state	screen/state	E	UNIQUE_STATE	seller://orders	SellerApp.ContentPage	GET /api/seller/v1/orders	150 · Sonuç üretmeyen filtre	INCLUDED_CANONICAL_LAUNCH	sellerCanonical152	artifacts/seller-wave4/visual/152-runtime.png	artifacts/seller-wave4/visual/152-overlay.png	IMPLEMENTED_API_INCOMPLETE
153	source/phone/seller-phone-153-siparis-listesi-loading-state.png	ORDER_LISTING	Sipariş listesi yükleniyor	screen/state	screen/state	E	UNIQUE_STATE	seller://orders	SellerApp.ContentPage	GET /api/seller/v1/orders	142 · Siparişler açılışı	INCLUDED_CANONICAL_LAUNCH	sellerCanonical153	artifacts/seller-wave4/visual/153-runtime.png	artifacts/seller-wave4/visual/153-overlay.png	IMPLEMENTED_API_INCOMPLETE
154	source/phone/seller-phone-154-siparis-listesi-hata-state.png	ORDER_LISTING	Sipariş listesi hata durumu	screen/state	screen/state	E	UNIQUE_STATE	seller://orders	SellerApp.ContentPage	GET /api/seller/v1/orders	142 · API veya bağlantı hatası	INCLUDED_CANONICAL_LAUNCH	sellerCanonical154	artifacts/seller-wave4/visual/154-runtime.png	artifacts/seller-wave4/visual/154-overlay.png	IMPLEMENTED_API_INCOMPLETE
155	source/phone/seller-phone-155-siparis-satiri-ayrintili-state.png	ORDER_LISTING	Sipariş satırı ayrıntılı durumu	screen/state	screen/state	B	UNIQUE_STATE	seller://orders	SellerApp.ContentPage	GET /api/seller/v1/orders	142 · Sipariş kartını genişlet	INCLUDED_CANONICAL_LAUNCH	sellerCanonical155	artifacts/seller-wave4/visual/155-runtime.png	artifacts/seller-wave4/visual/155-overlay.png	IMPLEMENTED_API_INCOMPLETE
156	source/phone/seller-phone-156-siparis-detayi-screen.png	ORDER_DETAIL_PACKAGING	Sipariş detayı	screen/state	screen/state	B	UNIQUE_STATE	seller://orders/detail	SellerScreens.SellerRepresentativeFamilyScreen	GET /api/seller/v1/orders/{sellerOrderId}	155 · Siparişi Aç	INCLUDED_CANONICAL_LAUNCH	sellerCanonical156	artifacts/seller-wave4/visual/156-runtime.png	artifacts/seller-wave4/visual/156-overlay.png	IMPLEMENTED_VISUALLY_INCOMPLETE
157	source/phone/seller-phone-157-saticinin-teslim-edecegi-urunler-screen.png	ORDER_DETAIL_PACKAGING	Satıcının teslim edeceği ürünler	screen/state	screen/state	B	UNIQUE_STATE	seller://orders/detail	SellerApp.ContentPage	GET /api/seller/v1/orders/{sellerOrderId}	156 · Bu pakette	INCLUDED_CANONICAL_LAUNCH	sellerCanonical157	artifacts/seller-wave4/visual/157-runtime.png	artifacts/seller-wave4/visual/157-overlay.png	IMPLEMENTED_API_INCOMPLETE
158	source/phone/seller-phone-158-paketleme-ozeti-screen.png	ORDER_DETAIL_PACKAGING	Paketleme özeti	screen/state	screen/state	B	UNIQUE_STATE	seller://orders/detail	SellerApp.ContentPage	GET /api/seller/v1/orders/{sellerOrderId}	157 · Paketleme Özetine Geç	INCLUDED_CANONICAL_LAUNCH	sellerCanonical158	artifacts/seller-wave4/visual/158-runtime.png	artifacts/seller-wave4/visual/158-overlay.png	IMPLEMENTED_API_INCOMPLETE
159	source/phone/seller-phone-159-maskeli-teslimat-adresi-screen.png	ORDER_DETAIL_PACKAGING	Maskeli teslimat adresi	screen/state	screen/state	B	UNIQUE_STATE	seller://orders/detail	SellerApp.ContentPage	GET /api/seller/v1/orders/{sellerOrderId}	158 · Adresi Güvenle Gör	INCLUDED_CANONICAL_LAUNCH	sellerCanonical159	artifacts/seller-wave4/visual/159-runtime.png	artifacts/seller-wave4/visual/159-overlay.png	IMPLEMENTED_API_INCOMPLETE
160	source/phone/seller-phone-160-siparis-kalemleri-varyantlar-screen.png	ORDER_DETAIL_PACKAGING	Sipariş kalemleri ve varyantlar	screen/state	screen/state	B	UNIQUE_STATE	seller://orders/detail	SellerApp.ContentPage	GET /api/seller/v1/orders/{sellerOrderId}	156 · Bu pakette	INCLUDED_CANONICAL_LAUNCH	sellerCanonical160	artifacts/seller-wave4/visual/160-runtime.png	artifacts/seller-wave4/visual/160-overlay.png	IMPLEMENTED_API_INCOMPLETE
161	source/phone/seller-phone-161-siparis-odeme-kazanc-ozeti-screen.png	ORDER_DETAIL_PACKAGING	Sipariş ödeme ve kazanç özeti	screen/state	screen/state	B	UNIQUE_STATE	seller://orders/detail	SellerApp.ContentPage	GET /api/seller/v1/orders/{sellerOrderId}	156 · Net kazanç kartı	INCLUDED_CANONICAL_LAUNCH	sellerCanonical161	artifacts/seller-wave4/visual/161-runtime.png	artifacts/seller-wave4/visual/161-overlay.png	IMPLEMENTED_API_INCOMPLETE
162	source/phone/seller-phone-162-siparis-komisyon-kesinti-screen.png	ORDER_DETAIL_PACKAGING	Sipariş komisyon ve kesinti açıklaması	screen/state	screen/state	B	UNIQUE_STATE	seller://orders/detail	SellerApp.ContentPage	GET /api/seller/v1/orders/{sellerOrderId}	161 · Kesintileri İncele	INCLUDED_CANONICAL_LAUNCH	sellerCanonical162	artifacts/seller-wave4/visual/162-runtime.png	artifacts/seller-wave4/visual/162-overlay.png	IMPLEMENTED_API_INCOMPLETE
163	source/phone/seller-phone-163-siparisi-hazirlamaya-al-screen.png	ORDER_DETAIL_PACKAGING	Siparişi hazırlamaya alma	screen/state	screen/state	B	UNIQUE_STATE	seller://orders/detail	SellerApp.ContentPage	POST /api/seller/v1/orders/{sellerOrderId}/commands	156 · Hazırlamaya Başla	INCLUDED_CANONICAL_LAUNCH	sellerCanonical163	artifacts/seller-wave4/visual/163-runtime.png	artifacts/seller-wave4/visual/163-overlay.png	IMPLEMENTED_API_INCOMPLETE
164	source/phone/seller-phone-164-hazirlaniyor-gecis-onay-modal.png	ORDER_DETAIL_PACKAGING	Hazırlanıyor durumuna geçiş onayı	screen/state	screen/state	C	UNIQUE_STATE	seller://orders/detail	SellerApp.ContentPage	NONE N/A-BACKEND	163 · Hazırlamaya Al	INCLUDED_CANONICAL_LAUNCH	sellerCanonical164	artifacts/seller-wave4/visual/164-runtime.png	artifacts/seller-wave4/visual/164-overlay.png	IMPLEMENTED_API_INCOMPLETE
165	source/phone/seller-phone-165-siparis-hazirlaniyor-basarili-state.png	ORDER_DETAIL_PACKAGING	Sipariş hazırlanıyor başarı durumu	screen/state	screen/state	B	UNIQUE_STATE	seller://orders/detail	SellerApp.ContentPage	POST /api/seller/v1/orders/{sellerOrderId}/commands	164 · Evet, Hazırlamaya Al	INCLUDED_CANONICAL_LAUNCH	sellerCanonical165	artifacts/seller-wave4/visual/165-runtime.png	artifacts/seller-wave4/visual/165-overlay.png	IMPLEMENTED_API_INCOMPLETE
166	source/phone/seller-phone-166-cok-paketli-siparis-ayrimi-screen.png	ORDER_DETAIL_PACKAGING	Çok paketli sipariş ayrımı	screen/state	screen/state	B	UNIQUE_STATE	seller://orders/detail	SellerApp.ContentPage	GET /api/seller/v1/orders/{sellerOrderId}	Sipariş satırı · 2 paket rozeti	INCLUDED_CANONICAL_LAUNCH	sellerCanonical166	artifacts/seller-wave4/visual/166-runtime.png	artifacts/seller-wave4/visual/166-overlay.png	IMPLEMENTED_API_INCOMPLETE
167	source/phone/seller-phone-167-kargo-firmasi-secimi-screen.png	FULFILLMENT_COMMUNICATION	Kargo firması seçimi	screen/state	screen/state	B	UNIQUE_STATE	seller://orders/fulfillment	SellerApp.ContentPage	GET /api/seller/v1/orders/{sellerOrderId}	159 · Kargo Bilgilerine Geç / 165 · Paketlemeyi Aç	INCLUDED_CANONICAL_LAUNCH	sellerCanonical167	artifacts/seller-wave4/visual/167-runtime.png	artifacts/seller-wave4/visual/167-overlay.png	IMPLEMENTED_API_INCOMPLETE
168	source/phone/seller-phone-168-kargo-etiketi-takip-numarasi-screen.png	FULFILLMENT_COMMUNICATION	Kargo etiketi ve takip numarası	screen/state	screen/state	B	UNIQUE_STATE	seller://orders/fulfillment	SellerApp.ContentPage	GET /api/seller/v1/orders/{sellerOrderId}	167 · Firmayı Seç	INCLUDED_CANONICAL_LAUNCH	sellerCanonical168	artifacts/seller-wave4/visual/168-runtime.png	artifacts/seller-wave4/visual/168-overlay.png	IMPLEMENTED_API_INCOMPLETE
169	source/phone/seller-phone-169-kargoya-verildi-bildirimi-state.png	FULFILLMENT_COMMUNICATION	Kargoya verildi bildirimi	screen/state	screen/state	B	UNIQUE_STATE	seller://orders/fulfillment	SellerApp.ContentPage	POST /api/seller/v1/orders/{sellerOrderId}/commands	168 · Kargoya Verildi Olarak İşaretle	INCLUDED_CANONICAL_LAUNCH	sellerCanonical169	artifacts/seller-wave4/visual/169-runtime.png	artifacts/seller-wave4/visual/169-overlay.png	IMPLEMENTED_API_INCOMPLETE
170	source/phone/seller-phone-170-kargo-takip-screen.png	FULFILLMENT_COMMUNICATION	Kargo takip ekranı	screen/state	screen/state	B	UNIQUE_STATE	seller://orders/fulfillment	SellerApp.ContentPage	GET /api/seller/v1/orders/{sellerOrderId}	169 · Kargoyu Takip Et	INCLUDED_CANONICAL_LAUNCH	sellerCanonical170	artifacts/seller-wave4/visual/170-runtime.png	artifacts/seller-wave4/visual/170-overlay.png	IMPLEMENTED_API_INCOMPLETE
171	source/phone/seller-phone-171-fatura-paket-fisi-screen.png	FULFILLMENT_COMMUNICATION	Fatura ve paket fişi	screen/state	screen/state	B	UNIQUE_STATE	seller://orders/fulfillment	SellerApp.ContentPage	GET /api/seller/v1/orders/{sellerOrderId}	168 / 170 · Fatura ve Fişler	INCLUDED_CANONICAL_LAUNCH	sellerCanonical171	artifacts/seller-wave4/visual/171-runtime.png	artifacts/seller-wave4/visual/171-overlay.png	IMPLEMENTED_API_INCOMPLETE
172	source/phone/seller-phone-172-siparis-notu-screen.png	FULFILLMENT_COMMUNICATION	Sipariş notu	screen/state	screen/state	B	UNIQUE_STATE	seller://orders/fulfillment	SellerApp.ContentPage	POST /api/seller/v1/orders/{sellerOrderId}/messages	156 · Sipariş notları	INCLUDED_CANONICAL_LAUNCH	sellerCanonical172	artifacts/seller-wave4/visual/172-runtime.png	artifacts/seller-wave4/visual/172-overlay.png	IMPLEMENTED_API_INCOMPLETE
173	source/phone/seller-phone-173-musteriye-mesaj-gonderme-screen.png	FULFILLMENT_COMMUNICATION	Müşteriye mesaj gönderme	screen/state	screen/state	B	UNIQUE_STATE	seller://orders/fulfillment	SellerApp.ContentPage	POST /api/seller/v1/orders/{sellerOrderId}/messages	172 · Müşteriye Mesaj Gönder / 156 · Mesaj	INCLUDED_CANONICAL_LAUNCH	sellerCanonical173	artifacts/seller-wave4/visual/173-runtime.png	artifacts/seller-wave4/visual/173-overlay.png	IMPLEMENTED_API_INCOMPLETE
174	source/phone/seller-phone-174-siparis-iptal-talebi-screen.png	CANCELLATION_RETURN_REFUND	Sipariş iptal talebi	screen/state	screen/state	B	UNIQUE_STATE	seller://returns	MISSING:SellerCancellationReturnRefundScreen	POST /api/seller/v1/orders/{sellerOrderId}/commands	142 / 156 · İptal talebi	INCLUDED_CANONICAL_LAUNCH	sellerCanonical174	artifacts/seller-wave4/visual/174-runtime.png	artifacts/seller-wave4/visual/174-overlay.png	MISSING
175	source/phone/seller-phone-175-iptal-talebi-sonucu-state.png	CANCELLATION_RETURN_REFUND	İptal talebi sonucu	screen/state	screen/state	B	UNIQUE_STATE	seller://returns	MISSING:SellerCancellationReturnRefundScreen	POST /api/seller/v1/orders/{sellerOrderId}/commands	182 · Doğrulama başarılı / 174 · İptal onayı	INCLUDED_CANONICAL_LAUNCH	sellerCanonical175	artifacts/seller-wave4/visual/175-runtime.png	artifacts/seller-wave4/visual/175-overlay.png	MISSING
176	source/phone/seller-phone-176-iade-talebi-kanit-screen.png	CANCELLATION_RETURN_REFUND	İade talebi ve kanıt	screen/state	screen/state	B	UNIQUE_STATE	seller://returns	MISSING:SellerCancellationReturnRefundScreen	GET /api/seller/v1/returns	149 · Talebi İncele	INCLUDED_CANONICAL_LAUNCH	sellerCanonical176	artifacts/seller-wave4/visual/176-runtime.png	artifacts/seller-wave4/visual/176-overlay.png	MISSING
177	source/phone/seller-phone-177-iade-kabul-gerekceli-itiraz-screen.png	CANCELLATION_RETURN_REFUND	İade kabul veya gerekçeli itiraz	screen/state	screen/state	B	UNIQUE_STATE	seller://returns	MISSING:SellerCancellationReturnRefundScreen	POST /api/seller/v1/returns/{returnId}/commands	176 · Değerlendirmeye Geç	INCLUDED_CANONICAL_LAUNCH	sellerCanonical177	artifacts/seller-wave4/visual/177-runtime.png	artifacts/seller-wave4/visual/177-overlay.png	MISSING
178	source/phone/seller-phone-178-platform-incelemesi-geri-odeme-screen.png	CANCELLATION_RETURN_REFUND	Platform incelemesi ve geri ödeme	screen/state	screen/state	E	UNIQUE_STATE	seller://returns	MISSING:SellerCancellationReturnRefundScreen	GET /api/seller/v1/returns	182 · İtiraz doğrulandı / 181 · İncelemeyi İzle	INCLUDED_CANONICAL_LAUNCH	sellerCanonical178	artifacts/seller-wave4/visual/178-runtime.png	artifacts/seller-wave4/visual/178-overlay.png	MISSING
179	source/phone/seller-phone-179-kismi-cok-kalemli-iade-screen.png	CANCELLATION_RETURN_REFUND	Kısmi ve çok kalemli iade	screen/state	screen/state	B	UNIQUE_STATE	seller://returns	MISSING:SellerCancellationReturnRefundScreen	GET /api/seller/v1/returns	178 · Kısmi karar / 176 · Çok kalemli talep	INCLUDED_CANONICAL_LAUNCH	sellerCanonical179	artifacts/seller-wave4/visual/179-runtime.png	artifacts/seller-wave4/visual/179-overlay.png	MISSING
180	source/phone/seller-phone-180-siparis-islem-gecmisi-screen.png	CANCELLATION_RETURN_REFUND	Sipariş işlem geçmişi	screen/state	screen/state	B	UNIQUE_STATE	seller://returns	MISSING:SellerCancellationReturnRefundScreen	GET /api/seller/v1/returns	175 / 178 / 179 · İşlem Geçmişi	INCLUDED_CANONICAL_LAUNCH	sellerCanonical180	artifacts/seller-wave4/visual/180-runtime.png	artifacts/seller-wave4/visual/180-overlay.png	MISSING
181	source/phone/seller-phone-181-siparis-islemi-basarili-state.png	CANCELLATION_RETURN_REFUND	Sipariş işlemi başarılı	screen/state	screen/state	B	UNIQUE_STATE	seller://returns	MISSING:SellerCancellationReturnRefundScreen	POST /api/seller/v1/returns/{returnId}/commands	177 / 182 · İşlem başarıyla gönderildi	INCLUDED_CANONICAL_LAUNCH	sellerCanonical181	artifacts/seller-wave4/visual/181-runtime.png	artifacts/seller-wave4/visual/181-overlay.png	MISSING
182	source/phone/seller-phone-182-siparis-yeniden-dogrulama-modal.png	CANCELLATION_RETURN_REFUND	Sipariş yeniden doğrulama	screen/state	screen/state	C	UNIQUE_STATE	seller://returns	MISSING:SellerCancellationReturnRefundScreen	POST /api/seller/v1/auth/challenges/{challengeId}/verify	174 / 177 · Kritik işlemi onayla	INCLUDED_CANONICAL_LAUNCH	sellerCanonical182	artifacts/seller-wave4/visual/182-runtime.png	artifacts/seller-wave4/visual/182-overlay.png	MISSING
183	source/phone/seller-phone-183-siparis-islem-hata-state.png	CANCELLATION_RETURN_REFUND	Sipariş işlem hata durumu	screen/state	screen/state	E	UNIQUE_STATE	seller://returns	MISSING:SellerCancellationReturnRefundScreen	POST /api/seller/v1/returns/{returnId}/commands	167–182 · Sunucu veya doğrulama hatası	INCLUDED_CANONICAL_LAUNCH	sellerCanonical183	artifacts/seller-wave4/visual/183-runtime.png	artifacts/seller-wave4/visual/183-overlay.png	MISSING
184	source/phone/seller-phone-184-siparis-offline-state.png	CANCELLATION_RETURN_REFUND	Sipariş çevrimdışı durumu	screen/state	screen/state	E	UNIQUE_STATE	seller://returns	MISSING:SellerCancellationReturnRefundScreen	GET /api/seller/v1/orders	167–183 · Bağlantı kesildi	INCLUDED_CANONICAL_LAUNCH	sellerCanonical184	artifacts/seller-wave4/visual/184-runtime.png	artifacts/seller-wave4/visual/184-overlay.png	MISSING
185	source/phone/seller-phone-185-finans-ana-ekrani-screen.png	FINANCE	Finans ana ekranı	screen/state	screen/state	B	UNIQUE_STATE	seller://finance	SellerScreens.SellerRepresentativeFamilyScreen	GET /api/seller/v1/finance/summary	Alt menü · Finans	INCLUDED_CANONICAL_LAUNCH	sellerCanonical185	artifacts/seller-wave4/visual/185-runtime.png	artifacts/seller-wave4/visual/185-overlay.png	IMPLEMENTED_VISUALLY_INCOMPLETE
186	source/phone/seller-phone-186-finans-tarih-filtreleri-sheet.png	FINANCE	Finans tarih ve filtreleri	screen/state	screen/state	C	UNIQUE_STATE	seller://finance	SellerApp.ContentPage	GET /api/seller/v1/finance/summary	185 / 187 · Filtre	INCLUDED_CANONICAL_LAUNCH	sellerCanonical186	artifacts/seller-wave4/visual/186-runtime.png	artifacts/seller-wave4/visual/186-overlay.png	IMPLEMENTED_API_INCOMPLETE
187	source/phone/seller-phone-187-finans-hareketleri-listesi-screen.png	FINANCE	Finans hareketleri listesi	screen/state	screen/state	B	UNIQUE_STATE	seller://finance	SellerApp.ContentPage	GET /api/seller/v1/finance/ledger	185 · Hareketleri Gör / 186 · Uygula	INCLUDED_CANONICAL_LAUNCH	sellerCanonical187	artifacts/seller-wave4/visual/187-runtime.png	artifacts/seller-wave4/visual/187-overlay.png	IMPLEMENTED_API_INCOMPLETE
188	source/phone/seller-phone-188-finans-islem-detayi-screen.png	FINANCE	Finans işlem detayı	screen/state	screen/state	B	UNIQUE_STATE	seller://finance	SellerApp.ContentPage	GET /api/seller/v1/finance/ledger	187 · Hareket satırı	INCLUDED_CANONICAL_LAUNCH	sellerCanonical188	artifacts/seller-wave4/visual/188-runtime.png	artifacts/seller-wave4/visual/188-overlay.png	IMPLEMENTED_API_INCOMPLETE
189	source/phone/seller-phone-189-siparis-kazanci-detayi-screen.png	FINANCE	Sipariş kazancı detayı	screen/state	screen/state	B	UNIQUE_STATE	seller://finance	SellerApp.ContentPage	GET /api/seller/v1/finance/ledger	188 · Sipariş Kazancını Aç	INCLUDED_CANONICAL_LAUNCH	sellerCanonical189	artifacts/seller-wave4/visual/189-runtime.png	artifacts/seller-wave4/visual/189-overlay.png	IMPLEMENTED_API_INCOMPLETE
190	source/phone/seller-phone-190-komisyon-kesinti-aciklamasi-screen.png	FINANCE	Komisyon ve kesinti açıklaması	screen/state	screen/state	B	UNIQUE_STATE	seller://finance	SellerApp.ContentPage	GET /api/seller/v1/finance/ledger	189 · Kesinti Açıklamasını Gör	INCLUDED_CANONICAL_LAUNCH	sellerCanonical190	artifacts/seller-wave4/visual/190-runtime.png	artifacts/seller-wave4/visual/190-overlay.png	IMPLEMENTED_API_INCOMPLETE
191	source/phone/seller-phone-191-odeme-gecmisi-screen.png	FINANCE	Ödeme geçmişi	screen/state	screen/state	B	UNIQUE_STATE	seller://finance	SellerApp.ContentPage	GET /api/seller/v1/finance/settlements	185 / 193 · Ödeme Geçmişi	INCLUDED_CANONICAL_LAUNCH	sellerCanonical191	artifacts/seller-wave4/visual/191-runtime.png	artifacts/seller-wave4/visual/191-overlay.png	IMPLEMENTED_API_INCOMPLETE
192	source/phone/seller-phone-192-odeme-detayi-screen.png	FINANCE	Ödeme detayı	screen/state	screen/state	B	UNIQUE_STATE	seller://finance	SellerApp.ContentPage	GET /api/seller/v1/finance/settlements	191 · Tamamlanan ödeme	INCLUDED_CANONICAL_LAUNCH	sellerCanonical192	artifacts/seller-wave4/visual/192-runtime.png	artifacts/seller-wave4/visual/192-overlay.png	IMPLEMENTED_API_INCOMPLETE
193	source/phone/seller-phone-193-otomatik-odeme-plani-screen.png	FINANCE	Otomatik ödeme planı	screen/state	screen/state	B	UNIQUE_STATE	seller://finance	SellerApp.ContentPage	GET /api/seller/v1/finance/settlements	185 / 191 · Ödeme Planı	INCLUDED_CANONICAL_LAUNCH	sellerCanonical193	artifacts/seller-wave4/visual/193-runtime.png	artifacts/seller-wave4/visual/193-overlay.png	IMPLEMENTED_API_INCOMPLETE
194	source/phone/seller-phone-194-banka-hesaplari-listesi-screen.png	FINANCE	Banka hesapları listesi	screen/state	screen/state	B	UNIQUE_STATE	seller://finance/payout-accounts	SellerApp.ContentPage	GET /api/seller/v1/finance/payout-accounts	193 · Banka Hesaplarını Yönet	INCLUDED_CANONICAL_LAUNCH	sellerCanonical194	artifacts/seller-wave4/visual/194-runtime.png	artifacts/seller-wave4/visual/194-overlay.png	IMPLEMENTED_API_INCOMPLETE
195	source/phone/seller-phone-195-yeni-banka-hesabi-ekle-screen.png	FINANCE	Yeni banka hesabı ekleme	screen/state	screen/state	B	UNIQUE_STATE	seller://finance/payout-accounts	SellerApp.ContentPage	POST /api/seller/v1/finance/payout-accounts	194 · Yeni Banka Hesabı Ekle	INCLUDED_CANONICAL_LAUNCH	sellerCanonical195	artifacts/seller-wave4/visual/195-runtime.png	artifacts/seller-wave4/visual/195-overlay.png	IMPLEMENTED_API_INCOMPLETE
196	source/phone/seller-phone-196-banka-hesabi-dogrulama-state.png	FINANCE	Banka hesabı doğrulama	screen/state	screen/state	E	UNIQUE_STATE	seller://finance/payout-accounts	SellerApp.ContentPage	POST /api/seller/v1/finance/payout-accounts	195 · Doğrulamaya Gönder	INCLUDED_CANONICAL_LAUNCH	sellerCanonical196	artifacts/seller-wave4/visual/196-runtime.png	artifacts/seller-wave4/visual/196-overlay.png	IMPLEMENTED_API_INCOMPLETE
197	source/phone/seller-phone-197-varsayilan-banka-hesabi-onay-modal.png	FINANCE	Varsayılan hesap onayı	screen/state	screen/state	C	UNIQUE_STATE	seller://finance/payout-accounts	SellerApp.ContentPage	POST /api/seller/v1/finance/payout-accounts/{accountId}/commands	194 · Varsayılan Yap	INCLUDED_CANONICAL_LAUNCH	sellerCanonical197	artifacts/seller-wave4/visual/197-runtime.png	artifacts/seller-wave4/visual/197-overlay.png	IMPLEMENTED_API_INCOMPLETE
198	source/phone/seller-phone-198-banka-hesabi-kaldir-onay-modal.png	FINANCE	Banka hesabı kaldırma onayı	screen/state	screen/state	C	UNIQUE_STATE	seller://finance/payout-accounts	SellerApp.ContentPage	POST /api/seller/v1/finance/payout-accounts/{accountId}/commands	194 · Hesabı Kaldır	INCLUDED_CANONICAL_LAUNCH	sellerCanonical198	artifacts/seller-wave4/visual/198-runtime.png	artifacts/seller-wave4/visual/198-overlay.png	IMPLEMENTED_API_INCOMPLETE
199	source/phone/seller-phone-199-vergi-fatura-belgeleri-screen.png	FINANCE	Vergi ve fatura belgeleri	screen/state	screen/state	B	UNIQUE_STATE	seller://finance	SellerApp.ContentPage	GET /api/seller/v1/finance/ledger	190 / 185 · Vergi Belgeleri	INCLUDED_CANONICAL_LAUNCH	sellerCanonical199	artifacts/seller-wave4/visual/199-runtime.png	artifacts/seller-wave4/visual/199-overlay.png	IMPLEMENTED_API_INCOMPLETE
200	source/phone/seller-phone-200-finans-raporu-disa-aktar-screen.png	FINANCE	Finans raporu dışa aktarma	screen/state	screen/state	B	UNIQUE_STATE	seller://finance	SellerApp.ContentPage	POST /api/seller/v1/reports	187 · Finans Raporunu Hazırla	INCLUDED_CANONICAL_LAUNCH	sellerCanonical200	artifacts/seller-wave4/visual/200-runtime.png	artifacts/seller-wave4/visual/200-overlay.png	IMPLEMENTED_API_INCOMPLETE
201	source/phone/seller-phone-201-finans-hareketleri-bos-state.png	FINANCE	Finans boş durumu	screen/state	screen/state	E	UNIQUE_STATE	seller://finance	SellerApp.ContentPage	GET /api/seller/v1/finance/summary	186 · Sonuç yok	INCLUDED_CANONICAL_LAUNCH	sellerCanonical201	artifacts/seller-wave4/visual/201-runtime.png	artifacts/seller-wave4/visual/201-overlay.png	IMPLEMENTED_API_INCOMPLETE
202	source/phone/seller-phone-202-finans-yukleniyor-state.png	FINANCE	Finans yükleniyor durumu	screen/state	screen/state	E	UNIQUE_STATE	seller://finance	SellerApp.ContentPage	GET /api/seller/v1/finance/summary	185–201 · İlk açılış / yenileme	INCLUDED_CANONICAL_LAUNCH	sellerCanonical202	artifacts/seller-wave4/visual/202-runtime.png	artifacts/seller-wave4/visual/202-overlay.png	IMPLEMENTED_API_INCOMPLETE
203	source/phone/seller-phone-203-finans-hata-state.png	FINANCE	Finans hata durumu	screen/state	screen/state	E	UNIQUE_STATE	seller://finance	SellerApp.ContentPage	GET /api/seller/v1/finance/summary	185–202 · Güvenli yükleme hatası	INCLUDED_CANONICAL_LAUNCH	sellerCanonical203	artifacts/seller-wave4/visual/203-runtime.png	artifacts/seller-wave4/visual/203-overlay.png	IMPLEMENTED_API_INCOMPLETE
204	source/phone/seller-phone-204-finans-offline-state.png	FINANCE	Finans çevrimdışı durumu	screen/state	screen/state	E	UNIQUE_STATE	seller://finance	SellerApp.ContentPage	GET /api/seller/v1/finance/summary	185–203 · Bağlantı kesildi	INCLUDED_CANONICAL_LAUNCH	sellerCanonical204	artifacts/seller-wave4/visual/204-runtime.png	artifacts/seller-wave4/visual/204-overlay.png	IMPLEMENTED_API_INCOMPLETE
205	source/phone/seller-phone-205-analitik-ana-ekrani-screen.png	ANALYTICS	Analitik ana ekranı	screen/state	screen/state	G	UNIQUE_STATE	seller://analytics	SellerScreens.SellerRepresentativeFamilyScreen	LOCAL_CAPABILITY_DISABLED:analytics.read	Genel Bakış · Analitik kartı	EXCLUDED_FAIL_CLOSED	sellerCanonical205	artifacts/seller-wave4/visual/205-runtime.png	artifacts/seller-wave4/visual/205-overlay.png	IMPLEMENTED_VISUALLY_INCOMPLETE
206	source/phone/seller-phone-206-satis-trendi-screen.png	ANALYTICS	Satış trendi	screen/state	screen/state	G	UNIQUE_STATE	seller://analytics	MISSING:SellerAnalyticsScreen	LOCAL_CAPABILITY_DISABLED:analytics.read	205 · Net satış trendi	EXCLUDED_FAIL_CLOSED	sellerCanonical206	artifacts/seller-wave4/visual/206-runtime.png	artifacts/seller-wave4/visual/206-overlay.png	MISSING_FAIL_CLOSED_SURFACE
207	source/phone/seller-phone-207-siparis-trendi-screen.png	ANALYTICS	Sipariş trendi	screen/state	screen/state	G	UNIQUE_STATE	seller://analytics	MISSING:SellerAnalyticsScreen	LOCAL_CAPABILITY_DISABLED:analytics.read	205 · Sipariş metriği	EXCLUDED_FAIL_CLOSED	sellerCanonical207	artifacts/seller-wave4/visual/207-runtime.png	artifacts/seller-wave4/visual/207-overlay.png	MISSING_FAIL_CLOSED_SURFACE
208	source/phone/seller-phone-208-en-cok-satan-urunler-screen.png	ANALYTICS	En çok satan ürünler	screen/state	screen/state	G	UNIQUE_STATE	seller://analytics	MISSING:SellerAnalyticsScreen	LOCAL_CAPABILITY_DISABLED:analytics.read	205 · Ürün performansı	EXCLUDED_FAIL_CLOSED	sellerCanonical208	artifacts/seller-wave4/visual/208-runtime.png	artifacts/seller-wave4/visual/208-overlay.png	MISSING_FAIL_CLOSED_SURFACE
209	source/phone/seller-phone-209-dusuk-performansli-urunler-screen.png	ANALYTICS	Gelişim fırsatları	screen/state	screen/state	G	UNIQUE_STATE	seller://analytics	MISSING:SellerAnalyticsScreen	LOCAL_CAPABILITY_DISABLED:analytics.read	205 · Düşük performans	EXCLUDED_FAIL_CLOSED	sellerCanonical209	artifacts/seller-wave4/visual/209-runtime.png	artifacts/seller-wave4/visual/209-overlay.png	MISSING_FAIL_CLOSED_SURFACE
210	source/phone/seller-phone-210-goruntulenme-donusum-ozeti-screen.png	ANALYTICS	Görüntülenme ve dönüşüm	screen/state	screen/state	G	UNIQUE_STATE	seller://analytics	MISSING:SellerAnalyticsScreen	LOCAL_CAPABILITY_DISABLED:analytics.read	205 · Dönüşüm metriği	EXCLUDED_FAIL_CLOSED	sellerCanonical210	artifacts/seller-wave4/visual/210-runtime.png	artifacts/seller-wave4/visual/210-overlay.png	MISSING_FAIL_CLOSED_SURFACE
211	source/phone/seller-phone-211-ortalama-siparis-tutari-screen.png	ANALYTICS	Ortalama sipariş tutarı	screen/state	screen/state	G	UNIQUE_STATE	seller://analytics	MISSING:SellerAnalyticsScreen	LOCAL_CAPABILITY_DISABLED:analytics.read	205 · Ortalama sepet metriği	EXCLUDED_FAIL_CLOSED	sellerCanonical211	artifacts/seller-wave4/visual/211-runtime.png	artifacts/seller-wave4/visual/211-overlay.png	MISSING_FAIL_CLOSED_SURFACE
212	source/phone/seller-phone-212-sepet-donusum-oranlari-screen.png	ANALYTICS	Sepet dönüşüm oranları	screen/state	screen/state	G	UNIQUE_STATE	seller://analytics	MISSING:SellerAnalyticsScreen	LOCAL_CAPABILITY_DISABLED:analytics.read	210 · Sepete ekleme aşaması	EXCLUDED_FAIL_CLOSED	sellerCanonical212	artifacts/seller-wave4/visual/212-runtime.png	artifacts/seller-wave4/visual/212-overlay.png	MISSING_FAIL_CLOSED_SURFACE
213	source/phone/seller-phone-213-iade-orani-screen.png	ANALYTICS	İade oranı	screen/state	screen/state	G	UNIQUE_STATE	seller://analytics	MISSING:SellerAnalyticsScreen	LOCAL_CAPABILITY_DISABLED:analytics.read	205 · İade metriği	EXCLUDED_FAIL_CLOSED	sellerCanonical213	artifacts/seller-wave4/visual/213-runtime.png	artifacts/seller-wave4/visual/213-overlay.png	MISSING_FAIL_CLOSED_SURFACE
214	source/phone/seller-phone-214-magaza-puani-degerlendirme-trendi-screen.png	ANALYTICS	Mağaza puanı	screen/state	screen/state	G	UNIQUE_STATE	seller://analytics	MISSING:SellerAnalyticsScreen	LOCAL_CAPABILITY_DISABLED:analytics.read	205 · Mağaza puanı	EXCLUDED_FAIL_CLOSED	sellerCanonical214	artifacts/seller-wave4/visual/214-runtime.png	artifacts/seller-wave4/visual/214-overlay.png	MISSING_FAIL_CLOSED_SURFACE
215	source/phone/seller-phone-215-analitik-tarih-kategori-urun-filtreleri-sheet.png	ANALYTICS	Analitik filtreleri	screen/state	screen/state	G	UNIQUE_STATE	seller://analytics	MISSING:SellerAnalyticsScreen	LOCAL_CAPABILITY_DISABLED:analytics.read	205–218 · Filtreler	EXCLUDED_FAIL_CLOSED	sellerCanonical215	artifacts/seller-wave4/visual/215-runtime.png	artifacts/seller-wave4/visual/215-overlay.png	MISSING_FAIL_CLOSED_SURFACE
216	source/phone/seller-phone-216-donem-karsilastirmasi-screen.png	ANALYTICS	Dönem karşılaştırması	screen/state	screen/state	G	UNIQUE_STATE	seller://analytics	MISSING:SellerAnalyticsScreen	LOCAL_CAPABILITY_DISABLED:analytics.read	206 / 211 · Karşılaştırma	EXCLUDED_FAIL_CLOSED	sellerCanonical216	artifacts/seller-wave4/visual/216-runtime.png	artifacts/seller-wave4/visual/216-overlay.png	MISSING_FAIL_CLOSED_SURFACE
217	source/phone/seller-phone-217-urun-performansi-detayi-screen.png	ANALYTICS	Ürün performansı	screen/state	screen/state	G	UNIQUE_STATE	seller://analytics	MISSING:SellerAnalyticsScreen	LOCAL_CAPABILITY_DISABLED:analytics.read	208 / 209 / 210 / 212 / 213 · Ürün satırı	EXCLUDED_FAIL_CLOSED	sellerCanonical217	artifacts/seller-wave4/visual/217-runtime.png	artifacts/seller-wave4/visual/217-overlay.png	MISSING_FAIL_CLOSED_SURFACE
218	source/phone/seller-phone-218-analitik-raporu-disa-aktar-screen.png	ANALYTICS	Analitik raporu	screen/state	screen/state	G	UNIQUE_STATE	seller://analytics	MISSING:SellerAnalyticsScreen	LOCAL_CAPABILITY_DISABLED:report.create	205–217 · Rapor seçenekleri	EXCLUDED_FAIL_CLOSED	sellerCanonical218	artifacts/seller-wave4/visual/218-runtime.png	artifacts/seller-wave4/visual/218-overlay.png	MISSING_FAIL_CLOSED_SURFACE
219	source/phone/seller-phone-219-analitik-loading-state.png	ANALYTICS	Analitik yükleniyor	screen/state	screen/state	G	UNIQUE_STATE	seller://analytics	MISSING:SellerAnalyticsScreen	LOCAL_CAPABILITY_DISABLED:analytics.read	205–218 · İlk açılış veya yenileme	EXCLUDED_FAIL_CLOSED	sellerCanonical219	artifacts/seller-wave4/visual/219-runtime.png	artifacts/seller-wave4/visual/219-overlay.png	MISSING_FAIL_CLOSED_SURFACE
220	source/phone/seller-phone-220-analitik-veri-yok-state.png	ANALYTICS	Analitik veri yok	screen/state	screen/state	G	UNIQUE_STATE	seller://analytics	MISSING:SellerAnalyticsScreen	LOCAL_CAPABILITY_DISABLED:analytics.read	205–218 · Filtre sonucu boş	EXCLUDED_FAIL_CLOSED	sellerCanonical220	artifacts/seller-wave4/visual/220-runtime.png	artifacts/seller-wave4/visual/220-overlay.png	MISSING_FAIL_CLOSED_SURFACE
221	source/phone/seller-phone-221-analitik-hata-state.png	ANALYTICS	Analitik hata durumu	screen/state	screen/state	G	UNIQUE_STATE	seller://analytics	MISSING:SellerAnalyticsScreen	LOCAL_CAPABILITY_DISABLED:analytics.read	205–220 · Güvenli yükleme hatası	EXCLUDED_FAIL_CLOSED	sellerCanonical221	artifacts/seller-wave4/visual/221-runtime.png	artifacts/seller-wave4/visual/221-overlay.png	MISSING_FAIL_CLOSED_SURFACE
222	source/phone/seller-phone-222-analitik-offline-state.png	ANALYTICS	Analitik çevrimdışı	screen/state	screen/state	G	UNIQUE_STATE	seller://analytics	MISSING:SellerAnalyticsScreen	LOCAL_CAPABILITY_DISABLED:analytics.read	205–221 · Bağlantı kesildi	EXCLUDED_FAIL_CLOSED	sellerCanonical222	artifacts/seller-wave4/visual/222-runtime.png	artifacts/seller-wave4/visual/222-overlay.png	MISSING_FAIL_CLOSED_SURFACE
223	source/phone/seller-phone-223-kampanyalar-aktif-ana-liste-screen.png	CAMPAIGNS_COUPONS	Kampanyalar ana listesi	screen/state	screen/state	G	UNIQUE_STATE	seller://campaigns	SellerScreens.SellerRepresentativeFamilyScreen	LOCAL_CAPABILITY_DISABLED:campaign.read	Mağazam > Kampanyalar	EXCLUDED_FAIL_CLOSED	sellerCanonical223	artifacts/seller-wave4/visual/223-runtime.png	artifacts/seller-wave4/visual/223-overlay.png	IMPLEMENTED_VISUALLY_INCOMPLETE
224	source/phone/seller-phone-224-kampanyalar-zamanlanan-screen.png	CAMPAIGNS_COUPONS	Zamanlanan kampanyalar	screen/state	screen/state	G	UNIQUE_STATE	seller://campaigns	MISSING:SellerCampaignsCouponsScreen	LOCAL_CAPABILITY_DISABLED:campaign.read	223 Zamanlanan sekmesi	EXCLUDED_FAIL_CLOSED	sellerCanonical224	artifacts/seller-wave4/visual/224-runtime.png	artifacts/seller-wave4/visual/224-overlay.png	MISSING_FAIL_CLOSED_SURFACE
225	source/phone/seller-phone-225-kampanyalar-sona-eren-screen.png	CAMPAIGNS_COUPONS	Sona eren kampanyalar	screen/state	screen/state	G	UNIQUE_STATE	seller://campaigns	MISSING:SellerCampaignsCouponsScreen	LOCAL_CAPABILITY_DISABLED:campaign.read	223 Sona eren sekmesi	EXCLUDED_FAIL_CLOSED	sellerCanonical225	artifacts/seller-wave4/visual/225-runtime.png	artifacts/seller-wave4/visual/225-overlay.png	MISSING_FAIL_CLOSED_SURFACE
226	source/phone/seller-phone-226-kampanya-detayi-screen.png	CAMPAIGNS_COUPONS	Kampanya detayı	screen/state	screen/state	G	UNIQUE_STATE	seller://campaigns	MISSING:SellerCampaignsCouponsScreen	LOCAL_CAPABILITY_DISABLED:campaign.read	223 kampanya satırı	EXCLUDED_FAIL_CLOSED	sellerCanonical226	artifacts/seller-wave4/visual/226-runtime.png	artifacts/seller-wave4/visual/226-overlay.png	MISSING_FAIL_CLOSED_SURFACE
227	source/phone/seller-phone-227-yeni-kampanya-ad-amac-screen.png	CAMPAIGNS_COUPONS	Yeni kampanya adı ve amacı	screen/state	screen/state	G	UNIQUE_STATE	seller://campaigns	MISSING:SellerCampaignsCouponsScreen	LOCAL_CAPABILITY_DISABLED:campaign.draft.write	223 Yeni Kampanya	EXCLUDED_FAIL_CLOSED	sellerCanonical227	artifacts/seller-wave4/visual/227-runtime.png	artifacts/seller-wave4/visual/227-overlay.png	MISSING_FAIL_CLOSED_SURFACE
228	source/phone/seller-phone-228-kampanya-urun-secimi-screen.png	CAMPAIGNS_COUPONS	Kampanya ürün seçimi	screen/state	screen/state	G	UNIQUE_STATE	seller://campaigns	MISSING:SellerCampaignsCouponsScreen	LOCAL_CAPABILITY_DISABLED:campaign.draft.write	227 Ürün Seçimine Geç	EXCLUDED_FAIL_CLOSED	sellerCanonical228	artifacts/seller-wave4/visual/228-runtime.png	artifacts/seller-wave4/visual/228-overlay.png	MISSING_FAIL_CLOSED_SURFACE
229	source/phone/seller-phone-229-kampanya-indirim-turu-screen.png	CAMPAIGNS_COUPONS	Yüzde veya tutar indirimi	screen/state	screen/state	G	UNIQUE_STATE	seller://campaigns	MISSING:SellerCampaignsCouponsScreen	LOCAL_CAPABILITY_DISABLED:campaign.draft.write	228 İndirim Türüne Geç	EXCLUDED_FAIL_CLOSED	sellerCanonical229	artifacts/seller-wave4/visual/229-runtime.png	artifacts/seller-wave4/visual/229-overlay.png	MISSING_FAIL_CLOSED_SURFACE
230	source/phone/seller-phone-230-kampanya-minimum-sepet-screen.png	CAMPAIGNS_COUPONS	Minimum sepet ve üst sınır	screen/state	screen/state	G	UNIQUE_STATE	seller://campaigns	MISSING:SellerCampaignsCouponsScreen	LOCAL_CAPABILITY_DISABLED:campaign.draft.write	229 Sepet Koşuluna Geç	EXCLUDED_FAIL_CLOSED	sellerCanonical230	artifacts/seller-wave4/visual/230-runtime.png	artifacts/seller-wave4/visual/230-overlay.png	MISSING_FAIL_CLOSED_SURFACE
231	source/phone/seller-phone-231-kampanya-tarih-planlama-screen.png	CAMPAIGNS_COUPONS	Başlangıç ve bitiş tarihi	screen/state	screen/state	G	UNIQUE_STATE	seller://campaigns	MISSING:SellerCampaignsCouponsScreen	LOCAL_CAPABILITY_DISABLED:campaign.draft.write	230 Tarihleri Belirle	EXCLUDED_FAIL_CLOSED	sellerCanonical231	artifacts/seller-wave4/visual/231-runtime.png	artifacts/seller-wave4/visual/231-overlay.png	MISSING_FAIL_CLOSED_SURFACE
232	source/phone/seller-phone-232-kampanya-butce-stok-screen.png	CAMPAIGNS_COUPONS	Bütçe ve stok kontrolü	screen/state	screen/state	G	UNIQUE_STATE	seller://campaigns	MISSING:SellerCampaignsCouponsScreen	LOCAL_CAPABILITY_DISABLED:campaign.draft.write	231 Bütçe ve Stok	EXCLUDED_FAIL_CLOSED	sellerCanonical232	artifacts/seller-wave4/visual/232-runtime.png	artifacts/seller-wave4/visual/232-overlay.png	MISSING_FAIL_CLOSED_SURFACE
233	source/phone/seller-phone-233-satici-finansman-aciklamasi-screen.png	CAMPAIGNS_COUPONS	Satıcı finansman açıklaması	screen/state	screen/state	G	UNIQUE_STATE	seller://campaigns	MISSING:SellerCampaignsCouponsScreen	LOCAL_CAPABILITY_DISABLED:campaign.draft.write	232 Finansman Açıklaması	EXCLUDED_FAIL_CLOSED	sellerCanonical233	artifacts/seller-wave4/visual/233-runtime.png	artifacts/seller-wave4/visual/233-overlay.png	MISSING_FAIL_CLOSED_SURFACE
234	source/phone/seller-phone-234-kupon-kodu-kullanim-limiti-screen.png	CAMPAIGNS_COUPONS	Kupon kodu ve kullanım sınırı	screen/state	screen/state	G	UNIQUE_STATE	seller://campaigns	MISSING:SellerCampaignsCouponsScreen	LOCAL_CAPABILITY_DISABLED:campaign.draft.write	223 Kupon Oluştur	EXCLUDED_FAIL_CLOSED	sellerCanonical234	artifacts/seller-wave4/visual/234-runtime.png	artifacts/seller-wave4/visual/234-overlay.png	MISSING_FAIL_CLOSED_SURFACE
235	source/phone/seller-phone-235-kupon-kampanya-onizleme-screen.png	CAMPAIGNS_COUPONS	Müşteri kupon önizlemesi	screen/state	screen/state	G	UNIQUE_STATE	seller://campaigns	MISSING:SellerCampaignsCouponsScreen	LOCAL_CAPABILITY_DISABLED:campaign.draft.write	234 Kuponu Önizle	EXCLUDED_FAIL_CLOSED	sellerCanonical235	artifacts/seller-wave4/visual/235-runtime.png	artifacts/seller-wave4/visual/235-overlay.png	MISSING_FAIL_CLOSED_SURFACE
236	source/phone/seller-phone-236-kampanya-taslak-kaydedildi-state.png	CAMPAIGNS_COUPONS	Kampanya taslağı kaydedildi	screen/state	screen/state	G	UNIQUE_STATE	seller://campaigns	MISSING:SellerCampaignsCouponsScreen	LOCAL_CAPABILITY_DISABLED:campaign.draft.write	227/234 Taslak Kaydet	EXCLUDED_FAIL_CLOSED	sellerCanonical236	artifacts/seller-wave4/visual/236-runtime.png	artifacts/seller-wave4/visual/236-overlay.png	MISSING_FAIL_CLOSED_SURFACE
237	source/phone/seller-phone-237-kampanya-yayinlandi-state.png	CAMPAIGNS_COUPONS	Kampanya yayınlandı	screen/state	screen/state	G	UNIQUE_STATE	seller://campaigns	MISSING:SellerCampaignsCouponsScreen	LOCAL_CAPABILITY_DISABLED:campaign.lifecycle.command	235 Yayınla	EXCLUDED_FAIL_CLOSED	sellerCanonical237	artifacts/seller-wave4/visual/237-runtime.png	artifacts/seller-wave4/visual/237-overlay.png	MISSING_FAIL_CLOSED_SURFACE
238	source/phone/seller-phone-238-kampanya-durdurma-onay-sheet.png	CAMPAIGNS_COUPONS	Kampanyayı durdurma onayı	screen/state	screen/state	G	UNIQUE_STATE	seller://campaigns	MISSING:SellerCampaignsCouponsScreen	LOCAL_CAPABILITY_DISABLED:campaign.lifecycle.command	226 Durdur	EXCLUDED_FAIL_CLOSED	sellerCanonical238	artifacts/seller-wave4/visual/238-runtime.png	artifacts/seller-wave4/visual/238-overlay.png	MISSING_FAIL_CLOSED_SURFACE
239	source/phone/seller-phone-239-kampanya-taslak-silme-onay-modal.png	CAMPAIGNS_COUPONS	Taslak silme onayı	screen/state	screen/state	G	UNIQUE_STATE	seller://campaigns	MISSING:SellerCampaignsCouponsScreen	LOCAL_CAPABILITY_DISABLED:campaign.lifecycle.command	236 Taslağı Sil	EXCLUDED_FAIL_CLOSED	sellerCanonical239	artifacts/seller-wave4/visual/239-runtime.png	artifacts/seller-wave4/visual/239-overlay.png	MISSING_FAIL_CLOSED_SURFACE
240	source/phone/seller-phone-240-kampanyalar-bos-state.png	CAMPAIGNS_COUPONS	Kampanyalar boş durumu	screen/state	screen/state	G	UNIQUE_STATE	seller://campaigns	MISSING:SellerCampaignsCouponsScreen	LOCAL_CAPABILITY_DISABLED:campaign.read	Kampanya listesi boş	EXCLUDED_FAIL_CLOSED	sellerCanonical240	artifacts/seller-wave4/visual/240-runtime.png	artifacts/seller-wave4/visual/240-overlay.png	MISSING_FAIL_CLOSED_SURFACE
241	source/phone/seller-phone-241-kampanyalar-loading-state.png	CAMPAIGNS_COUPONS	Kampanyalar yükleniyor	screen/state	screen/state	G	UNIQUE_STATE	seller://campaigns	MISSING:SellerCampaignsCouponsScreen	LOCAL_CAPABILITY_DISABLED:campaign.read	Kampanyalar açılışı	EXCLUDED_FAIL_CLOSED	sellerCanonical241	artifacts/seller-wave4/visual/241-runtime.png	artifacts/seller-wave4/visual/241-overlay.png	MISSING_FAIL_CLOSED_SURFACE
242	source/phone/seller-phone-242-kampanyalar-hata-state.png	CAMPAIGNS_COUPONS	Kampanya veri hatası	screen/state	screen/state	G	UNIQUE_STATE	seller://campaigns	MISSING:SellerCampaignsCouponsScreen	LOCAL_CAPABILITY_DISABLED:campaign.read	Kampanya servis hatası	EXCLUDED_FAIL_CLOSED	sellerCanonical242	artifacts/seller-wave4/visual/242-runtime.png	artifacts/seller-wave4/visual/242-overlay.png	MISSING_FAIL_CLOSED_SURFACE
243	source/phone/seller-phone-243-magazam-ana-genel-gorunum-screen.png	STORE_PROFILE_POLICIES	Mağazam ana ekranı ve performans özeti	screen/state	screen/state	E	UNIQUE_STATE	seller://store	SellerScreens.SellerRepresentativeFamilyScreen	GET /api/seller/v1/stores/{storeId}	Alt menü > Mağazam	INCLUDED_CANONICAL_LAUNCH	sellerCanonical243	artifacts/seller-wave4/visual/243-runtime.png	artifacts/seller-wave4/visual/243-overlay.png	IMPLEMENTED_VISUALLY_INCOMPLETE
244	source/phone/seller-phone-244-musteri-magaza-onizleme-screen.png	STORE_PROFILE_POLICIES	Müşterinin gördüğü mağaza önizlemesi	screen/state	screen/state	B	UNIQUE_STATE	seller://store	SellerApp.ContentPage	GET /api/seller/v1/stores/{storeId}	243 Müşteri Önizlemesi	INCLUDED_CANONICAL_LAUNCH	sellerCanonical244	artifacts/seller-wave4/visual/244-runtime.png	artifacts/seller-wave4/visual/244-overlay.png	IMPLEMENTED_API_INCOMPLETE
245	source/phone/seller-phone-245-magaza-adi-aciklama-duzenle-screen.png	STORE_PROFILE_POLICIES	Mağaza adı ve açıklaması düzenleme	screen/state	screen/state	B	UNIQUE_STATE	seller://store	SellerApp.ContentPage	PATCH /api/seller/v1/stores/{storeId}	243 Profil	INCLUDED_CANONICAL_LAUNCH	sellerCanonical245	artifacts/seller-wave4/visual/245-runtime.png	artifacts/seller-wave4/visual/245-overlay.png	IMPLEMENTED_API_INCOMPLETE
246	source/phone/seller-phone-246-magaza-gorsel-kimlik-logo-kapak-screen.png	STORE_PROFILE_POLICIES	Logo ve kapak görseli düzenleme	screen/state	screen/state	B	UNIQUE_STATE	seller://store	SellerApp.ContentPage	PATCH /api/seller/v1/stores/{storeId}	243 Görsel Kimlik	INCLUDED_CANONICAL_LAUNCH	sellerCanonical246	artifacts/seller-wave4/visual/246-runtime.png	artifacts/seller-wave4/visual/246-overlay.png	IMPLEMENTED_API_INCOMPLETE
247	source/phone/seller-phone-247-magaza-iletisim-bilgileri-screen.png	STORE_PROFILE_POLICIES	Mağaza iletişim bilgileri	screen/state	screen/state	B	UNIQUE_STATE	seller://store	SellerApp.ContentPage	PATCH /api/seller/v1/stores/{storeId}	243 İletişim	INCLUDED_CANONICAL_LAUNCH	sellerCanonical247	artifacts/seller-wave4/visual/247-runtime.png	artifacts/seller-wave4/visual/247-overlay.png	IMPLEMENTED_API_INCOMPLETE
248	source/phone/seller-phone-248-kargo-teslimat-politikasi-screen.png	STORE_PROFILE_POLICIES	Kargo ve teslimat politikası	screen/state	screen/state	B	UNIQUE_STATE	seller://store	SellerApp.ContentPage	PATCH /api/seller/v1/stores/{storeId}	243 Politikalar	INCLUDED_CANONICAL_LAUNCH	sellerCanonical248	artifacts/seller-wave4/visual/248-runtime.png	artifacts/seller-wave4/visual/248-overlay.png	IMPLEMENTED_API_INCOMPLETE
249	source/phone/seller-phone-249-iade-politikasi-screen.png	STORE_PROFILE_POLICIES	İade politikası	screen/state	screen/state	B	UNIQUE_STATE	seller://store	SellerApp.ContentPage	PATCH /api/seller/v1/stores/{storeId}	243 Politikalar	INCLUDED_CANONICAL_LAUNCH	sellerCanonical249	artifacts/seller-wave4/visual/249-runtime.png	artifacts/seller-wave4/visual/249-overlay.png	IMPLEMENTED_API_INCOMPLETE
250	source/phone/seller-phone-250-magaza-calisma-durumu-screen.png	STORE_PROFILE_POLICIES	Mağaza çalışma durumu	screen/state	screen/state	B	UNIQUE_STATE	seller://store	SellerApp.ContentPage	PATCH /api/seller/v1/stores/{storeId}	243 Çalışma Durumu	INCLUDED_CANONICAL_LAUNCH	sellerCanonical250	artifacts/seller-wave4/visual/250-runtime.png	artifacts/seller-wave4/visual/250-overlay.png	IMPLEMENTED_API_INCOMPLETE
251	source/phone/seller-phone-251-magaza-gecici-kapatma-yeniden-acma-onay-sheet.png	STORE_PROFILE_POLICIES	Geçici kapatma ve yeniden açma onayı	screen/state	screen/state	C	UNIQUE_STATE	seller://store	SellerApp.ContentPage	PATCH /api/seller/v1/stores/{storeId}	250 Geçici Kapalı	INCLUDED_CANONICAL_LAUNCH	sellerCanonical251	artifacts/seller-wave4/visual/251-runtime.png	artifacts/seller-wave4/visual/251-overlay.png	IMPLEMENTED_API_INCOMPLETE
252	source/phone/seller-phone-252-magaza-degerlendirmeleri-listesi-screen.png	REPUTATION_QUESTIONS_PREVIEW	Mağaza değerlendirmeleri	screen/state	screen/state	B	UNIQUE_STATE	seller://store/reputation	SellerApp.ContentPage	GET /api/seller/v1/reputation/inbox	243 Değerlendirmeler	INCLUDED_CANONICAL_LAUNCH	sellerCanonical252	artifacts/seller-wave4/visual/252-runtime.png	artifacts/seller-wave4/visual/252-overlay.png	IMPLEMENTED_API_INCOMPLETE
253	source/phone/seller-phone-253-degerlendirme-detayi-yanit-screen.png	REPUTATION_QUESTIONS_PREVIEW	Değerlendirme detayı ve satıcı yanıtı	screen/state	screen/state	B	UNIQUE_STATE	seller://store/reputation	SellerApp.ContentPage	POST /api/seller/v1/reputation/items/{itemId}/commands	252 Değerlendirme satırı	INCLUDED_CANONICAL_LAUNCH	sellerCanonical253	artifacts/seller-wave4/visual/253-runtime.png	artifacts/seller-wave4/visual/253-overlay.png	IMPLEMENTED_API_INCOMPLETE
254	source/phone/seller-phone-254-urun-sorulari-listesi-screen.png	REPUTATION_QUESTIONS_PREVIEW	Ürün soruları listesi	screen/state	screen/state	B	UNIQUE_STATE	seller://store/reputation	SellerApp.ContentPage	GET /api/seller/v1/reputation/inbox	243 Ürün Soruları	INCLUDED_CANONICAL_LAUNCH	sellerCanonical254	artifacts/seller-wave4/visual/254-runtime.png	artifacts/seller-wave4/visual/254-overlay.png	IMPLEMENTED_API_INCOMPLETE
255	source/phone/seller-phone-255-urun-sorusu-detayi-yanit-screen.png	REPUTATION_QUESTIONS_PREVIEW	Soru detayı ve herkese açık yanıt	screen/state	screen/state	B	UNIQUE_STATE	seller://store/reputation	SellerApp.ContentPage	POST /api/seller/v1/reputation/items/{itemId}/commands	254 Soru satırı	INCLUDED_CANONICAL_LAUNCH	sellerCanonical255	artifacts/seller-wave4/visual/255-runtime.png	artifacts/seller-wave4/visual/255-overlay.png	IMPLEMENTED_API_INCOMPLETE
256	source/phone/seller-phone-256-magaza-onizleme-loading-hata-state.png	REPUTATION_QUESTIONS_PREVIEW	Mağaza önizleme loading ve hata durumları	screen/state	screen/state	E	UNIQUE_STATE	seller://store/reputation	SellerApp.ContentPage	GET /api/seller/v1/stores/{storeId}	244 Önizleme servisi	INCLUDED_CANONICAL_LAUNCH	sellerCanonical256	artifacts/seller-wave4/visual/256-runtime.png	artifacts/seller-wave4/visual/256-overlay.png	IMPLEMENTED_API_INCOMPLETE
257	source/phone/seller-phone-257-bildirim-merkezi-screen.png	NOTIFICATIONS	Satıcı bildirim merkezi	screen/state	screen/state	G	UNIQUE_STATE	seller://notifications	SellerScreens.SellerRepresentativeFamilyScreen	LOCAL_CAPABILITY_DISABLED:notification.read	Genel Bakış > Bildirim zili	EXCLUDED_FAIL_CLOSED	sellerCanonical257	artifacts/seller-wave4/visual/257-runtime.png	artifacts/seller-wave4/visual/257-overlay.png	IMPLEMENTED_VISUALLY_INCOMPLETE
258	source/phone/seller-phone-258-siparis-bildirimleri-screen.png	NOTIFICATIONS	Sipariş bildirimleri	screen/state	screen/state	G	UNIQUE_STATE	seller://notifications	MISSING:SellerNotificationsScreen	LOCAL_CAPABILITY_DISABLED:notification.read	257 Sipariş türü	EXCLUDED_FAIL_CLOSED	sellerCanonical258	artifacts/seller-wave4/visual/258-runtime.png	artifacts/seller-wave4/visual/258-overlay.png	MISSING_FAIL_CLOSED_SURFACE
259	source/phone/seller-phone-259-dusuk-stok-bildirimleri-screen.png	NOTIFICATIONS	Düşük stok bildirimleri	screen/state	screen/state	G	UNIQUE_STATE	seller://notifications	MISSING:SellerNotificationsScreen	LOCAL_CAPABILITY_DISABLED:notification.read	257 Düşük Stok türü	EXCLUDED_FAIL_CLOSED	sellerCanonical259	artifacts/seller-wave4/visual/259-runtime.png	artifacts/seller-wave4/visual/259-overlay.png	MISSING_FAIL_CLOSED_SURFACE
260	source/phone/seller-phone-260-finans-odeme-bildirimleri-screen.png	NOTIFICATIONS	Finans ve ödeme bildirimleri	screen/state	screen/state	G	UNIQUE_STATE	seller://notifications	MISSING:SellerNotificationsScreen	LOCAL_CAPABILITY_DISABLED:notification.read	257 Finans türü	EXCLUDED_FAIL_CLOSED	sellerCanonical260	artifacts/seller-wave4/visual/260-runtime.png	artifacts/seller-wave4/visual/260-overlay.png	MISSING_FAIL_CLOSED_SURFACE
261	source/phone/seller-phone-261-urun-politika-bildirimleri-screen.png	NOTIFICATIONS	Ürün ve politika bildirimleri	screen/state	screen/state	G	UNIQUE_STATE	seller://notifications	MISSING:SellerNotificationsScreen	LOCAL_CAPABILITY_DISABLED:notification.read	257 Ürün ve Politika türü	EXCLUDED_FAIL_CLOSED	sellerCanonical261	artifacts/seller-wave4/visual/261-runtime.png	artifacts/seller-wave4/visual/261-overlay.png	MISSING_FAIL_CLOSED_SURFACE
262	source/phone/seller-phone-262-bildirim-detayi-screen.png	NOTIFICATIONS	Bildirim detayı ve kaynak kayda geçiş	screen/state	screen/state	G	UNIQUE_STATE	seller://notifications	MISSING:SellerNotificationsScreen	LOCAL_CAPABILITY_DISABLED:notification.read	257/258/260/261 Bildirim satırı	EXCLUDED_FAIL_CLOSED	sellerCanonical262	artifacts/seller-wave4/visual/262-runtime.png	artifacts/seller-wave4/visual/262-overlay.png	MISSING_FAIL_CLOSED_SURFACE
263	source/phone/seller-phone-263-okundu-okunmadi-state.png	NOTIFICATIONS	Okundu ve okunmadı görünüm durumu	screen/state	screen/state	G	UNIQUE_STATE	seller://notifications	MISSING:SellerNotificationsScreen	LOCAL_CAPABILITY_DISABLED:notification.read	257 Okunmadı sekmesi	EXCLUDED_FAIL_CLOSED	sellerCanonical263	artifacts/seller-wave4/visual/263-runtime.png	artifacts/seller-wave4/visual/263-overlay.png	MISSING_FAIL_CLOSED_SURFACE
264	source/phone/seller-phone-264-toplu-bildirim-islemleri-sheet.png	NOTIFICATIONS	Toplu bildirim görünüm işlemleri	screen/state	screen/state	G	UNIQUE_STATE	seller://notifications	MISSING:SellerNotificationsScreen	LOCAL_CAPABILITY_DISABLED:notification.state.update	263 Toplu İşlemler	EXCLUDED_FAIL_CLOSED	sellerCanonical264	artifacts/seller-wave4/visual/264-runtime.png	artifacts/seller-wave4/visual/264-overlay.png	MISSING_FAIL_CLOSED_SURFACE
265	source/phone/seller-phone-265-bildirim-tercihleri-screen.png	NOTIFICATIONS	Bildirim kanalı ve tür tercihleri	screen/state	screen/state	G	UNIQUE_STATE	seller://notifications	MISSING:SellerNotificationsScreen	LOCAL_CAPABILITY_DISABLED:notification.preference.update	257 Ayarlar	EXCLUDED_FAIL_CLOSED	sellerCanonical265	artifacts/seller-wave4/visual/265-runtime.png	artifacts/seller-wave4/visual/265-overlay.png	MISSING_FAIL_CLOSED_SURFACE
266	source/phone/seller-phone-266-sessiz-saatler-screen.png	NOTIFICATIONS	Sessiz saatler ve kritik istisnalar	screen/state	screen/state	G	UNIQUE_STATE	seller://notifications	MISSING:SellerNotificationsScreen	LOCAL_CAPABILITY_DISABLED:notification.preference.update	265 Sessiz Saatler	EXCLUDED_FAIL_CLOSED	sellerCanonical266	artifacts/seller-wave4/visual/266-runtime.png	artifacts/seller-wave4/visual/266-overlay.png	MISSING_FAIL_CLOSED_SURFACE
267	source/phone/seller-phone-267-bildirimler-bos-state.png	NOTIFICATIONS	Bildirim merkezi boş durumu	screen/state	screen/state	G	UNIQUE_STATE	seller://notifications	MISSING:SellerNotificationsScreen	LOCAL_CAPABILITY_DISABLED:notification.read	257 Boş filtre	EXCLUDED_FAIL_CLOSED	sellerCanonical267	artifacts/seller-wave4/visual/267-runtime.png	artifacts/seller-wave4/visual/267-overlay.png	MISSING_FAIL_CLOSED_SURFACE
268	source/phone/seller-phone-268-bildirimler-loading-state.png	NOTIFICATIONS	Bildirim merkezi yükleniyor durumu	screen/state	screen/state	G	UNIQUE_STATE	seller://notifications	MISSING:SellerNotificationsScreen	LOCAL_CAPABILITY_DISABLED:notification.read	257 İlk yükleme	EXCLUDED_FAIL_CLOSED	sellerCanonical268	artifacts/seller-wave4/visual/268-runtime.png	artifacts/seller-wave4/visual/268-overlay.png	MISSING_FAIL_CLOSED_SURFACE
269	source/phone/seller-phone-269-bildirimler-hata-state.png	NOTIFICATIONS	Bildirim servisi hata durumu	screen/state	screen/state	G	UNIQUE_STATE	seller://notifications	MISSING:SellerNotificationsScreen	LOCAL_CAPABILITY_DISABLED:notification.read	257 Servis hatası	EXCLUDED_FAIL_CLOSED	sellerCanonical269	artifacts/seller-wave4/visual/269-runtime.png	artifacts/seller-wave4/visual/269-overlay.png	MISSING_FAIL_CLOSED_SURFACE
270	source/phone/seller-phone-270-bildirimler-offline-state.png	NOTIFICATIONS	Bildirim merkezi çevrimdışı durumu	screen/state	screen/state	G	UNIQUE_STATE	seller://notifications	MISSING:SellerNotificationsScreen	LOCAL_CAPABILITY_DISABLED:notification.read	257 Bağlantı yok	EXCLUDED_FAIL_CLOSED	sellerCanonical270	artifacts/seller-wave4/visual/270-runtime.png	artifacts/seller-wave4/visual/270-overlay.png	MISSING_FAIL_CLOSED_SURFACE
271	source/phone/seller-phone-271-musteri-mesajlari-listesi-screen.png	CUSTOMER_COMMUNICATION_SUPPORT	Müşteri mesajları listesi	screen/state	screen/state	B	UNIQUE_STATE	seller://support	SellerScreens.SellerRepresentativeFamilyScreen	LOCAL_CAPABILITY_DISABLED:customer-conversation.read	Genel Bakış > Mesajlar	INCLUDED_CANONICAL_LAUNCH	sellerCanonical271	artifacts/seller-wave4/visual/271-runtime.png	artifacts/seller-wave4/visual/271-overlay.png	IMPLEMENTED_FAIL_CLOSED_SURFACE
272	source/phone/seller-phone-272-siparis-baglamli-mesaj-konusmasi-screen.png	CUSTOMER_COMMUNICATION_SUPPORT	Sipariş bağlamlı müşteri konuşması	screen/state	screen/state	B	UNIQUE_STATE	seller://support	MISSING:SellerCustomerCommunicationSupportScreen	POST /api/seller/v1/orders/{sellerOrderId}/messages	271 Konuşma satırı veya sipariş detayı	INCLUDED_CANONICAL_LAUNCH	sellerCanonical272	artifacts/seller-wave4/visual/272-runtime.png	artifacts/seller-wave4/visual/272-overlay.png	MISSING
273	source/phone/seller-phone-273-novabot-satici-destek-screen.png	CUSTOMER_COMMUNICATION_SUPPORT	NovaBot satıcı destek ekranı	screen/state	screen/state	B	UNIQUE_STATE	seller://support	MISSING:SellerCustomerCommunicationSupportScreen	POST /api/seller/v1/support/messages	Yardım > NovaBot	INCLUDED_CANONICAL_LAUNCH	sellerCanonical273	artifacts/seller-wave4/visual/273-runtime.png	artifacts/seller-wave4/visual/273-overlay.png	MISSING
274	source/phone/seller-phone-274-canli-destege-baglanma-kuyruk-screen.png	CUSTOMER_COMMUNICATION_SUPPORT	Canlı desteğe aktarım ve kuyruk	screen/state	screen/state	B	UNIQUE_STATE	seller://support	MISSING:SellerCustomerCommunicationSupportScreen	POST /api/seller/v1/support/messages	273 Canlı desteğe bağlan	INCLUDED_CANONICAL_LAUNCH	sellerCanonical274	artifacts/seller-wave4/visual/274-runtime.png	artifacts/seller-wave4/visual/274-overlay.png	MISSING
275	source/phone/seller-phone-275-canli-temsilci-konusmasi-screen.png	CUSTOMER_COMMUNICATION_SUPPORT	Canlı destek temsilcisiyle konuşma	screen/state	screen/state	B	UNIQUE_STATE	seller://support	MISSING:SellerCustomerCommunicationSupportScreen	POST /api/seller/v1/support/messages	274 Sıra tamamlandı	INCLUDED_CANONICAL_LAUNCH	sellerCanonical275	artifacts/seller-wave4/visual/275-runtime.png	artifacts/seller-wave4/visual/275-overlay.png	MISSING
276	source/phone/seller-phone-276-gecmis-destek-gorusmeleri-screen.png	CUSTOMER_COMMUNICATION_SUPPORT	Geçmiş destek görüşmeleri	screen/state	screen/state	B	UNIQUE_STATE	seller://support	MISSING:SellerCustomerCommunicationSupportScreen	GET /api/seller/v1/support/conversations	Destek > Geçmiş	INCLUDED_CANONICAL_LAUNCH	sellerCanonical276	artifacts/seller-wave4/visual/276-runtime.png	artifacts/seller-wave4/visual/276-overlay.png	MISSING
277	source/phone/seller-phone-277-gecmis-gorusme-detayi-screen.png	CUSTOMER_COMMUNICATION_SUPPORT	Kapalı geçmiş görüşme detayı	screen/state	screen/state	B	UNIQUE_STATE	seller://support	MISSING:SellerCustomerCommunicationSupportScreen	GET /api/seller/v1/support/conversations	276 Görüşme satırı	INCLUDED_CANONICAL_LAUNCH	sellerCanonical277	artifacts/seller-wave4/visual/277-runtime.png	artifacts/seller-wave4/visual/277-overlay.png	MISSING
278	source/phone/seller-phone-278-destek-gorusmesi-puanlama-sheet.png	CUSTOMER_COMMUNICATION_SUPPORT	Destek görüşmesini puanlama	screen/state	screen/state	C	UNIQUE_STATE	seller://support	MISSING:SellerCustomerCommunicationSupportScreen	POST /api/seller/v1/support/conversations/{conversationId}/rating	277 Bu Görüşmeyi Puanla	INCLUDED_CANONICAL_LAUNCH	sellerCanonical278	artifacts/seller-wave4/visual/278-runtime.png	artifacts/seller-wave4/visual/278-overlay.png	MISSING
279	source/phone/seller-phone-279-destek-yukleniyor-state.png	CUSTOMER_COMMUNICATION_SUPPORT	Destek kayıtları yükleniyor	screen/state	screen/state	E	UNIQUE_STATE	seller://support	MISSING:SellerCustomerCommunicationSupportScreen	GET /api/seller/v1/support/conversations	Destek ilk yükleme	INCLUDED_CANONICAL_LAUNCH	sellerCanonical279	artifacts/seller-wave4/visual/279-runtime.png	artifacts/seller-wave4/visual/279-overlay.png	MISSING
280	source/phone/seller-phone-280-destek-hata-state.png	CUSTOMER_COMMUNICATION_SUPPORT	Destek servisi hata durumu	screen/state	screen/state	E	UNIQUE_STATE	seller://support	MISSING:SellerCustomerCommunicationSupportScreen	GET /api/seller/v1/support/conversations	Destek servis hatası	INCLUDED_CANONICAL_LAUNCH	sellerCanonical280	artifacts/seller-wave4/visual/280-runtime.png	artifacts/seller-wave4/visual/280-overlay.png	MISSING
281	source/phone/seller-phone-281-destek-offline-state.png	CUSTOMER_COMMUNICATION_SUPPORT	Destek çevrimdışı durumu	screen/state	screen/state	E	UNIQUE_STATE	seller://support	MISSING:SellerCustomerCommunicationSupportScreen	GET /api/seller/v1/support/conversations	Destek bağlantısı yok	INCLUDED_CANONICAL_LAUNCH	sellerCanonical281	artifacts/seller-wave4/visual/281-runtime.png	artifacts/seller-wave4/visual/281-overlay.png	MISSING
282	source/phone/seller-phone-282-ekip-uyeleri-listesi.png	TEAM_RBAC	Mağaza ekip üyeleri listesi	screen/state	screen/state	B	UNIQUE_STATE	seller://team	SellerScreens.SellerRepresentativeFamilyScreen	GET /api/seller/v1/team/members	Mağazam > Ekip ve Yetkiler	INCLUDED_CANONICAL_LAUNCH	sellerCanonical282	artifacts/seller-wave4/visual/282-runtime.png	artifacts/seller-wave4/visual/282-overlay.png	IMPLEMENTED_VISUALLY_INCOMPLETE
283	source/phone/seller-phone-283-ekip-uyesi-davet-et.png	TEAM_RBAC	Ekip üyesi davet etme	screen/state	screen/state	G	UNIQUE_STATE	seller://team	MISSING:SellerTeamRbacScreen	LOCAL_CAPABILITY_DISABLED:team.invite	282 Ekip Üyesi Davet Et	EXCLUDED_FAIL_CLOSED	sellerCanonical283	artifacts/seller-wave4/visual/283-runtime.png	artifacts/seller-wave4/visual/283-overlay.png	MISSING_FAIL_CLOSED_SURFACE
284	source/phone/seller-phone-284-rol-secimi.png	TEAM_RBAC	Rol seçimi	screen/state	screen/state	G	UNIQUE_STATE	seller://team	MISSING:SellerTeamRbacScreen	LOCAL_CAPABILITY_DISABLED:team.roles.read	283 Başlangıç rolü	EXCLUDED_FAIL_CLOSED	sellerCanonical284	artifacts/seller-wave4/visual/284-runtime.png	artifacts/seller-wave4/visual/284-overlay.png	MISSING_FAIL_CLOSED_SURFACE
285	source/phone/seller-phone-285-yetki-matrisi.png	TEAM_RBAC	Rol yetki matrisi	screen/state	screen/state	G	UNIQUE_STATE	seller://team	MISSING:SellerTeamRbacScreen	LOCAL_CAPABILITY_DISABLED:team.roles.read	284 Yetkileri Gör	EXCLUDED_FAIL_CLOSED	sellerCanonical285	artifacts/seller-wave4/visual/285-runtime.png	artifacts/seller-wave4/visual/285-overlay.png	MISSING_FAIL_CLOSED_SURFACE
286	source/phone/seller-phone-286-ekip-uyesi-detayi.png	TEAM_RBAC	Ekip üyesi detayı	screen/state	screen/state	B	UNIQUE_STATE	seller://team	SellerApp.SellerTeamScreen	GET /api/seller/v1/team/members	282 Üye satırı	INCLUDED_CANONICAL_LAUNCH	sellerCanonical286	artifacts/seller-wave4/visual/286-runtime.png	artifacts/seller-wave4/visual/286-overlay.png	IMPLEMENTED_API_INCOMPLETE
287	source/phone/seller-phone-287-yetki-duzenleme.png	TEAM_RBAC	Ekip üyesi yetki düzenleme	screen/state	screen/state	G	UNIQUE_STATE	seller://team	MISSING:SellerTeamRbacScreen	LOCAL_CAPABILITY_DISABLED:team.member.update	286 Yetkileri Düzenle	EXCLUDED_FAIL_CLOSED	sellerCanonical287	artifacts/seller-wave4/visual/287-runtime.png	artifacts/seller-wave4/visual/287-overlay.png	MISSING_FAIL_CLOSED_SURFACE
288	source/phone/seller-phone-288-davet-bekliyor.png	TEAM_RBAC	Davet bekliyor	screen/state	screen/state	B	UNIQUE_STATE	seller://team	SellerApp.SellerTeamScreen	GET /api/seller/v1/team/members	282 Bekleyen davet	INCLUDED_CANONICAL_LAUNCH	sellerCanonical288	artifacts/seller-wave4/visual/288-runtime.png	artifacts/seller-wave4/visual/288-overlay.png	IMPLEMENTED_API_INCOMPLETE
289	source/phone/seller-phone-289-davet-kabul-edildi.png	TEAM_RBAC	Davet kabul edildi	screen/state	screen/state	B	UNIQUE_STATE	seller://team	SellerApp.SellerTeamScreen	GET /api/seller/v1/team/members	288 Davet kabulü	INCLUDED_CANONICAL_LAUNCH	sellerCanonical289	artifacts/seller-wave4/visual/289-runtime.png	artifacts/seller-wave4/visual/289-overlay.png	IMPLEMENTED_API_INCOMPLETE
290	source/phone/seller-phone-290-ekip-uyesi-kaldirma-onay-sheet.png	TEAM_RBAC	Ekip üyesini kaldırma güvenli onayı	screen/state	screen/state	G	UNIQUE_STATE	seller://team	MISSING:SellerTeamRbacScreen	LOCAL_CAPABILITY_DISABLED:team.member.remove	286 Üyeyi Kaldır	EXCLUDED_FAIL_CLOSED	sellerCanonical290	artifacts/seller-wave4/visual/290-runtime.png	artifacts/seller-wave4/visual/290-overlay.png	MISSING_FAIL_CLOSED_SURFACE
291	source/phone/seller-phone-291-yetki-yetersiz-salt-okunur-state.png	TEAM_RBAC	Yetki yetersizliği / salt okunur durum	screen/state	screen/state	G	UNIQUE_STATE	seller://team	MISSING:SellerTeamRbacScreen	LOCAL_CAPABILITY_DISABLED:ui.permission_denied	Ekip yönetiminde yetkisiz işlem	EXCLUDED_FAIL_CLOSED	sellerCanonical291	artifacts/seller-wave4/visual/291-runtime.png	artifacts/seller-wave4/visual/291-overlay.png	MISSING_FAIL_CLOSED_SURFACE
292	source/phone/seller-phone-292-hesap-guvenlik-merkezi.png	ACCOUNT_SECURITY	Hesap ve güvenlik merkezi	screen/state	screen/state	B	UNIQUE_STATE	seller://settings/security	SellerScreens.SellerRepresentativeFamilyScreen	GET /api/seller/v1/security/sessions	Mağazam > Hesap ve Güvenlik	INCLUDED_CANONICAL_LAUNCH	sellerCanonical292	artifacts/seller-wave4/visual/292-runtime.png	artifacts/seller-wave4/visual/292-overlay.png	IMPLEMENTED_VISUALLY_INCOMPLETE
293	source/phone/seller-phone-293-profil-eposta-telefon-duzenleme.png	ACCOUNT_SECURITY	Profil, e-posta ve telefon düzenleme	screen/state	screen/state	B	UNIQUE_STATE	seller://settings/security	MISSING:SellerAccountSecurityScreen	POST /api/seller/v1/security/commands	292 Profil ve iletişim	INCLUDED_CANONICAL_LAUNCH	sellerCanonical293	artifacts/seller-wave4/visual/293-runtime.png	artifacts/seller-wave4/visual/293-overlay.png	MISSING
294	source/phone/seller-phone-294-parola-2fa-qr-kurtarma-kodlari.png	ACCOUNT_SECURITY	Parola, 2FA, QR ve kurtarma kodları	screen/state	screen/state	B	UNIQUE_STATE	seller://settings/security	MISSING:SellerAccountSecurityScreen	POST /api/seller/v1/security/commands	292 Parola ve 2 adımlı giriş	INCLUDED_CANONICAL_LAUNCH	sellerCanonical294	artifacts/seller-wave4/visual/294-runtime.png	artifacts/seller-wave4/visual/294-overlay.png	MISSING
295	source/phone/seller-phone-295-aktif-cihazlar-oturum-kapatma.png	ACCOUNT_SECURITY	Aktif cihazlar ve güvenli oturum kapatma	screen/state	screen/state	B	UNIQUE_STATE	seller://settings/security	MISSING:SellerAccountSecurityScreen	POST /api/seller/v1/security/commands	292 Cihazlar ve oturumlar	INCLUDED_CANONICAL_LAUNCH	sellerCanonical295	artifacts/seller-wave4/visual/295-runtime.png	artifacts/seller-wave4/visual/295-overlay.png	MISSING
296	source/phone/seller-phone-296-gizlilik-yasal-sozlesme-yardim.png	ACCOUNT_SECURITY	Gizlilik, yasal, sözleşme ve yardım	screen/state	screen/state	B	UNIQUE_STATE	seller://settings/security	MISSING:SellerAccountSecurityScreen	NONE N/A-BACKEND	292 Gizlilik, yasal ve yardım	INCLUDED_CANONICAL_LAUNCH	sellerCanonical296	artifacts/seller-wave4/visual/296-runtime.png	artifacts/seller-wave4/visual/296-overlay.png	MISSING
