REFERENCE_ID	PNG_PATH	PNG_SHA256	PNG_WIDTH	PNG_HEIGHT	FULL_SCREEN_SVG_PATH	SVG_EXISTS	SVG_CLASSIFICATION	SVG_SHA256	SVG_VIEWBOX	SVG_WIDTH	SVG_HEIGHT	MANIFEST_HASH_VERIFIED	SVG_RENDERER	SVG_TO_PNG_DELTA_PERCENT	SVG_TO_PNG_RESULT	DESIGN_TURN/MANIFEST	CANONICAL_INCLUDED_OR_EXCLUDED
001	source/phone/seller-phone-001-giris-default-screen.png	bb1021ccb12f327040c7d0215ba3b432e9b358dcf36d022f29ee6f42887de585	853	1844		NO	NONE					PASS	N/A	N/A	N/A	BINDING_HANDOFF/PACKAGE_MANIFEST.sha256	INCLUDED_CANONICAL_LAUNCH
002	source/phone/seller-phone-002-giris-form-hatasi-state.png	e950a67aa5faccceb803af6f5aec11dc3655fba197bc9587d797ed39ba6c0fd5	852	1846	source/svg/seller-phone-002-giris-form-hatasi-state.svg	YES	FULL_SCREEN_SVG	2879ba990b0136629aea02003c8f44d873095d4496a1d78aa3fb652b34ae1bec	0 0 852 1846	852	1846	PASS	msedge.exe:sha256:af02a342b7e6fa7d1154d9152b5997ff2be300b3a7a678feaae863c9fbea32cb	3.413738	PASS	BINDING_HANDOFF/PACKAGE_MANIFEST.sha256	INCLUDED_CANONICAL_LAUNCH
003	source/phone/seller-phone-003-giris-loading-state.png	352d58cb43d3a875067d38b514ab93d3b9dbcbcd93787f66f735cc795b05efc4	852	1846	source/svg/seller-phone-003-giris-loading-state.svg	YES	FULL_SCREEN_SVG	2f8c95b6a90efd44965df0b684ce6c4d5e40153d07d01b25c432287a1f9e9e79	0 0 852 1846	852	1846	PASS	msedge.exe:sha256:af02a342b7e6fa7d1154d9152b5997ff2be300b3a7a678feaae863c9fbea32cb	2.537462	PASS	BINDING_HANDOFF/PACKAGE_MANIFEST.sha256	INCLUDED_CANONICAL_LAUNCH
004	source/phone/seller-phone-004-giris-baglanti-hatasi-state.png	22f23dbd5e1c2a551f21c4ba3d39474b2b75b8b86ac613d7cf83350d10a3a037	852	1846	source/svg/seller-phone-004-giris-baglanti-hatasi-state.svg	YES	FULL_SCREEN_SVG	cf5f00250f4c3ce329b852a970768f95b6d7fdbba48288e78084c343b67ef756	0 0 852 1846	852	1846	PASS	msedge.exe:sha256:af02a342b7e6fa7d1154d9152b5997ff2be300b3a7a678feaae863c9fbea32cb	3.579176	PASS	BINDING_HANDOFF/PACKAGE_MANIFEST.sha256	INCLUDED_CANONICAL_LAUNCH
005	source/phone/seller-phone-005-sifremi-unuttum-screen.png	9c0ec7080e90d0e9185152d3e7a59d56b11dc3679af24c6ef9ec4a6c607be386	852	1846		NO	NONE					PASS	N/A	N/A	N/A	BINDING_HANDOFF/PACKAGE_MANIFEST.sha256	EXCLUDED_FAIL_CLOSED
006	source/phone/seller-phone-006-sifre-kodu-screen.png	35f06503011382a8e2c4f31b811f45876c5a86b02c092c0e97c3f4df63bf7d9d	852	1846		NO	NONE					PASS	N/A	N/A	N/A	BINDING_HANDOFF/PACKAGE_MANIFEST.sha256	EXCLUDED_FAIL_CLOSED
007	source/phone/seller-phone-007-sifre-kodu-hatali-state.png	279e350b6999c369d6c9adac5f9f2b4c2b6896f1c457a1f71e25a2d46346f8f0	852	1846	source/svg/seller-phone-007-sifre-kodu-hatali-state.svg	YES	FULL_SCREEN_SVG	9923e66a21dd7c0a2cb55f35ca4a6ac84e6d157260f8710b1326dc901d0d9da1	0 0 852 1846	852	1846	PASS	msedge.exe:sha256:af02a342b7e6fa7d1154d9152b5997ff2be300b3a7a678feaae863c9fbea32cb	3.035748	PASS	BINDING_HANDOFF/PACKAGE_MANIFEST.sha256	EXCLUDED_FAIL_CLOSED
008	source/phone/seller-phone-008-sifre-kodu-suresi-doldu-state.png	c58d6156b44b23dc4b19a33620eab831c57c04580568a21630255895a776187e	852	1846	source/svg/seller-phone-008-sifre-kodu-suresi-doldu-state.svg	YES	FULL_SCREEN_SVG	39d624e7151624c0c2fe431540d317bbcbd53b67acf4f5df66f76189ad30ca78	0 0 852 1846	852	1846	PASS	msedge.exe:sha256:af02a342b7e6fa7d1154d9152b5997ff2be300b3a7a678feaae863c9fbea32cb	2.968161	PASS	BINDING_HANDOFF/PACKAGE_MANIFEST.sha256	EXCLUDED_FAIL_CLOSED
009	source/phone/seller-phone-009-sifre-kodu-yeniden-gonderildi-state.png	21e056a6f83e186c9f25e5080c1e7f241a4bb088b3350f42ace58d89ec622294	852	1846	source/svg/seller-phone-009-sifre-kodu-yeniden-gonderildi-state.svg	YES	FULL_SCREEN_SVG	66476b6d9e448b869cb101c603d1679b4cc9210c5c658a67b0d9afa4bc3582a7	0 0 852 1846	852	1846	PASS	msedge.exe:sha256:af02a342b7e6fa7d1154d9152b5997ff2be300b3a7a678feaae863c9fbea32cb	3.372283	PASS	BINDING_HANDOFF/PACKAGE_MANIFEST.sha256	EXCLUDED_FAIL_CLOSED
010	source/phone/seller-phone-010-yeni-sifre-screen.png	e41e7dff54f154ca2b7a2396e7d3034262b0c6ef5cc7055aa6fe799c76dd4fe6	852	1846		NO	NONE					PASS	N/A	N/A	N/A	BINDING_HANDOFF/PACKAGE_MANIFEST.sha256	EXCLUDED_FAIL_CLOSED
011	source/phone/seller-phone-011-sifre-degistirildi-state.png	33335b43789b91f454743efc55082d5ddf4122413e173b82258e62c87c92e42c	852	1846	source/svg/seller-phone-011-sifre-degistirildi-state.svg	YES	FULL_SCREEN_SVG	66363d93bff98f63c5804dbf7c1375c3edc74b22a7371488e78168b7459bee0d	0 0 852 1846	852	1846	PASS	msedge.exe:sha256:af02a342b7e6fa7d1154d9152b5997ff2be300b3a7a678feaae863c9fbea32cb	2.883471	PASS	BINDING_HANDOFF/PACKAGE_MANIFEST.sha256	EXCLUDED_FAIL_CLOSED
012	source/phone/seller-phone-012-satici-hesabi-olustur-screen.png	b64ed18e56408c36653e4f53335634efc3e747c2552fd448be45bcbb1dcd8a5f	852	1846		NO	NONE					PASS	N/A	N/A	N/A	BINDING_HANDOFF/PACKAGE_MANIFEST.sha256	EXCLUDED_FAIL_CLOSED
013	source/phone/seller-phone-013-satici-turu-sec-screen.png	21e0a1d30062b548a79848ff4fd87ef05352035517774af5ce0a2993b1b3e9d6	852	1846	source/svg/seller-phone-013-satici-turu-sec-screen.svg	YES	FULL_SCREEN_SVG	183c7cd89693aadd839a9a40e86d7385d967f8c81ae36167f200926e0352c1e8	0 0 852 1846	852	1846	PASS	msedge.exe:sha256:af02a342b7e6fa7d1154d9152b5997ff2be300b3a7a678feaae863c9fbea32cb	4.013118	PASS	BINDING_HANDOFF/PACKAGE_MANIFEST.sha256	EXCLUDED_FAIL_CLOSED
014	source/phone/seller-phone-014-eposta-dogrulama-screen.png	d5cfe3ce3a980f37ca415fb69c6109346d6614f69925ffe919fdeb53c2efa9d2	852	1846	source/svg/seller-phone-014-eposta-dogrulama-screen.svg	YES	FULL_SCREEN_SVG	906a27e6e92b07b2d82727705685d563340719cec9357572f455ee4c244bc526	0 0 852 1846	852	1846	PASS	msedge.exe:sha256:af02a342b7e6fa7d1154d9152b5997ff2be300b3a7a678feaae863c9fbea32cb	3.500844	PASS	BINDING_HANDOFF/PACKAGE_MANIFEST.sha256	EXCLUDED_FAIL_CLOSED
015	source/phone/seller-phone-015-telefon-dogrulama-screen.png	6b0a0849370244a835e758acf358159326c4fc79bb02af17f1b6821c8f59b6cc	852	1846	source/svg/seller-phone-015-telefon-dogrulama-screen.svg	YES	FULL_SCREEN_SVG	1f8e65a392e21cc6cb7acfdad4ed84cfc19a752b496079b42b76f5cae7406641	0 0 852 1846	852	1846	PASS	msedge.exe:sha256:af02a342b7e6fa7d1154d9152b5997ff2be300b3a7a678feaae863c9fbea32cb	3.417044	PASS	BINDING_HANDOFF/PACKAGE_MANIFEST.sha256	EXCLUDED_FAIL_CLOSED
016	source/phone/seller-phone-016-dogrulama-kodu-hatali-state.png	e571020d7a6ed71c25fa5c4c34aeb9acadd08bd6d5e31a9a6e7e3bc898454f00	852	1846	source/svg/seller-phone-016-dogrulama-kodu-hatali-state.svg	YES	FULL_SCREEN_SVG	d242f9bfc038e9d63d143644a06e02ed395f337dea62c7e1dac6d27998dbd4fd	0 0 852 1846	852	1846	PASS	msedge.exe:sha256:af02a342b7e6fa7d1154d9152b5997ff2be300b3a7a678feaae863c9fbea32cb	3.378768	PASS	BINDING_HANDOFF/PACKAGE_MANIFEST.sha256	EXCLUDED_FAIL_CLOSED
017	source/phone/seller-phone-017-dogrulama-kodu-suresi-doldu-state.png	38a2aa3767ae6a2268778fc676c9de88d8c79c1f01ec90b48ac69d2797e9b389	852	1846	source/svg/seller-phone-017-dogrulama-kodu-suresi-doldu-state.svg	YES	FULL_SCREEN_SVG	b58a1e98e012eb0cbe5e0ae3658c47ff8f037e46e2d204327d283eaa4490ad22	0 0 852 1846	852	1846	PASS	msedge.exe:sha256:af02a342b7e6fa7d1154d9152b5997ff2be300b3a7a678feaae863c9fbea32cb	3.280790	PASS	BINDING_HANDOFF/PACKAGE_MANIFEST.sha256	EXCLUDED_FAIL_CLOSED
018	source/phone/seller-phone-018-dogrulama-kodu-yeniden-gonderildi-state.png	3d3cb9b3478f29d8b6f6e960795edf1f56d3d31c5478ac47a6dccd6037e47e42	852	1846	source/svg/seller-phone-018-dogrulama-kodu-yeniden-gonderildi-state.svg	YES	FULL_SCREEN_SVG	e08fa37b73fd1130f9d23e42ab1bd8581551be130c899c19b7311dd6d8adf18c	0 0 852 1846	852	1846	PASS	msedge.exe:sha256:af02a342b7e6fa7d1154d9152b5997ff2be300b3a7a678feaae863c9fbea32cb	3.416790	PASS	BINDING_HANDOFF/PACKAGE_MANIFEST.sha256	EXCLUDED_FAIL_CLOSED
019	source/phone/seller-phone-019-iki-adimli-giris-screen.png	432bab4d04da5d17fa2c527731c24c965b6233fd6e39bdd724674d3e0188a516	852	1846	source/svg/seller-phone-019-iki-adimli-giris-screen.svg	YES	FULL_SCREEN_SVG	0b036aaf3e24e92ffff134ac635ecfced88d40a96661324089e96e1f5a1d6033	0 0 852 1846	852	1846	PASS	msedge.exe:sha256:af02a342b7e6fa7d1154d9152b5997ff2be300b3a7a678feaae863c9fbea32cb	3.601048	PASS	BINDING_HANDOFF/PACKAGE_MANIFEST.sha256	EXCLUDED_FAIL_CLOSED
020	source/phone/seller-phone-020-cihaz-oturum-dogrulama-screen.png	8b78d33d7165574116b47979db2a6aacd146a766f602afc1ee84d4193d0cb5a3	852	1846	source/svg/seller-phone-020-cihaz-oturum-dogrulama-screen.svg	YES	FULL_SCREEN_SVG	71f0162db7ea31d69796272e02ae3ac2b2baf30f9e6a74eb4d6261b77d75164a	0 0 852 1846	852	1846	PASS	msedge.exe:sha256:af02a342b7e6fa7d1154d9152b5997ff2be300b3a7a678feaae863c9fbea32cb	3.886846	PASS	BINDING_HANDOFF/PACKAGE_MANIFEST.sha256	EXCLUDED_FAIL_CLOSED
021	source/phone/seller-phone-021-oturum-suresi-doldu-modal.png	8bc509a76dfcaa19a9fbc9e36c360a2a2db18ce0734b832c02c9315052d5d3eb	852	1846	source/svg/seller-phone-021-oturum-suresi-doldu-modal.svg	YES	FULL_SCREEN_SVG	a1580aff1add7810b58c1c8fe7076cc9a776a2140547877c33959ccaf0b8426a	0 0 852 1846	852	1846	PASS	msedge.exe:sha256:af02a342b7e6fa7d1154d9152b5997ff2be300b3a7a678feaae863c9fbea32cb	2.260439	PASS	BINDING_HANDOFF/PACKAGE_MANIFEST.sha256	INCLUDED_CANONICAL_LAUNCH
022	source/phone/seller-phone-022-cikis-onayi-sheet.png	c3d30e7e0e23dca67d25b38d5e002df4cbe6e617c0d8cbd68daa0f929a1d9e90	852	1846	source/svg/seller-phone-022-cikis-onayi-sheet.svg	YES	FULL_SCREEN_SVG	049a715fdf1bb5b53b2a19ea031f7230e8c676e4a86024165b5d2e456195713b	0 0 852 1846	852	1846	PASS	msedge.exe:sha256:af02a342b7e6fa7d1154d9152b5997ff2be300b3a7a678feaae863c9fbea32cb	2.936243	PASS	BINDING_HANDOFF/PACKAGE_MANIFEST.sha256	INCLUDED_CANONICAL_LAUNCH
023	source/phone/seller-phone-023-basvuru-inceleniyor-state.png	e375a1347b8eb576b7fc9b455037a3352b9d5b0e30b0bd826fcf908dbe875e2f	852	1846		NO	NONE					PASS	N/A	N/A	N/A	BINDING_HANDOFF/PACKAGE_MANIFEST.sha256	EXCLUDED_FAIL_CLOSED
024	source/phone/seller-phone-024-basvuru-onaylandi-state.png	8c2387afa9f2b41f581dad99052d8910fd46ede8b0fca60452848a78725e1c28	852	1846	source/svg/seller-phone-024-basvuru-onaylandi-state.svg	YES	FULL_SCREEN_SVG	b5288c02ce156d85ab1c80365d55af3529e4114cda414df4134c46e3bb5f4f01	0 0 852 1846	852	1846	PASS	msedge.exe:sha256:af02a342b7e6fa7d1154d9152b5997ff2be300b3a7a678feaae863c9fbea32cb	3.633983	PASS	BINDING_HANDOFF/PACKAGE_MANIFEST.sha256	EXCLUDED_FAIL_CLOSED
025	source/phone/seller-phone-025-basvuru-duzeltme-gerekli-state.png	47d4259d7689068251d510ec4607e973cd8dcb8d4916decefac0222da0c250b3	852	1846	source/svg/seller-phone-025-basvuru-duzeltme-gerekli-state.svg	YES	FULL_SCREEN_SVG	850a789044c17803fcd1a29b89c89150edecad68b07cef6bf76e15ab06a32160	0 0 852 1846	852	1846	PASS	msedge.exe:sha256:af02a342b7e6fa7d1154d9152b5997ff2be300b3a7a678feaae863c9fbea32cb	3.549293	PASS	BINDING_HANDOFF/PACKAGE_MANIFEST.sha256	EXCLUDED_FAIL_CLOSED
026	source/phone/seller-phone-026-hesap-askiya-alindi-state.png	2c5cbbc4a6a13186723880906cced00def3359a5db3ff272bcee729a23a605b1	852	1846	source/svg/seller-phone-026-hesap-askiya-alindi-state.svg	YES	FULL_SCREEN_SVG	14cc69d39829099c8094b304837cdc05338775e4defd0babbc86530b26b162ce	0 0 852 1846	852	1846	PASS	msedge.exe:sha256:af02a342b7e6fa7d1154d9152b5997ff2be300b3a7a678feaae863c9fbea32cb	4.285564	PASS	BINDING_HANDOFF/PACKAGE_MANIFEST.sha256	EXCLUDED_FAIL_CLOSED
027	source/phone/seller-phone-027-kurulum-ozeti-screen.png	2768b80ccbef1c852800b0f1a04ecbaeca824253f6d27bf439dfd44ec6a63469	852	1846		NO	NONE					PASS	N/A	N/A	N/A	BINDING_HANDOFF/PACKAGE_MANIFEST.sha256	EXCLUDED_FAIL_CLOSED
028	source/phone/seller-phone-028-magaza-adi-kullanici-adi-screen.png	6a9b74317692f1ef53736c8b4878ad5f89e14a33ead363928d078d76e7db3521	852	1846	source/svg/seller-phone-028-magaza-adi-kullanici-adi-screen.svg	YES	FULL_SCREEN_SVG	aad86b4a2b13a718f2143bd3f62f05c6a426719403014243fd7b0683962825ec	0 0 852 1846	852	1846	PASS	msedge.exe:sha256:af02a342b7e6fa7d1154d9152b5997ff2be300b3a7a678feaae863c9fbea32cb	4.368728	PASS	BINDING_HANDOFF/PACKAGE_MANIFEST.sha256	EXCLUDED_FAIL_CLOSED
029	source/phone/seller-phone-029-logo-kaynak-sec-sheet.png	8a2561a7525d81caef8b4d12bd37db4928174fb2e01c349809f732b09de2cbc8	852	1846	source/svg/seller-phone-029-logo-kaynak-sec-sheet.svg	YES	FULL_SCREEN_SVG	fb8759a7b2b4414245ff13d1b712298752193539ac1b0bd546e8361953ddbb90	0 0 852 1846	852	1846	PASS	msedge.exe:sha256:af02a342b7e6fa7d1154d9152b5997ff2be300b3a7a678feaae863c9fbea32cb	3.986668	PASS	BINDING_HANDOFF/PACKAGE_MANIFEST.sha256	EXCLUDED_FAIL_CLOSED
030	source/phone/seller-phone-030-logo-kirp-screen.png	d06b385c7a11c59a8e9a25c350db88b64dab69d01f3678a4dbbe99d5fa95954e	852	1846	source/svg/seller-phone-030-logo-kirp-screen.svg	YES	FULL_SCREEN_SVG	e6c45e80e139e3e13528ffd9f3d1dc829c07454ebde5793b0d677e510c109e21	0 0 852 1846	852	1846	PASS	msedge.exe:sha256:af02a342b7e6fa7d1154d9152b5997ff2be300b3a7a678feaae863c9fbea32cb	2.536699	PASS	BINDING_HANDOFF/PACKAGE_MANIFEST.sha256	EXCLUDED_FAIL_CLOSED
031	source/phone/seller-phone-031-kapak-gorseli-yukle-screen.png	84c258283ee0410c34500023f5a9cf31989b9b89807aee97ae568fb3ebe3f034	852	1846	source/svg/seller-phone-031-kapak-gorseli-yukle-screen.svg	YES	FULL_SCREEN_SVG	fa49a774a632dbd57a4a10ad3a03203d94fa895ea1d1b56a09eef69f9d5f863b	0 0 852 1846	852	1846	PASS	msedge.exe:sha256:af02a342b7e6fa7d1154d9152b5997ff2be300b3a7a678feaae863c9fbea32cb	24.364188	FAIL	BINDING_HANDOFF/PACKAGE_MANIFEST.sha256	EXCLUDED_FAIL_CLOSED
032	source/phone/seller-phone-032-isletme-turu-yasal-unvan-screen.png	831e1c66b6b99b1ea141cf86a1438bc47c0a891cf9a61daa1a21a9c076e42fd6	852	1846	source/svg/seller-phone-032-isletme-turu-yasal-unvan-screen.svg	YES	FULL_SCREEN_SVG	a6fc9c4c9d5aa1c99b703bc8c50959616fd5da31613d674f027d56e8346b3805	0 0 852 1846	852	1846	PASS	msedge.exe:sha256:af02a342b7e6fa7d1154d9152b5997ff2be300b3a7a678feaae863c9fbea32cb	3.994552	PASS	BINDING_HANDOFF/PACKAGE_MANIFEST.sha256	EXCLUDED_FAIL_CLOSED
033	source/phone/seller-phone-033-vergi-bilgileri-screen.png	dd4a9848a6dd0fe27046b306cd1dd5f92710328d8bdcd0827fd7e197298d977b	852	1846	source/svg/seller-phone-033-vergi-bilgileri-screen.svg	YES	FULL_SCREEN_SVG	321f942805da42f0ee5615314b4d2eb0cc0461eaac5477541f34dd1ee98bde71	0 0 852 1846	852	1846	PASS	msedge.exe:sha256:af02a342b7e6fa7d1154d9152b5997ff2be300b3a7a678feaae863c9fbea32cb	3.376607	PASS	BINDING_HANDOFF/PACKAGE_MANIFEST.sha256	EXCLUDED_FAIL_CLOSED
034	source/phone/seller-phone-034-vergi-dogrulama-basarili-state.png	1e8ff4038a209defcb423d484d8c94b341dcd9a7c2d399671bddb447fb6fd149	852	1846	source/svg/seller-phone-034-vergi-dogrulama-basarili-state.svg	YES	FULL_SCREEN_SVG	427716a4b9846d91a2217f637da30f90368ffd07efb03dc73c56428b1e1de6b8	0 0 852 1846	852	1846	PASS	msedge.exe:sha256:af02a342b7e6fa7d1154d9152b5997ff2be300b3a7a678feaae863c9fbea32cb	3.304951	PASS	BINDING_HANDOFF/PACKAGE_MANIFEST.sha256	EXCLUDED_FAIL_CLOSED
035	source/phone/seller-phone-035-vergi-dogrulama-basarisiz-state.png	09a4817608be61aeebe823135dea0ef17c698118c43817e2f33bc3db3e4bb9e1	852	1846	source/svg/seller-phone-035-vergi-dogrulama-basarisiz-state.svg	YES	FULL_SCREEN_SVG	127ae9cc5469c1011ed01136e653f4f54dfb5b76b015493f7ef5d7adaa59d1f2	0 0 852 1846	852	1846	PASS	msedge.exe:sha256:af02a342b7e6fa7d1154d9152b5997ff2be300b3a7a678feaae863c9fbea32cb	4.164505	PASS	BINDING_HANDOFF/PACKAGE_MANIFEST.sha256	EXCLUDED_FAIL_CLOSED
036	source/phone/seller-phone-036-yetkili-kisi-screen.png	49e76d490649c258ff65de948d2815d8190cfd1a7c73821105faa8bfe5832563	852	1846	source/svg/seller-phone-036-yetkili-kisi-screen.svg	YES	FULL_SCREEN_SVG	f076a1920bb3b96086d26de9d429c58b94c4dbb19ca4cafd9e775060f9ccee33	0 0 852 1846	852	1846	PASS	msedge.exe:sha256:af02a342b7e6fa7d1154d9152b5997ff2be300b3a7a678feaae863c9fbea32cb	3.686692	PASS	BINDING_HANDOFF/PACKAGE_MANIFEST.sha256	EXCLUDED_FAIL_CLOSED
037	source/phone/seller-phone-037-isletme-adresi-screen.png	e28e5e3c033d39cb44158fae6ed901e1f34dc7ad1c912baa8799152a295503f0	852	1846	source/svg/seller-phone-037-isletme-adresi-screen.svg	YES	FULL_SCREEN_SVG	c15ed5afd7ef627ce4d5dd0e5b0b6b400ec346813ec85fddf0cb5327b67d34ff	0 0 852 1846	852	1846	PASS	msedge.exe:sha256:af02a342b7e6fa7d1154d9152b5997ff2be300b3a7a678feaae863c9fbea32cb	3.470898	PASS	BINDING_HANDOFF/PACKAGE_MANIFEST.sha256	EXCLUDED_FAIL_CLOSED
038	source/phone/seller-phone-038-kargo-cikis-adresi-screen.png	b0b60f88c4f93307ed4399cbbc5994784baa1807db72bb1a2ab2dc56a92e29bb	852	1846	source/svg/seller-phone-038-kargo-cikis-adresi-screen.svg	YES	FULL_SCREEN_SVG	c946f0ba1ff45ca3d2bd69ba8bf3957f28066e96af9bafc3dcad24883b598e83	0 0 852 1846	852	1846	PASS	msedge.exe:sha256:af02a342b7e6fa7d1154d9152b5997ff2be300b3a7a678feaae863c9fbea32cb	4.443245	PASS	BINDING_HANDOFF/PACKAGE_MANIFEST.sha256	EXCLUDED_FAIL_CLOSED
039	source/phone/seller-phone-039-iade-adresi-screen.png	99bd439086c9ea54ede86eed7c9159bfc172ac4392173d15465b5c5c0663a0b4	852	1846	source/svg/seller-phone-039-iade-adresi-screen.svg	YES	FULL_SCREEN_SVG	4bed6ac2ea1c5970f904057c46507309bdf23bae9a9f528f690ce0b1956376e1	0 0 852 1846	852	1846	PASS	msedge.exe:sha256:af02a342b7e6fa7d1154d9152b5997ff2be300b3a7a678feaae863c9fbea32cb	4.218358	PASS	BINDING_HANDOFF/PACKAGE_MANIFEST.sha256	EXCLUDED_FAIL_CLOSED
040	source/phone/seller-phone-040-banka-hesabi-ekle-screen.png	6bbd84aedf0c85914598b72b67dc4c90d17207cc9b23516d1ffebd39c1f637bc	852	1846		NO	NONE					PASS	N/A	N/A	N/A	BINDING_HANDOFF/PACKAGE_MANIFEST.sha256	EXCLUDED_FAIL_CLOSED
041	source/phone/seller-phone-041-banka-hesabi-maskeli-screen.png	ea917f35c8ad2d2309d614cfe7bfe3aa4b46363ca4ffd3753d395c52cd5e551f	852	1846	source/svg/seller-phone-041-banka-hesabi-maskeli-screen.svg	YES	FULL_SCREEN_SVG	3c30d66839c67876e985e0a57dc34bd0a458b4a9906fbe0cb06aaa065562ad13	0 0 852 1846	852	1846	PASS	msedge.exe:sha256:af02a342b7e6fa7d1154d9152b5997ff2be300b3a7a678feaae863c9fbea32cb	3.646127	PASS	BINDING_HANDOFF/PACKAGE_MANIFEST.sha256	EXCLUDED_FAIL_CLOSED
042	source/phone/seller-phone-042-banka-dogrulama-bekliyor-state.png	fb41fee30c0f4beff1512e2324e53e1e61af3090f3a44a375001cb5a44d1a185	852	1846	source/svg/seller-phone-042-banka-dogrulama-bekliyor-state.svg	YES	FULL_SCREEN_SVG	c96e42204bb709fa728c2f86b685ac86f4fd7d34101bcefa90200a0f931a73d1	0 0 852 1846	852	1846	PASS	msedge.exe:sha256:af02a342b7e6fa7d1154d9152b5997ff2be300b3a7a678feaae863c9fbea32cb	3.733106	PASS	BINDING_HANDOFF/PACKAGE_MANIFEST.sha256	EXCLUDED_FAIL_CLOSED
043	source/phone/seller-phone-043-banka-dogrulama-basarili-state.png	f43e113ec39b628377262dee551098045bcb3f80dbd970409f19e1e7fd80f7ee	852	1846	source/svg/seller-phone-043-banka-dogrulama-basarili-state.svg	YES	FULL_SCREEN_SVG	b9cd70617d3a68293c91bfeb95df95f0ed7fd89557398f9aee8d5467f16f1880	0 0 852 1846	852	1846	PASS	msedge.exe:sha256:af02a342b7e6fa7d1154d9152b5997ff2be300b3a7a678feaae863c9fbea32cb	3.575807	PASS	BINDING_HANDOFF/PACKAGE_MANIFEST.sha256	EXCLUDED_FAIL_CLOSED
044	source/phone/seller-phone-044-banka-dogrulama-basarisiz-state.png	4c6d2320bece639210bb48f6a54bff11f2d0c3f5d7f03466c0ef74fecc43677f	852	1846	source/svg/seller-phone-044-banka-dogrulama-basarisiz-state.svg	YES	FULL_SCREEN_SVG	1f5390d117b3ad2a2142447aa708e5486475f6f8b4233cc65c9743aeaa54c3c6	0 0 852 1846	852	1846	PASS	msedge.exe:sha256:af02a342b7e6fa7d1154d9152b5997ff2be300b3a7a678feaae863c9fbea32cb	3.771510	PASS	BINDING_HANDOFF/PACKAGE_MANIFEST.sha256	EXCLUDED_FAIL_CLOSED
045	source/phone/seller-phone-045-belge-yukle-screen.png	f4c894e64e61eb2c2a0deb80d3e4d900eec1e0075b03635a4d5154ccf9d7a8d3	852	1846	source/svg/seller-phone-045-belge-yukle-screen.svg	YES	FULL_SCREEN_SVG	1ee172dde8ada26535e42689054b202a9ded3795cda72d539cd19e709bae9a82	0 0 852 1846	852	1846	PASS	msedge.exe:sha256:af02a342b7e6fa7d1154d9152b5997ff2be300b3a7a678feaae863c9fbea32cb	4.009367	PASS	BINDING_HANDOFF/PACKAGE_MANIFEST.sha256	EXCLUDED_FAIL_CLOSED
046	source/phone/seller-phone-046-belge-yukleme-ilerleme-state.png	a19fc8be8d795d3ee817f3a071471dc734c86b3d091f2003bce1b811eca700c8	852	1846	source/svg/seller-phone-046-belge-yukleme-ilerleme-state.svg	YES	FULL_SCREEN_SVG	81ba9b98fc6bba677377f873565afacd857b8afb0d7289b93d4e9c5b51af0778	0 0 852 1846	852	1846	PASS	msedge.exe:sha256:af02a342b7e6fa7d1154d9152b5997ff2be300b3a7a678feaae863c9fbea32cb	3.721090	PASS	BINDING_HANDOFF/PACKAGE_MANIFEST.sha256	EXCLUDED_FAIL_CLOSED
047	source/phone/seller-phone-047-belge-reddedildi-state.png	773bd146bd028b3baec7b37058d59ec4d6367a6c461619cc35355b92ae87bc2e	852	1846	source/svg/seller-phone-047-belge-reddedildi-state.svg	YES	FULL_SCREEN_SVG	65f29dd188557cdc9a0129cba9c402d5cb033c92bda6aa1646e5e4cf13ac5fac	0 0 852 1846	852	1846	PASS	msedge.exe:sha256:af02a342b7e6fa7d1154d9152b5997ff2be300b3a7a678feaae863c9fbea32cb	3.412784	PASS	BINDING_HANDOFF/PACKAGE_MANIFEST.sha256	EXCLUDED_FAIL_CLOSED
048	source/phone/seller-phone-048-satici-sozlesmesi-screen.png	92298ab04c46770b9373ab7f5b0910eb2708462eedabe20afdc743bb5e2fe11b	852	1846	source/svg/seller-phone-048-satici-sozlesmesi-screen.svg	YES	FULL_SCREEN_SVG	adb794e51a27019957dcb348a895172e5f3095f2eb2a8fffd2d5401f34fea173	0 0 852 1846	852	1846	PASS	msedge.exe:sha256:af02a342b7e6fa7d1154d9152b5997ff2be300b3a7a678feaae863c9fbea32cb	4.061122	PASS	BINDING_HANDOFF/PACKAGE_MANIFEST.sha256	EXCLUDED_FAIL_CLOSED
049	source/phone/seller-phone-049-kurulum-tamamlandi-state.png	be166a04acb550d9b7bc8ad2449da7c4e6886fcdcb858a27d46085017b0611a9	852	1846	source/svg/seller-phone-049-kurulum-tamamlandi-state.svg	YES	FULL_SCREEN_SVG	3ebe5c6ac0ede4c904b4e3760d5b7ed5ec21bef9d7bc0d51fe4b18edc5d277e0	0 0 852 1846	852	1846	PASS	msedge.exe:sha256:af02a342b7e6fa7d1154d9152b5997ff2be300b3a7a678feaae863c9fbea32cb	3.900389	PASS	BINDING_HANDOFF/PACKAGE_MANIFEST.sha256	EXCLUDED_FAIL_CLOSED
050	source/phone/seller-phone-050-eksik-adim-uyarisi-modal.png	dac86d34475a8a4794197df298d69eeaabc9f37e8d25745c84221e1913fef407	852	1846	source/svg/seller-phone-050-eksik-adim-uyarisi-modal.svg	YES	FULL_SCREEN_SVG	8ae47d27d94d7083fb285e5419ac27e6577371b7dfb335f5aea03b901bf4a99f	0 0 852 1846	852	1846	PASS	msedge.exe:sha256:af02a342b7e6fa7d1154d9152b5997ff2be300b3a7a678feaae863c9fbea32cb	3.367133	PASS	BINDING_HANDOFF/PACKAGE_MANIFEST.sha256	EXCLUDED_FAIL_CLOSED
051	source/phone/seller-phone-051-onboarding-form-hatasi-state.png	bc067a2bfd1b1c1bcd22a4e9af21ede9d571f1bf9449414ab5ce087067555597	852	1846	source/svg/seller-phone-051-onboarding-form-hatasi-state.svg	YES	FULL_SCREEN_SVG	9d303f0d60fdb3de182ff0b479e52231d66a1e53c2cd6d3771f24179219001bf	0 0 852 1846	852	1846	PASS	msedge.exe:sha256:af02a342b7e6fa7d1154d9152b5997ff2be300b3a7a678feaae863c9fbea32cb	3.267183	PASS	BINDING_HANDOFF/PACKAGE_MANIFEST.sha256	EXCLUDED_FAIL_CLOSED
052	source/phone/seller-phone-052-kaydedilmemis-degisiklik-modal.png	263336b08bdc96a83be649e20843bbc187de1591049c3d90ffaf2776c471b077	852	1846	source/svg/seller-phone-052-kaydedilmemis-degisiklik-modal.svg	YES	FULL_SCREEN_SVG	ac3bf8fce4a10c687dd038ba18404534f2de9fde78b8cad5469a96091cc4d11b	0 0 852 1846	852	1846	PASS	msedge.exe:sha256:af02a342b7e6fa7d1154d9152b5997ff2be300b3a7a678feaae863c9fbea32cb	3.758666	PASS	BINDING_HANDOFF/PACKAGE_MANIFEST.sha256	EXCLUDED_FAIL_CLOSED
053	source/phone/seller-phone-053-kurulum-loading-resume-state.png	38695cc3dabbe98bf9386785eb0bd3ebad191803a50d415f599d985100d0539b	852	1846	source/svg/seller-phone-053-kurulum-loading-resume-state.svg	YES	FULL_SCREEN_SVG	e98cd32850bf3bba5c8ec65cf7eb5cc6aa667beb6a8be6285e56c7d5a1bbf057	0 0 852 1846	852	1846	PASS	msedge.exe:sha256:af02a342b7e6fa7d1154d9152b5997ff2be300b3a7a678feaae863c9fbea32cb	3.273033	PASS	BINDING_HANDOFF/PACKAGE_MANIFEST.sha256	EXCLUDED_FAIL_CLOSED
054	source/phone/seller-phone-054-kurulum-offline-cached-state.png	f085ef29d05ca3e527c529ceca1c101571c87d4430f0c68597d1aa4c750286fc	852	1846	source/svg/seller-phone-054-kurulum-offline-cached-state.svg	YES	FULL_SCREEN_SVG	c28f3cb2222dc879556f9f210ed9fd4159c571d762b16e2797f8137ef5d47e9b	0 0 852 1846	852	1846	PASS	msedge.exe:sha256:af02a342b7e6fa7d1154d9152b5997ff2be300b3a7a678feaae863c9fbea32cb	4.287662	PASS	BINDING_HANDOFF/PACKAGE_MANIFEST.sha256	EXCLUDED_FAIL_CLOSED
055	source/phone/seller-phone-055-dashboard-dolu-help-screen.png	00a476a9f353f24b45f62e48aaf6636a7792eab2f691ae2ac2879ad29a28b3fd	853	1844		NO	NONE					PASS	N/A	N/A	N/A	BINDING_HANDOFF/PACKAGE_MANIFEST.sha256	INCLUDED_CANONICAL_LAUNCH
056	source/phone/seller-phone-056-bugunku-satis-yardim-sheet.png	ba6172a5684d15013baf7804d9c1a6a54d8b91f8a74d9d3752e9d7acf81e252c	853	1844		NO	NONE					PASS	N/A	N/A	N/A	BINDING_HANDOFF/PACKAGE_MANIFEST.sha256	INCLUDED_CANONICAL_LAUNCH
057	source/phone/seller-phone-057-dashboard-ilk-kullanim-screen.png	c6d5959aa6cad4ab0f19ef50de44d86fc21b2c06dc11117c39881b5080055cae	852	1846		NO	NONE					PASS	N/A	N/A	N/A	BINDING_HANDOFF/PACKAGE_MANIFEST.sha256	INCLUDED_CANONICAL_LAUNCH
058	source/phone/seller-phone-058-dashboard-bu-ay-satis-screen.png	f5b35ba3602709837e5284f6d66b610627af38511485e2bbe42eb75ddc645768	852	1846		NO	NONE					PASS	N/A	N/A	N/A	BINDING_HANDOFF/PACKAGE_MANIFEST.sha256	INCLUDED_CANONICAL_LAUNCH
059	source/phone/seller-phone-059-dashboard-bekleyen-siparisler-screen.png	92934ab7db88ff205e548b745ed6fd7557397fd5260681a09468227125368253	853	1844		NO	NONE					PASS	N/A	N/A	N/A	BINDING_HANDOFF/PACKAGE_MANIFEST.sha256	INCLUDED_CANONICAL_LAUNCH
060	source/phone/seller-phone-060-dashboard-kargoya-verilecek-screen.png	4b2dd7ad17e0c9a8255434a11e3c4ab76a337e91c7a068b730e217e22e49dd57	852	1846		NO	NONE					PASS	N/A	N/A	N/A	BINDING_HANDOFF/PACKAGE_MANIFEST.sha256	INCLUDED_CANONICAL_LAUNCH
061	source/phone/seller-phone-061-dashboard-dusuk-stok-screen.png	06d2a27d26a21a11aa63ad77b473090c630f5fcded350af30b3c80451269e543	852	1846		NO	NONE					PASS	N/A	N/A	N/A	BINDING_HANDOFF/PACKAGE_MANIFEST.sha256	INCLUDED_CANONICAL_LAUNCH
062	source/phone/seller-phone-062-dashboard-magaza-puani-screen.png	53d03379d7a70430c827bb1c2aa18bc639a418ec9491b4bc744ea4c32739c2b6	852	1846		NO	NONE					PASS	N/A	N/A	N/A	BINDING_HANDOFF/PACKAGE_MANIFEST.sha256	INCLUDED_CANONICAL_LAUNCH
063	source/phone/seller-phone-063-dashboard-bakiye-screen.png	c9241c9f9441eeec9c52d9b13a5d4fe53959f7d32d1942bcd8d77258de1388dc	852	1846		NO	NONE					PASS	N/A	N/A	N/A	BINDING_HANDOFF/PACKAGE_MANIFEST.sha256	INCLUDED_CANONICAL_LAUNCH
064	source/phone/seller-phone-064-dashboard-yaklasan-odeme-screen.png	137ce07447173a052389c1b7ee24a1dd458896c6b6ecf0d3dc3919e5ae502e4a	852	1846		NO	NONE					PASS	N/A	N/A	N/A	BINDING_HANDOFF/PACKAGE_MANIFEST.sha256	INCLUDED_CANONICAL_LAUNCH
065	source/phone/seller-phone-065-dashboard-satis-grafigi-filtre-screen.png	0ae9f77a8e144b328265358c84b506da475976688d507d3509c7cb149aec186f	852	1846		NO	NONE					PASS	N/A	N/A	N/A	BINDING_HANDOFF/PACKAGE_MANIFEST.sha256	INCLUDED_CANONICAL_LAUNCH
066	source/phone/seller-phone-066-dashboard-urun-performansi-screen.png	5f5127cccc0a21a697f12ae4ab3254a3c14d5df09345f4a799d58ec572d645fb	853	1844		NO	NONE					PASS	N/A	N/A	N/A	BINDING_HANDOFF/PACKAGE_MANIFEST.sha256	INCLUDED_CANONICAL_LAUNCH
067	source/phone/seller-phone-067-dashboard-hizli-islemler-sheet.png	2e5162589a4264ef1d1604d7c4319310e843160be8be32f3864d3a27f1ba7295	852	1846		NO	NONE					PASS	N/A	N/A	N/A	BINDING_HANDOFF/PACKAGE_MANIFEST.sha256	INCLUDED_CANONICAL_LAUNCH
068	source/phone/seller-phone-068-dashboard-onemli-gorevler-screen.png	cd301a2e33cd5fdf8b452dca1bbc2986fc0e14870cc69f5cd72fbe3cf292eda9	852	1846		NO	NONE					PASS	N/A	N/A	N/A	BINDING_HANDOFF/PACKAGE_MANIFEST.sha256	INCLUDED_CANONICAL_LAUNCH
069	source/phone/seller-phone-069-dashboard-bildirim-ozeti-screen.png	3187aad271742037082fd03af127b282d1ef7acda5ecd0cac7dd594146ba3e23	852	1847		NO	NONE					PASS	N/A	N/A	N/A	BINDING_HANDOFF/PACKAGE_MANIFEST.sha256	INCLUDED_CANONICAL_LAUNCH
070	source/phone/seller-phone-070-dashboard-loading-state.png	aba9b789c1ecd07e07b2263f8817c7b6c89a300c2061471fbdb1625c30e1baf0	853	1844		NO	NONE					PASS	N/A	N/A	N/A	BINDING_HANDOFF/PACKAGE_MANIFEST.sha256	INCLUDED_CANONICAL_LAUNCH
071	source/phone/seller-phone-071-dashboard-api-hata-state.png	504e3eda31fedfdbd8272c0f79ea6b017581c3631de6ea8614726657baa2c247	852	1846		NO	NONE					PASS	N/A	N/A	N/A	BINDING_HANDOFF/PACKAGE_MANIFEST.sha256	INCLUDED_CANONICAL_LAUNCH
072	source/phone/seller-phone-072-dashboard-offline-state.png	8890aa182149f9eb91116803d525e2943bf64c53212fc7288e07a813799c2181	852	1846		NO	NONE					PASS	N/A	N/A	N/A	BINDING_HANDOFF/PACKAGE_MANIFEST.sha256	INCLUDED_CANONICAL_LAUNCH
073	source/phone/seller-phone-073-dashboard-tarih-araligi-sheet.png	f3a33aaf9b42439ef84a3fad835b584c02f36ea6a16e72f1f1b60699dc2b9d9c	852	1846		NO	NONE					PASS	N/A	N/A	N/A	BINDING_HANDOFF/PACKAGE_MANIFEST.sha256	INCLUDED_CANONICAL_LAUNCH
074	source/phone/seller-phone-074-urunler-ana-liste-screen.png	ae0411b3cf55d7a9b3603d89ad38bdf20d6a90094d904a4ce83bccb1fc14a0b3	852	1846		NO	NONE					PASS	N/A	N/A	N/A	BINDING_HANDOFF/PACKAGE_MANIFEST.sha256	INCLUDED_CANONICAL_LAUNCH
075	source/phone/seller-phone-075-urunler-yayinda-screen.png	0c6042fa30ea310986972b83e236f68679d8ebf73521d800842f0b2b9a9b03ca	852	1846		NO	NONE					PASS	N/A	N/A	N/A	BINDING_HANDOFF/PACKAGE_MANIFEST.sha256	INCLUDED_CANONICAL_LAUNCH
076	source/phone/seller-phone-076-urunler-taslak-screen.png	bf9a1e94bc2ca5c2fa5f0182b9d0c4aadfbbf9baf8eddc9c07decb9ec0fca76f	852	1846		NO	NONE					PASS	N/A	N/A	N/A	BINDING_HANDOFF/PACKAGE_MANIFEST.sha256	INCLUDED_CANONICAL_LAUNCH
077	source/phone/seller-phone-077-urunler-stokta-yok-screen.png	9a611d13a5fb9a09b0a01c9ed47e69ec32f1f366b77956df09683589971c43af	852	1846		NO	NONE					PASS	N/A	N/A	N/A	BINDING_HANDOFF/PACKAGE_MANIFEST.sha256	INCLUDED_CANONICAL_LAUNCH
078	source/phone/seller-phone-078-urunler-yayini-durduruldu-screen.png	d96c1099f4588299fe90bea49bc607b54ddcf5d66c584f718a00b0f5294950af	852	1846		NO	NONE					PASS	N/A	N/A	N/A	BINDING_HANDOFF/PACKAGE_MANIFEST.sha256	INCLUDED_CANONICAL_LAUNCH
079	source/phone/seller-phone-079-urunler-arsiv-screen.png	c4342a80914c37df639fc41eb3dd63479f00dd6cac5f5c3c8b7f785f7e1f0e0e	852	1847		NO	NONE					PASS	N/A	N/A	N/A	BINDING_HANDOFF/PACKAGE_MANIFEST.sha256	INCLUDED_CANONICAL_LAUNCH
080	source/phone/seller-phone-080-urunler-inceleme-gerekiyor-screen.png	e91df15e64b6bee90db24dd17da9539f417964801e44450c07459a7fcee53fa4	852	1846		NO	NONE					PASS	N/A	N/A	N/A	BINDING_HANDOFF/PACKAGE_MANIFEST.sha256	INCLUDED_CANONICAL_LAUNCH
081	source/phone/seller-phone-081-urun-arama-screen.png	6b33a7b9ee61f477b919ea94c21ca518fe8d1df9c5c3a1d0cf12de6e7e61c9c1	852	1847		NO	NONE					PASS	N/A	N/A	N/A	BINDING_HANDOFF/PACKAGE_MANIFEST.sha256	INCLUDED_CANONICAL_LAUNCH
082	source/phone/seller-phone-082-urun-filtreleri-sheet.png	08daf6243a0d09c29647020ee3666e13fec542d63aeefb613864f45dec1ab291	852	1846		NO	NONE					PASS	N/A	N/A	N/A	BINDING_HANDOFF/PACKAGE_MANIFEST.sha256	INCLUDED_CANONICAL_LAUNCH
083	source/phone/seller-phone-083-urun-filtre-secili-screen.png	a00d8b2e514f2f17f31ab27f75eec4cfad653bb6c97456d0f8dcafd40d17fe42	852	1846		NO	NONE					PASS	N/A	N/A	N/A	BINDING_HANDOFF/PACKAGE_MANIFEST.sha256	INCLUDED_CANONICAL_LAUNCH
084	source/phone/seller-phone-084-urun-filtre-temizle-sheet.png	bb4af59d5ab9f75bf2d4eb16abe446fce2307e9939c7d445befcba361cc97265	852	1847		NO	NONE					PASS	N/A	N/A	N/A	BINDING_HANDOFF/PACKAGE_MANIFEST.sha256	INCLUDED_CANONICAL_LAUNCH
085	source/phone/seller-phone-085-urun-listesi-bos-state.png	8f960fb7a8ea5013fd59be57568ae7f3a2bb5e5ff2b20e6de4100cefb321a2bf	852	1846		NO	NONE					PASS	N/A	N/A	N/A	BINDING_HANDOFF/PACKAGE_MANIFEST.sha256	INCLUDED_CANONICAL_LAUNCH
086	source/phone/seller-phone-086-urun-arama-sonuc-yok-state.png	6b13519d531cbc4ef6963c9f5382ec139b48433bf80c886e85dcd96031704b18	853	1844		NO	NONE					PASS	N/A	N/A	N/A	BINDING_HANDOFF/PACKAGE_MANIFEST.sha256	INCLUDED_CANONICAL_LAUNCH
087	source/phone/seller-phone-087-urun-listesi-loading-state.png	02cef6d924242283932309891997dbd7a656fb6b07ae296b639aaf741db0320e	853	1844		NO	NONE					PASS	N/A	N/A	N/A	BINDING_HANDOFF/PACKAGE_MANIFEST.sha256	INCLUDED_CANONICAL_LAUNCH
088	source/phone/seller-phone-088-urun-listesi-hata-state.png	5afcce4995d6b0eaf4a001e1ca07e42c0a24be2b021e82e83d45ffa185f9cf03	852	1846		NO	NONE					PASS	N/A	N/A	N/A	BINDING_HANDOFF/PACKAGE_MANIFEST.sha256	INCLUDED_CANONICAL_LAUNCH
089	source/phone/seller-phone-089-urun-karti-ayrintili-state.png	b26afff0797f5789eff480e7ecac1c3e6f419723eddab0c8dbec639c8ac37efe	852	1846		NO	NONE					PASS	N/A	N/A	N/A	BINDING_HANDOFF/PACKAGE_MANIFEST.sha256	INCLUDED_CANONICAL_LAUNCH
090	source/phone/seller-phone-090-urun-hizli-islem-menu-sheet.png	61cd5521e62463f86fa9dd2e6c5a0804c3e8bf280f661db52749d46d241728e4	852	1846		NO	NONE					PASS	N/A	N/A	N/A	BINDING_HANDOFF/PACKAGE_MANIFEST.sha256	INCLUDED_CANONICAL_LAUNCH
091	source/phone/seller-phone-091-urun-toplu-secim-state.png	8e169bcb43ac98e08bc373a98b36e57ebc6ea5a72dfb908dae9ae420cca09cfc	853	1844		NO	NONE					PASS	N/A	N/A	N/A	BINDING_HANDOFF/PACKAGE_MANIFEST.sha256	INCLUDED_CANONICAL_LAUNCH
092	source/phone/seller-phone-092-urun-toplu-aktif-pasif-sheet.png	634cc73a6560d3872f01c6c9bf242948816eb626367f1aafa74390fd41c20775	852	1846		NO	NONE					PASS	N/A	N/A	N/A	BINDING_HANDOFF/PACKAGE_MANIFEST.sha256	INCLUDED_CANONICAL_LAUNCH
093	source/phone/seller-phone-093-urun-toplu-stok-screen.png	da65edf422cdcae3eee900b8f1c61a75307c5a6383a6149c52204a740a71ea79	852	1846		NO	NONE					PASS	N/A	N/A	N/A	BINDING_HANDOFF/PACKAGE_MANIFEST.sha256	INCLUDED_CANONICAL_LAUNCH
094	source/phone/seller-phone-094-urun-toplu-fiyat-screen.png	dbaeca830488e23ae5ea060bf33d0446756d1edb505f962730d6f3aeeeb6822a	853	1844		NO	NONE					PASS	N/A	N/A	N/A	BINDING_HANDOFF/PACKAGE_MANIFEST.sha256	INCLUDED_CANONICAL_LAUNCH
095	source/phone/seller-phone-095-urun-toplu-arsiv-onay-modal.png	62464e61f1c52e06d83199966089eb2ad7a0a4bc693475e21f54bedaca891dd9	852	1846		NO	NONE					PASS	N/A	N/A	N/A	BINDING_HANDOFF/PACKAGE_MANIFEST.sha256	INCLUDED_CANONICAL_LAUNCH
096	source/phone/seller-phone-096-urun-detayi-screen.png	4a409cc2d6e18376f59cf4b842a2de5ff46be5c9bc9f55113d10a13c6aedca1c	853	1844		NO	NONE					PASS	N/A	N/A	N/A	BINDING_HANDOFF/PACKAGE_MANIFEST.sha256	INCLUDED_CANONICAL_LAUNCH
097	source/phone/seller-phone-097-urun-yayin-durumu-screen.png	25117a82e0fadb3fe38ac93ef77660dad766aee438caa2a3dd51ef615e00329e	852	1847		NO	NONE					PASS	N/A	N/A	N/A	BINDING_HANDOFF/PACKAGE_MANIFEST.sha256	INCLUDED_CANONICAL_LAUNCH
098	source/phone/seller-phone-098-urun-satis-performansi-screen.png	427acb65a91cffcda6a81aceaa3883c49c214d6cd0c799bb1f84a31c0956746d	852	1846		NO	NONE					PASS	N/A	N/A	N/A	BINDING_HANDOFF/PACKAGE_MANIFEST.sha256	INCLUDED_CANONICAL_LAUNCH
099	source/phone/seller-phone-099-urun-varyantlari-screen.png	e2a7faeb26dd30aa788a691be7c1c08e0a2588209008f493bdca2377048604a9	852	1847		NO	NONE					PASS	N/A	N/A	N/A	BINDING_HANDOFF/PACKAGE_MANIFEST.sha256	INCLUDED_CANONICAL_LAUNCH
100	source/phone/seller-phone-100-urun-stok-ozeti-screen.png	8440d4d4e6941feed01151843805ecef848afc76013fbb8bdafefc0a46e475d3	853	1844		NO	NONE					PASS	N/A	N/A	N/A	BINDING_HANDOFF/PACKAGE_MANIFEST.sha256	INCLUDED_CANONICAL_LAUNCH
101	source/phone/seller-phone-101-urun-degerlendirmeleri-screen.png	65c449fd55ae4dc6f43ef62a83592da6a01dfcafb55b2d763e7d72b3abe989c3	852	1846		NO	NONE					PASS	N/A	N/A	N/A	BINDING_HANDOFF/PACKAGE_MANIFEST.sha256	INCLUDED_CANONICAL_LAUNCH
102	source/phone/seller-phone-102-urun-sorulari-screen.png	855b88a6a5cfe9b6b5c9e9c5ac514e093b04619522601cd180543f5061de6156	852	1847		NO	NONE					PASS	N/A	N/A	N/A	BINDING_HANDOFF/PACKAGE_MANIFEST.sha256	INCLUDED_CANONICAL_LAUNCH
103	source/phone/seller-phone-103-urun-duzenleme-ozeti-screen.png	eea3f587a23c321fb28135affd09e8ef8d8bebd2cccae0421f6905a212ffcaf4	852	1846		NO	NONE					PASS	N/A	N/A	N/A	BINDING_HANDOFF/PACKAGE_MANIFEST.sha256	INCLUDED_CANONICAL_LAUNCH
104	source/phone/seller-phone-104-urun-gorselleri-screen.png	301f3acc00eda1a453b76b299ccd93b2d5694ea5ebd298cbfcfa3fe52aeb0954	853	1844		NO	NONE					PASS	N/A	N/A	N/A	BINDING_HANDOFF/PACKAGE_MANIFEST.sha256	INCLUDED_CANONICAL_LAUNCH
105	source/phone/seller-phone-105-urun-baslik-aciklama-screen.png	310575ad9d3a380b5e0612c834ade0f262d70a81d1aea19be47181f53d960b40	852	1846		NO	NONE					PASS	N/A	N/A	N/A	BINDING_HANDOFF/PACKAGE_MANIFEST.sha256	INCLUDED_CANONICAL_LAUNCH
106	source/phone/seller-phone-106-urun-kategori-secimi-screen.png	7c025dab8e13eed1023d9a06f9b9e46254cca3d7370517df198f42610a4075a6	852	1846		NO	NONE					PASS	N/A	N/A	N/A	BINDING_HANDOFF/PACKAGE_MANIFEST.sha256	INCLUDED_CANONICAL_LAUNCH
107	source/phone/seller-phone-107-urun-marka-ozellikler-screen.png	825452e0493b71e6adf4c072eeb30f7bd7a571cc3e0083e77873d78dffb2b96a	852	1846		NO	NONE					PASS	N/A	N/A	N/A	BINDING_HANDOFF/PACKAGE_MANIFEST.sha256	INCLUDED_CANONICAL_LAUNCH
108	source/phone/seller-phone-108-urun-varyant-olustur-screen.png	7be1a5f0bdd58d95b330d610c4ed6c236bf857130b8d0455a47a7136f405d762	852	1846		NO	NONE					PASS	N/A	N/A	N/A	BINDING_HANDOFF/PACKAGE_MANIFEST.sha256	INCLUDED_CANONICAL_LAUNCH
109	source/phone/seller-phone-109-urun-renk-beden-varyant-screen.png	c919f9973161e99e8a6d53fe569a95de461afd9553113c56fe81684ba798dcb9	852	1847		NO	NONE					PASS	N/A	N/A	N/A	BINDING_HANDOFF/PACKAGE_MANIFEST.sha256	INCLUDED_CANONICAL_LAUNCH
110	source/phone/seller-phone-110-varyant-sku-barkod-fiyat-stok-screen.png	20638eda4b7a173c21a2f5f535c3b640fb26537eba61ba3a679775256128b46f	852	1846		NO	NONE					PASS	N/A	N/A	N/A	BINDING_HANDOFF/PACKAGE_MANIFEST.sha256	INCLUDED_CANONICAL_LAUNCH
111	source/phone/seller-phone-111-urun-fiyat-indirim-vergi-screen.png	6c395b8df613f124de1d068b333390b33c923007dee41bf78a8d2f1fb56afcf3	852	1846		NO	NONE					PASS	N/A	N/A	N/A	BINDING_HANDOFF/PACKAGE_MANIFEST.sha256	INCLUDED_CANONICAL_LAUNCH
112	source/phone/seller-phone-112-urun-kargo-bilgileri-screen.png	dc30990544ad8901051ebd16453a54fa36600485d2ddc07b121f857941b511bf	851	1848		NO	NONE					PASS	N/A	N/A	N/A	BINDING_HANDOFF/PACKAGE_MANIFEST.sha256	INCLUDED_CANONICAL_LAUNCH
113	source/phone/seller-phone-113-urun-gorunurluk-screen.png	e6f0d90f6e08f5d08841bc4277ac9755cc6dd689e205cabf75e4e45eea3785d2	852	1846		NO	NONE					PASS	N/A	N/A	N/A	BINDING_HANDOFF/PACKAGE_MANIFEST.sha256	INCLUDED_CANONICAL_LAUNCH
114	source/phone/seller-phone-114-taslak-kaydedildi-state.png	304254a5c2f82ecf2e1f1eadcec3a75c2cf5867ba9ea12da4795bca27b15925c	852	1846		NO	NONE					PASS	N/A	N/A	N/A	BINDING_HANDOFF/PACKAGE_MANIFEST.sha256	INCLUDED_CANONICAL_LAUNCH
115	source/phone/seller-phone-115-yayin-oncesi-eksik-alanlar-screen.png	9e29fd21932cf2efdacbf92b597dad6a4351525264c537ed4c0d92d542254e2f	852	1846		NO	NONE					PASS	N/A	N/A	N/A	BINDING_HANDOFF/PACKAGE_MANIFEST.sha256	INCLUDED_CANONICAL_LAUNCH
116	source/phone/seller-phone-116-urun-yayinlandi-state.png	fa8c28a00133cd91015aba417684c66c84cf941b0e9cfe12ea111dfcc40c469e	852	1846		NO	NONE					PASS	N/A	N/A	N/A	BINDING_HANDOFF/PACKAGE_MANIFEST.sha256	INCLUDED_CANONICAL_LAUNCH
117	source/phone/seller-phone-117-urun-yayindan-kaldir-onay-sheet.png	745b056a6f70dcbe692d5de7ebeeb0e1486732a89fb1b6148d887e944d455529	851	1847		NO	NONE					PASS	N/A	N/A	N/A	BINDING_HANDOFF/PACKAGE_MANIFEST.sha256	INCLUDED_CANONICAL_LAUNCH
118	source/phone/seller-phone-118-urun-arsivleme-onay-sheet.png	1f777c025e081c7d8f4fb3e03baeeadfb11978d59588c048fe5de038a0189610	853	1844		NO	NONE					PASS	N/A	N/A	N/A	BINDING_HANDOFF/PACKAGE_MANIFEST.sha256	INCLUDED_CANONICAL_LAUNCH
119	source/phone/seller-phone-119-urun-silme-guvenli-onay-modal.png	29beadd5febc3397c35ca430b16b6107a0640867115079c8cd54695ff706b0dd	852	1846		NO	NONE					PASS	N/A	N/A	N/A	BINDING_HANDOFF/PACKAGE_MANIFEST.sha256	INCLUDED_CANONICAL_LAUNCH
120	source/phone/seller-phone-120-urun-cogaltma-sheet.png	93cfb7ce6e27b0430488d2f2489ea9e7cbaae5ce1b7c5c5858155560649090ff	852	1846		NO	NONE					PASS	N/A	N/A	N/A	BINDING_HANDOFF/PACKAGE_MANIFEST.sha256	INCLUDED_CANONICAL_LAUNCH
121	source/phone/seller-phone-121-inceleme-gerekiyor-detay-screen.png	cf5b21de161b21fbabda7ae793b2c196543e02c7f424912cf79defe761d7ed11	852	1846		NO	NONE					PASS	N/A	N/A	N/A	BINDING_HANDOFF/PACKAGE_MANIFEST.sha256	INCLUDED_CANONICAL_LAUNCH
122	source/phone/seller-phone-122-urun-politika-eksik-bilgi-hata-screen.png	79398f5f30d76c65d210f3822ab0cea0d3c57dec298652d4fb4ef9044846647a	852	1847		NO	NONE					PASS	N/A	N/A	N/A	BINDING_HANDOFF/PACKAGE_MANIFEST.sha256	INCLUDED_CANONICAL_LAUNCH
123	source/phone/seller-phone-123-kaydedilmemis-degisiklik-modal.png	54ff0b059da77f1124df817fc430a52695cf17304a893a14f93aaabc4c6a8b36	852	1846		NO	NONE					PASS	N/A	N/A	N/A	BINDING_HANDOFF/PACKAGE_MANIFEST.sha256	INCLUDED_CANONICAL_LAUNCH
124	source/phone/seller-phone-124-envanter-ozeti-screen.png	8c1f13f91ea3cec0cb7956d48c3fda27b8b6ebc0a4e0747573d125c176b0d5c6	852	1846		NO	NONE					PASS	N/A	N/A	N/A	BINDING_HANDOFF/PACKAGE_MANIFEST.sha256	INCLUDED_CANONICAL_LAUNCH
125	source/phone/seller-phone-125-tum-stoklar-screen.png	44650c4ee1eeb431d35c65bba79d072d83b8ebe7bb6c2432d9906ea48835aa75	852	1846		NO	NONE					PASS	N/A	N/A	N/A	BINDING_HANDOFF/PACKAGE_MANIFEST.sha256	INCLUDED_CANONICAL_LAUNCH
126	source/phone/seller-phone-126-kritik-stoklar-screen.png	512645421a3bf27680bc470d8d884618e8f7d26570158c18de371cec09add521	851	1847		NO	NONE					PASS	N/A	N/A	N/A	BINDING_HANDOFF/PACKAGE_MANIFEST.sha256	INCLUDED_CANONICAL_LAUNCH
127	source/phone/seller-phone-127-tukenen-urunler-screen.png	446f2385f69737cf2e994000231ccf74bfc022b4899d83c75e8e44a468268d19	852	1846		NO	NONE					PASS	N/A	N/A	N/A	BINDING_HANDOFF/PACKAGE_MANIFEST.sha256	INCLUDED_CANONICAL_LAUNCH
128	source/phone/seller-phone-128-varyant-stoklari-screen.png	23122512edfe5924f05ac7919e55cc87a71d807cf0d0fed73485aa7f46704c0f	852	1846		NO	NONE					PASS	N/A	N/A	N/A	BINDING_HANDOFF/PACKAGE_MANIFEST.sha256	INCLUDED_CANONICAL_LAUNCH
129	source/phone/seller-phone-129-depo-konum-secimi-sheet.png	04de7c375a5bf6c31500682ab2257bbe144e5d057f8d6f6476e434098edfbf87	852	1847		NO	NONE					PASS	N/A	N/A	N/A	BINDING_HANDOFF/PACKAGE_MANIFEST.sha256	INCLUDED_CANONICAL_LAUNCH
130	source/phone/seller-phone-130-stok-artir-screen.png	bfb625d644901a84cc7efc67942c1094cd2306ffb6ceea00d96358efe59828ef	852	1846		NO	NONE					PASS	N/A	N/A	N/A	BINDING_HANDOFF/PACKAGE_MANIFEST.sha256	INCLUDED_CANONICAL_LAUNCH
131	source/phone/seller-phone-131-stok-azalt-screen.png	d4286d1453cf327f10cdd72f7dda85f3ca8bb8a74a622cd0dfc447de02acb483	853	1844		NO	NONE					PASS	N/A	N/A	N/A	BINDING_HANDOFF/PACKAGE_MANIFEST.sha256	INCLUDED_CANONICAL_LAUNCH
132	source/phone/seller-phone-132-stok-duzeltme-nedeni-sheet.png	d7b8e73e100faa31361335bb0e2c6e2642d41f40f13ac0dfb21929e8d9fdd195	852	1846		NO	NONE					PASS	N/A	N/A	N/A	BINDING_HANDOFF/PACKAGE_MANIFEST.sha256	INCLUDED_CANONICAL_LAUNCH
133	source/phone/seller-phone-133-toplu-stok-guncelle-screen.png	3c2b2b0afb5b50dbe5ab08614441eaf2df853041d2b66cc31c004baa5654ee8d	851	1847		NO	NONE					PASS	N/A	N/A	N/A	BINDING_HANDOFF/PACKAGE_MANIFEST.sha256	INCLUDED_CANONICAL_LAUNCH
134	source/phone/seller-phone-134-barkod-qr-izin-state.png	b7a1a63358e70b33720f249c28b164e88e9e32008a61ab2b3ac9bff3bd0872c0	852	1846		NO	NONE					PASS	N/A	N/A	N/A	BINDING_HANDOFF/PACKAGE_MANIFEST.sha256	INCLUDED_CANONICAL_LAUNCH
135	source/phone/seller-phone-135-stok-hareketleri-screen.png	6e01f90fd992b69dd24115d1a6f14b0cd1c3751cf2d4d96c9e5ee570e3791d79	851	1847		NO	NONE					PASS	N/A	N/A	N/A	BINDING_HANDOFF/PACKAGE_MANIFEST.sha256	INCLUDED_CANONICAL_LAUNCH
136	source/phone/seller-phone-136-stok-hareket-detayi-screen.png	cbc701bff24c1ae804aec92fc101113b9fd12ca61d0fac5e1df56c204dad47a8	851	1847		NO	NONE					PASS	N/A	N/A	N/A	BINDING_HANDOFF/PACKAGE_MANIFEST.sha256	INCLUDED_CANONICAL_LAUNCH
137	source/phone/seller-phone-137-dusuk-stok-esigi-screen.png	8ed0dbe78a9998030e8475486e5748c84d51188a7ef49473520a675e2bbf26ac	852	1847		NO	NONE					PASS	N/A	N/A	N/A	BINDING_HANDOFF/PACKAGE_MANIFEST.sha256	INCLUDED_CANONICAL_LAUNCH
138	source/phone/seller-phone-138-stok-esik-uyarisi-state.png	3136985237887056885221e7937d47cc006f1dbef92ecd6a1e5ea12b4e4b5955	852	1846		NO	NONE					PASS	N/A	N/A	N/A	BINDING_HANDOFF/PACKAGE_MANIFEST.sha256	INCLUDED_CANONICAL_LAUNCH
139	source/phone/seller-phone-139-envanter-loading-state.png	89a485565fc6ac0230df897421b48d6877442f3fb89a74481a30c533f8e69125	852	1846		NO	NONE					PASS	N/A	N/A	N/A	BINDING_HANDOFF/PACKAGE_MANIFEST.sha256	INCLUDED_CANONICAL_LAUNCH
140	source/phone/seller-phone-140-envanter-bos-state.png	65fb5ee6eb4c1de5458d67e84e6fe2a5ce0b38affdf3a10f72cd8430ded93ee6	852	1846		NO	NONE					PASS	N/A	N/A	N/A	BINDING_HANDOFF/PACKAGE_MANIFEST.sha256	INCLUDED_CANONICAL_LAUNCH
141	source/phone/seller-phone-141-envanter-hata-state.png	6ce823e8849c48628a0bcdf6e4fb436ddbba9862a86cd9fcba8b21397d4e5bac	852	1847		NO	NONE					PASS	N/A	N/A	N/A	BINDING_HANDOFF/PACKAGE_MANIFEST.sha256	INCLUDED_CANONICAL_LAUNCH
142	source/phone/seller-phone-142-siparisler-ana-liste-screen.png	ef537e6a98008cb38eeba95633a8bf92ae830c24307301d745133a550409642f	852	1846		NO	NONE					PASS	N/A	N/A	N/A	BINDING_HANDOFF/PACKAGE_MANIFEST.sha256	INCLUDED_CANONICAL_LAUNCH
143	source/phone/seller-phone-143-yeni-siparisler-screen.png	54d852221031b2eb27070fb1cbea77c1d4acf3417f1edda92421660237a50dbe	851	1847		NO	NONE					PASS	N/A	N/A	N/A	BINDING_HANDOFF/PACKAGE_MANIFEST.sha256	INCLUDED_CANONICAL_LAUNCH
144	source/phone/seller-phone-144-hazirlaniyor-siparisler-screen.png	a44b3158d9b62b15e64765eedfc4c24a1b189faa945eccfe44cf14e495f5715f	852	1846		NO	NONE					PASS	N/A	N/A	N/A	BINDING_HANDOFF/PACKAGE_MANIFEST.sha256	INCLUDED_CANONICAL_LAUNCH
145	source/phone/seller-phone-145-kargoya-verilecek-siparisler-screen.png	e1dadaf41081bc5bf80f823d065edb2307d88916dae351c7c5f0c2f9a978fd41	853	1844		NO	NONE					PASS	N/A	N/A	N/A	BINDING_HANDOFF/PACKAGE_MANIFEST.sha256	INCLUDED_CANONICAL_LAUNCH
146	source/phone/seller-phone-146-kargoda-siparisler-screen.png	fe12b6b3c6320ab222a64116cbf37ebc7bf7fb450ac61b47aa8d988ab58360da	853	1844		NO	NONE					PASS	N/A	N/A	N/A	BINDING_HANDOFF/PACKAGE_MANIFEST.sha256	INCLUDED_CANONICAL_LAUNCH
147	source/phone/seller-phone-147-teslim-edilen-siparisler-screen.png	df7c760a3985c51a5cf78557b54fe397a65f689f1b498bc2036c80d27a61e9f4	852	1847		NO	NONE					PASS	N/A	N/A	N/A	BINDING_HANDOFF/PACKAGE_MANIFEST.sha256	INCLUDED_CANONICAL_LAUNCH
148	source/phone/seller-phone-148-iptal-edilen-siparisler-screen.png	4ab868a3eb67da335d82e6fd2281be201b27fd9eefad9bf3872c31154e5346de	852	1846		NO	NONE					PASS	N/A	N/A	N/A	BINDING_HANDOFF/PACKAGE_MANIFEST.sha256	INCLUDED_CANONICAL_LAUNCH
149	source/phone/seller-phone-149-iade-geri-odeme-listesi-screen.png	81ed231ea0c18378935517cf64fd498eff9ffbe433e7e2c0a2bc9d041a58681f	852	1846	source/svg/seller-phone-149-iade-geri-odeme-listesi-screen.svg	YES	FULL_SCREEN_SVG	83e37e85900afd1e5290eb2888ab85588a492ce2fa1f9e2399475a8bd3eccd21	0 0 852 1846	852	1846	PASS	msedge.exe:sha256:af02a342b7e6fa7d1154d9152b5997ff2be300b3a7a678feaae863c9fbea32cb	3.873430	PASS	BINDING_HANDOFF/PACKAGE_MANIFEST.sha256	INCLUDED_CANONICAL_LAUNCH
150	source/phone/seller-phone-150-siparis-filtre-arama-screen.png	3fa91c6bd5dade56b36adedda75cde2d50ef94986f76e041b32d5b92400095b0	852	1846	source/svg/seller-phone-150-siparis-filtre-arama-screen.svg	YES	FULL_SCREEN_SVG	7bc5ca3d61c13dacf824ff6eb998a17cc6da562221340f545185e58752c37a0c	0 0 852 1846	852	1846	PASS	msedge.exe:sha256:af02a342b7e6fa7d1154d9152b5997ff2be300b3a7a678feaae863c9fbea32cb	3.162974	PASS	BINDING_HANDOFF/PACKAGE_MANIFEST.sha256	INCLUDED_CANONICAL_LAUNCH
151	source/phone/seller-phone-151-siparis-tarih-araligi-sheet.png	d0fb5525f750ffa7b41a0c7e8408086e88d4642afdc3a908b308e330034ba73f	852	1846	source/svg/seller-phone-151-siparis-tarih-araligi-sheet.svg	YES	FULL_SCREEN_SVG	500654f6a259c2190c0fc2b6bf39cbe0628dd9750a2449042a9237edfbad7207	0 0 852 1846	852	1846	PASS	msedge.exe:sha256:af02a342b7e6fa7d1154d9152b5997ff2be300b3a7a678feaae863c9fbea32cb	2.452454	PASS	BINDING_HANDOFF/PACKAGE_MANIFEST.sha256	INCLUDED_CANONICAL_LAUNCH
152	source/phone/seller-phone-152-siparis-listesi-bos-state.png	bfa5a3a12f82fa38d4198f04dc839846c00158bd626498b5d9184a63d9d5f341	852	1846	source/svg/seller-phone-152-siparis-listesi-bos-state.svg	YES	FULL_SCREEN_SVG	7229be3183e5c8a415e7b70f76b32e2ae59b1a3920e58bbc3c88ef8dad0792d3	0 0 852 1846	852	1846	PASS	msedge.exe:sha256:af02a342b7e6fa7d1154d9152b5997ff2be300b3a7a678feaae863c9fbea32cb	2.815058	PASS	BINDING_HANDOFF/PACKAGE_MANIFEST.sha256	INCLUDED_CANONICAL_LAUNCH
153	source/phone/seller-phone-153-siparis-listesi-loading-state.png	d7b57b07df848e869aa1d3cd5d20b702bc493487e5c4ec04c128aeb7a78f896f	852	1846	source/svg/seller-phone-153-siparis-listesi-loading-state.svg	YES	FULL_SCREEN_SVG	e4256af5bb402eb5694216bd81e71016f151b98079cc4cd91b7a6d1ce482115c	0 0 852 1846	852	1846	PASS	msedge.exe:sha256:af02a342b7e6fa7d1154d9152b5997ff2be300b3a7a678feaae863c9fbea32cb	1.147132	PASS	BINDING_HANDOFF/PACKAGE_MANIFEST.sha256	INCLUDED_CANONICAL_LAUNCH
154	source/phone/seller-phone-154-siparis-listesi-hata-state.png	60fdcfba73814cff6edf9b74c494e78bb1458dbea535d1320a6fedbdc0cab962	852	1846	source/svg/seller-phone-154-siparis-listesi-hata-state.svg	YES	FULL_SCREEN_SVG	dafee44b280c08556891ff5b2519015f233b77799d1aa28da2e53814b56af07d	0 0 852 1846	852	1846	PASS	msedge.exe:sha256:af02a342b7e6fa7d1154d9152b5997ff2be300b3a7a678feaae863c9fbea32cb	3.030534	PASS	BINDING_HANDOFF/PACKAGE_MANIFEST.sha256	INCLUDED_CANONICAL_LAUNCH
155	source/phone/seller-phone-155-siparis-satiri-ayrintili-state.png	6ca8e70944dce93ba846895915c1a413af3bad2ea4a936575f01fa95db70d3f5	852	1846	source/svg/seller-phone-155-siparis-satiri-ayrintili-state.svg	YES	FULL_SCREEN_SVG	735351d66a6bef3538612fe962c0ed1d0099937f4760f85c284d7a949c13b986	0 0 852 1846	852	1846	PASS	msedge.exe:sha256:af02a342b7e6fa7d1154d9152b5997ff2be300b3a7a678feaae863c9fbea32cb	3.724714	PASS	BINDING_HANDOFF/PACKAGE_MANIFEST.sha256	INCLUDED_CANONICAL_LAUNCH
156	source/phone/seller-phone-156-siparis-detayi-screen.png	6665bbe6a1adb50bf5693e8e0bd9c0b0ac1c245bb9e4e19dbd0ab9722d297f96	852	1846	source/svg/seller-phone-156-siparis-detayi-screen.svg	YES	FULL_SCREEN_SVG	092184f1e8dc96e3afe6e22ab3c208d82bd261c988448a894ddd7e73c283e8d7	0 0 852 1846	852	1846	PASS	msedge.exe:sha256:af02a342b7e6fa7d1154d9152b5997ff2be300b3a7a678feaae863c9fbea32cb	3.447309	PASS	BINDING_HANDOFF/PACKAGE_MANIFEST.sha256	INCLUDED_CANONICAL_LAUNCH
157	source/phone/seller-phone-157-saticinin-teslim-edecegi-urunler-screen.png	6dea3259b91cf020e0b2b738f64925f806a3a733bc308e0a1429384a2da30e07	852	1846	source/svg/seller-phone-157-saticinin-teslim-edecegi-urunler-screen.svg	YES	FULL_SCREEN_SVG	0ea8cb7a5d5fef614cf46d953da94b12696a611feaab74669c6009334ef042ee	0 0 852 1846	852	1846	PASS	msedge.exe:sha256:af02a342b7e6fa7d1154d9152b5997ff2be300b3a7a678feaae863c9fbea32cb	4.064555	PASS	BINDING_HANDOFF/PACKAGE_MANIFEST.sha256	INCLUDED_CANONICAL_LAUNCH
158	source/phone/seller-phone-158-paketleme-ozeti-screen.png	fc601f16634022c15220bdc0c1995427e919af0bce4510857e2bc813f924a9c9	852	1846	source/svg/seller-phone-158-paketleme-ozeti-screen.svg	YES	FULL_SCREEN_SVG	70d55f1b09d2bafd1c9332e6750b3fbf53d4f05acadb2bd8fff230d80c13982e	0 0 852 1846	852	1846	PASS	msedge.exe:sha256:af02a342b7e6fa7d1154d9152b5997ff2be300b3a7a678feaae863c9fbea32cb	3.219307	PASS	BINDING_HANDOFF/PACKAGE_MANIFEST.sha256	INCLUDED_CANONICAL_LAUNCH
159	source/phone/seller-phone-159-maskeli-teslimat-adresi-screen.png	ff1fcd35cd2507230ceb42e7560de0835270a07bd6da409fa4c54a3b30449e32	852	1846	source/svg/seller-phone-159-maskeli-teslimat-adresi-screen.svg	YES	FULL_SCREEN_SVG	ef156c6ed26c772db3cd7ed4222d483817b2f24bdb925447d1a85b37304f9cb1	0 0 852 1846	852	1846	PASS	msedge.exe:sha256:af02a342b7e6fa7d1154d9152b5997ff2be300b3a7a678feaae863c9fbea32cb	3.841957	PASS	BINDING_HANDOFF/PACKAGE_MANIFEST.sha256	INCLUDED_CANONICAL_LAUNCH
160	source/phone/seller-phone-160-siparis-kalemleri-varyantlar-screen.png	d81a9171299618f4936eb386407b30c1aff630cc954a37ec606eabb0824d2bb5	852	1846	source/svg/seller-phone-160-siparis-kalemleri-varyantlar-screen.svg	YES	FULL_SCREEN_SVG	345fbe74f8fa07fc782e4b69570e839feed5aa480d790fbcb96801caa5422127	0 0 852 1846	852	1846	PASS	msedge.exe:sha256:af02a342b7e6fa7d1154d9152b5997ff2be300b3a7a678feaae863c9fbea32cb	3.106005	PASS	BINDING_HANDOFF/PACKAGE_MANIFEST.sha256	INCLUDED_CANONICAL_LAUNCH
161	source/phone/seller-phone-161-siparis-odeme-kazanc-ozeti-screen.png	77a11fdaebf429bda58bc21f161721081ccbef4dae7f29c00878c508f1b7a975	852	1846	source/svg/seller-phone-161-siparis-odeme-kazanc-ozeti-screen.svg	YES	FULL_SCREEN_SVG	48457a5781c92aba0090a38f7802258bcb4396729f08e1fb998679a8cc4e5cf7	0 0 852 1846	852	1846	PASS	msedge.exe:sha256:af02a342b7e6fa7d1154d9152b5997ff2be300b3a7a678feaae863c9fbea32cb	4.634688	PASS	BINDING_HANDOFF/PACKAGE_MANIFEST.sha256	INCLUDED_CANONICAL_LAUNCH
162	source/phone/seller-phone-162-siparis-komisyon-kesinti-screen.png	3ed66e914d541e62268e826d949a0c92340f8ed0b9ad1e3edd44d80658cd5f30	852	1846	source/svg/seller-phone-162-siparis-komisyon-kesinti-screen.svg	YES	FULL_SCREEN_SVG	0e8a09fa4a9516f211fe2ba496fbace27c37bf72683bb0ad0d54259bd040589c	0 0 852 1846	852	1846	PASS	msedge.exe:sha256:af02a342b7e6fa7d1154d9152b5997ff2be300b3a7a678feaae863c9fbea32cb	4.648421	PASS	BINDING_HANDOFF/PACKAGE_MANIFEST.sha256	INCLUDED_CANONICAL_LAUNCH
163	source/phone/seller-phone-163-siparisi-hazirlamaya-al-screen.png	ea188e42168a462dc0f7efc20bb27fe39d2ae11177afcbb35efbfbfdc3d96e07	852	1846	source/svg/seller-phone-163-siparisi-hazirlamaya-al-screen.svg	YES	FULL_SCREEN_SVG	ce8ab49e896546f3f3f069d409f97cd068857de9df054e607c807bb7b16499e8	0 0 852 1846	852	1846	PASS	msedge.exe:sha256:af02a342b7e6fa7d1154d9152b5997ff2be300b3a7a678feaae863c9fbea32cb	4.328099	PASS	BINDING_HANDOFF/PACKAGE_MANIFEST.sha256	INCLUDED_CANONICAL_LAUNCH
164	source/phone/seller-phone-164-hazirlaniyor-gecis-onay-modal.png	32f3afff35e8e5b5be60bd579eb911d00c50a53012ef8102d68479ae1a64b7d0	852	1846	source/svg/seller-phone-164-hazirlaniyor-gecis-onay-modal.svg	YES	FULL_SCREEN_SVG	0b8255fd9e7188a3618985a524deb9d8853a49b906418c0530afa8aaa45f12b6	0 0 852 1846	852	1846	PASS	msedge.exe:sha256:af02a342b7e6fa7d1154d9152b5997ff2be300b3a7a678feaae863c9fbea32cb	3.042996	PASS	BINDING_HANDOFF/PACKAGE_MANIFEST.sha256	INCLUDED_CANONICAL_LAUNCH
165	source/phone/seller-phone-165-siparis-hazirlaniyor-basarili-state.png	f43677f49bba7911762d7b9f9d00a1d351f8a4eb61ed39981ee549e20e959c06	852	1846	source/svg/seller-phone-165-siparis-hazirlaniyor-basarili-state.svg	YES	FULL_SCREEN_SVG	aad4b85e09dda5dc6a52682ead33acab3dc86dfebbb6f47d91125ac54fd070b2	0 0 852 1846	852	1846	PASS	msedge.exe:sha256:af02a342b7e6fa7d1154d9152b5997ff2be300b3a7a678feaae863c9fbea32cb	3.018708	PASS	BINDING_HANDOFF/PACKAGE_MANIFEST.sha256	INCLUDED_CANONICAL_LAUNCH
166	source/phone/seller-phone-166-cok-paketli-siparis-ayrimi-screen.png	5aad4fe95aee9adf3494a97c3445cd2ebd55aa8dae35dc0cdacf1f7731fd0c86	852	1846	source/svg/seller-phone-166-cok-paketli-siparis-ayrimi-screen.svg	YES	FULL_SCREEN_SVG	4cd340d177d58afd6d5b4bf94ca9a2ea110962b2ccbf7b46a1b526951f9d709e	0 0 852 1846	852	1846	PASS	msedge.exe:sha256:af02a342b7e6fa7d1154d9152b5997ff2be300b3a7a678feaae863c9fbea32cb	3.576061	PASS	BINDING_HANDOFF/PACKAGE_MANIFEST.sha256	INCLUDED_CANONICAL_LAUNCH
167	source/phone/seller-phone-167-kargo-firmasi-secimi-screen.png	735b1348280f79cf4ea13ab089a9835cf3afcdeacd556f82b8c863ece2dd8f9a	852	1846	source/svg/seller-phone-167-kargo-firmasi-secimi-screen.svg	YES	FULL_SCREEN_SVG	d71dcd68b603257bf0c224f40e5636157a683daf0c18a2b33d8ff1792fe03ca6	0 0 852 1846	852	1846	PASS	msedge.exe:sha256:af02a342b7e6fa7d1154d9152b5997ff2be300b3a7a678feaae863c9fbea32cb	4.446360	PASS	BINDING_HANDOFF/PACKAGE_MANIFEST.sha256	INCLUDED_CANONICAL_LAUNCH
168	source/phone/seller-phone-168-kargo-etiketi-takip-numarasi-screen.png	31904992111c70b87c2429c430cfa5cab4063ff35fc472eeb65e9e33b53bb926	852	1846	source/svg/seller-phone-168-kargo-etiketi-takip-numarasi-screen.svg	YES	FULL_SCREEN_SVG	3eff0300ccca9e476013b0d59dc2b665c9dbf2a51033d0f5c581115c3e71e9c9	0 0 852 1846	852	1846	PASS	msedge.exe:sha256:af02a342b7e6fa7d1154d9152b5997ff2be300b3a7a678feaae863c9fbea32cb	4.034672	PASS	BINDING_HANDOFF/PACKAGE_MANIFEST.sha256	INCLUDED_CANONICAL_LAUNCH
169	source/phone/seller-phone-169-kargoya-verildi-bildirimi-state.png	f1e15afc3c385050a8528e49939799508378cb69022861ce498e63101cfcadbf	852	1846	source/svg/seller-phone-169-kargoya-verildi-bildirimi-state.svg	YES	FULL_SCREEN_SVG	791fb075c379be2db429d2d0c0b405c192722f312cdee4f6c9b9a7631188ba22	0 0 852 1846	852	1846	PASS	msedge.exe:sha256:af02a342b7e6fa7d1154d9152b5997ff2be300b3a7a678feaae863c9fbea32cb	3.107022	PASS	BINDING_HANDOFF/PACKAGE_MANIFEST.sha256	INCLUDED_CANONICAL_LAUNCH
170	source/phone/seller-phone-170-kargo-takip-screen.png	4c961ca62c43f66991181ee9bc898c40ccc3dad7ba4f5e8f76b75718605e1ff1	852	1846	source/svg/seller-phone-170-kargo-takip-screen.svg	YES	FULL_SCREEN_SVG	68396b364b740607ed11c0a1ce77a46b1892380bae46e7cd824c59c7c736879d	0 0 852 1846	852	1846	PASS	msedge.exe:sha256:af02a342b7e6fa7d1154d9152b5997ff2be300b3a7a678feaae863c9fbea32cb	3.604927	PASS	BINDING_HANDOFF/PACKAGE_MANIFEST.sha256	INCLUDED_CANONICAL_LAUNCH
171	source/phone/seller-phone-171-fatura-paket-fisi-screen.png	06ce697fdc8943f4f8bab869e6bd69727b4b18574efbbf5011f8a7b3bc7093c7	852	1846	source/svg/seller-phone-171-fatura-paket-fisi-screen.svg	YES	FULL_SCREEN_SVG	5e364e066aca5e2bd9228b8025e907310a560c763a4aa72ffdd0aefa0c170c9a	0 0 852 1846	852	1846	PASS	msedge.exe:sha256:af02a342b7e6fa7d1154d9152b5997ff2be300b3a7a678feaae863c9fbea32cb	4.141997	PASS	BINDING_HANDOFF/PACKAGE_MANIFEST.sha256	INCLUDED_CANONICAL_LAUNCH
172	source/phone/seller-phone-172-siparis-notu-screen.png	cd8a09d0f24d70913a37e8ce74223e453aaebdc52b04866766f490cb4e94d151	852	1846	source/svg/seller-phone-172-siparis-notu-screen.svg	YES	FULL_SCREEN_SVG	a30055b3b66e13718e00e43920d1250bba1accc6ada378f227836dd80b4b8611	0 0 852 1846	852	1846	PASS	msedge.exe:sha256:af02a342b7e6fa7d1154d9152b5997ff2be300b3a7a678feaae863c9fbea32cb	4.505046	PASS	BINDING_HANDOFF/PACKAGE_MANIFEST.sha256	INCLUDED_CANONICAL_LAUNCH
173	source/phone/seller-phone-173-musteriye-mesaj-gonderme-screen.png	6dcbb5331b8c14366734ba759b00a35e2e11a112bfdacbdeb2da19a2923389ad	852	1846	source/svg/seller-phone-173-musteriye-mesaj-gonderme-screen.svg	YES	FULL_SCREEN_SVG	4019770d06cecc8c17441dcc03165e4e1b886e0f11c65636bc10ad6e1107b101	0 0 852 1846	852	1846	PASS	msedge.exe:sha256:af02a342b7e6fa7d1154d9152b5997ff2be300b3a7a678feaae863c9fbea32cb	3.881886	PASS	BINDING_HANDOFF/PACKAGE_MANIFEST.sha256	INCLUDED_CANONICAL_LAUNCH
174	source/phone/seller-phone-174-siparis-iptal-talebi-screen.png	ba32b17ea0ba7750a3bd1124c75cd7b365b030bff4d14c99d735db4fd1710d2b	852	1846	source/svg/seller-phone-174-siparis-iptal-talebi-screen.svg	YES	FULL_SCREEN_SVG	bb0ea9447eb32dbf486f3ee10717a8301b0e7e68ed35c775afda5a8f2fc0ec62	0 0 852 1846	852	1846	PASS	msedge.exe:sha256:af02a342b7e6fa7d1154d9152b5997ff2be300b3a7a678feaae863c9fbea32cb	4.296309	PASS	BINDING_HANDOFF/PACKAGE_MANIFEST.sha256	INCLUDED_CANONICAL_LAUNCH
175	source/phone/seller-phone-175-iptal-talebi-sonucu-state.png	2f1920f38d5dabd16e2171c190984862fac15164a33744f6dc7a3dcb09510794	852	1846	source/svg/seller-phone-175-iptal-talebi-sonucu-state.svg	YES	FULL_SCREEN_SVG	2aff4f4b4a4248a2056e0d8b2d6d5c681735c22f04a7b111a846d54c63754c0b	0 0 852 1846	852	1846	PASS	msedge.exe:sha256:af02a342b7e6fa7d1154d9152b5997ff2be300b3a7a678feaae863c9fbea32cb	3.474077	PASS	BINDING_HANDOFF/PACKAGE_MANIFEST.sha256	INCLUDED_CANONICAL_LAUNCH
176	source/phone/seller-phone-176-iade-talebi-kanit-screen.png	7fdef4cbaebf8bcc99ad0db26817886198f264a72b7aac093730362ec3005bff	852	1846	source/svg/seller-phone-176-iade-talebi-kanit-screen.svg	YES	FULL_SCREEN_SVG	2d1ce003f2d174b4e21907c54d8de9d1217f63bcd3bec52a1999c9d9e162409a	0 0 852 1846	852	1846	PASS	msedge.exe:sha256:af02a342b7e6fa7d1154d9152b5997ff2be300b3a7a678feaae863c9fbea32cb	4.162915	PASS	BINDING_HANDOFF/PACKAGE_MANIFEST.sha256	INCLUDED_CANONICAL_LAUNCH
177	source/phone/seller-phone-177-iade-kabul-gerekceli-itiraz-screen.png	2a8e97046b0e784ffc3df69bb1f6816a70f7757d21463babe649c1c54b91b35b	852	1846	source/svg/seller-phone-177-iade-kabul-gerekceli-itiraz-screen.svg	YES	FULL_SCREEN_SVG	bfecaf93b82cafe154f1f06d5ba2cf0ca54896a990adb9ac9a0b8428795d1e5a	0 0 852 1846	852	1846	PASS	msedge.exe:sha256:af02a342b7e6fa7d1154d9152b5997ff2be300b3a7a678feaae863c9fbea32cb	4.853979	PASS	BINDING_HANDOFF/PACKAGE_MANIFEST.sha256	INCLUDED_CANONICAL_LAUNCH
178	source/phone/seller-phone-178-platform-incelemesi-geri-odeme-screen.png	3469d4979055898b2299f0870b430bcdcbf8a5df391b362c7e3bdb1762231b75	852	1846	source/svg/seller-phone-178-platform-incelemesi-geri-odeme-screen.svg	YES	FULL_SCREEN_SVG	8a7e544461862614eeb956904e661c99a7cc43f577e0689e924f195fa9632d9a	0 0 852 1846	852	1846	PASS	msedge.exe:sha256:af02a342b7e6fa7d1154d9152b5997ff2be300b3a7a678feaae863c9fbea32cb	4.007269	PASS	BINDING_HANDOFF/PACKAGE_MANIFEST.sha256	INCLUDED_CANONICAL_LAUNCH
179	source/phone/seller-phone-179-kismi-cok-kalemli-iade-screen.png	c0eec690150356dde7aa6c642fa639a5d1397a22d540fd497bcda8c130f28c31	852	1846	source/svg/seller-phone-179-kismi-cok-kalemli-iade-screen.svg	YES	FULL_SCREEN_SVG	d349cfba98eac16944f32909088ee0a0f9db33daab658f79a87b6e05f59af7bc	0 0 852 1846	852	1846	PASS	msedge.exe:sha256:af02a342b7e6fa7d1154d9152b5997ff2be300b3a7a678feaae863c9fbea32cb	3.687710	PASS	BINDING_HANDOFF/PACKAGE_MANIFEST.sha256	INCLUDED_CANONICAL_LAUNCH
180	source/phone/seller-phone-180-siparis-islem-gecmisi-screen.png	4922bc210d45d8be7180f0fa6311ea1b9fad9a3f0a67d1129c4bf889354bbfa3	852	1846	source/svg/seller-phone-180-siparis-islem-gecmisi-screen.svg	YES	FULL_SCREEN_SVG	e714eecb10136d568c2e632af198463c432f3fd006c7d56a4e9be1af100ac62b	0 0 852 1846	852	1846	PASS	msedge.exe:sha256:af02a342b7e6fa7d1154d9152b5997ff2be300b3a7a678feaae863c9fbea32cb	4.109126	PASS	BINDING_HANDOFF/PACKAGE_MANIFEST.sha256	INCLUDED_CANONICAL_LAUNCH
181	source/phone/seller-phone-181-siparis-islemi-basarili-state.png	f85c8c89bbe38f630056b96b7f28595f3224e369532c60c483c51a01d45f5116	852	1846	source/svg/seller-phone-181-siparis-islemi-basarili-state.svg	YES	FULL_SCREEN_SVG	2ba52b0ee6212a760cd1d5f926573b2d2a368cbf6c0a603d3674f8d7b406f77b	0 0 852 1846	852	1846	PASS	msedge.exe:sha256:af02a342b7e6fa7d1154d9152b5997ff2be300b3a7a678feaae863c9fbea32cb	3.330510	PASS	BINDING_HANDOFF/PACKAGE_MANIFEST.sha256	INCLUDED_CANONICAL_LAUNCH
182	source/phone/seller-phone-182-siparis-yeniden-dogrulama-modal.png	00f660efc12f81a7e73ba5615793eb7aec38597d109a09f1d812eac1f9b5747a	852	1846	source/svg/seller-phone-182-siparis-yeniden-dogrulama-modal.svg	YES	FULL_SCREEN_SVG	28e48fd4c5229746b33bde77f29df30d3e0610919465939ccc2c4053ebe54fb5	0 0 852 1846	852	1846	PASS	msedge.exe:sha256:af02a342b7e6fa7d1154d9152b5997ff2be300b3a7a678feaae863c9fbea32cb	3.513879	PASS	BINDING_HANDOFF/PACKAGE_MANIFEST.sha256	INCLUDED_CANONICAL_LAUNCH
183	source/phone/seller-phone-183-siparis-islem-hata-state.png	297d41d3ff325b693eac805a0789cba3c603b68db8d16da3853f9651160acbe7	852	1846	source/svg/seller-phone-183-siparis-islem-hata-state.svg	YES	FULL_SCREEN_SVG	4c9e890c1c14dfb06c220d80cc95556c28024382d8cca83663e885e56cac7d75	0 0 852 1846	852	1846	PASS	msedge.exe:sha256:af02a342b7e6fa7d1154d9152b5997ff2be300b3a7a678feaae863c9fbea32cb	3.527040	PASS	BINDING_HANDOFF/PACKAGE_MANIFEST.sha256	INCLUDED_CANONICAL_LAUNCH
184	source/phone/seller-phone-184-siparis-offline-state.png	686c803781d6e6b52b1e8f4257682593e9e8de744b2cadef5c5f1ae43029dd10	852	1846	source/svg/seller-phone-184-siparis-offline-state.svg	YES	FULL_SCREEN_SVG	d87e08ac384575cdefffcff6472ff14fb9f942dcbb85b6ab99252e8f84ee8411	0 0 852 1846	852	1846	PASS	msedge.exe:sha256:af02a342b7e6fa7d1154d9152b5997ff2be300b3a7a678feaae863c9fbea32cb	4.086236	PASS	BINDING_HANDOFF/PACKAGE_MANIFEST.sha256	INCLUDED_CANONICAL_LAUNCH
185	source/phone/seller-phone-185-finans-ana-ekrani-screen.png	df23c1ebc6f90cc5fabc81b111a2e53e4df2289a259e28163882a8a05019d792	852	1846	source/svg/seller-phone-185-finans-ana-ekrani-screen.svg	YES	FULL_SCREEN_SVG	6413c5f266612f34dc481bb82df5b6c655bc35fddcf738e38eedbbf9e8ae3227	0 0 852 1846	852	1846	PASS	msedge.exe:sha256:af02a342b7e6fa7d1154d9152b5997ff2be300b3a7a678feaae863c9fbea32cb	4.928687	PASS	BINDING_HANDOFF/PACKAGE_MANIFEST.sha256	INCLUDED_CANONICAL_LAUNCH
186	source/phone/seller-phone-186-finans-tarih-filtreleri-sheet.png	0625e343464ef2e2f0bca3677f7229b0a08b4c21d09dcb710f449dcaf6864861	852	1846	source/svg/seller-phone-186-finans-tarih-filtreleri-sheet.svg	YES	FULL_SCREEN_SVG	4e0dee4f63f85d93bcd270dc842f86783169b9e841176f6fcac3bc1187601fb3	0 0 852 1846	852	1846	PASS	msedge.exe:sha256:af02a342b7e6fa7d1154d9152b5997ff2be300b3a7a678feaae863c9fbea32cb	3.264704	PASS	BINDING_HANDOFF/PACKAGE_MANIFEST.sha256	INCLUDED_CANONICAL_LAUNCH
187	source/phone/seller-phone-187-finans-hareketleri-listesi-screen.png	a4edde0246b8bdd684bf0033165e9e59b3e85932fa4f871d29403dd37cdbced7	852	1846	source/svg/seller-phone-187-finans-hareketleri-listesi-screen.svg	YES	FULL_SCREEN_SVG	f79579d0f3087cabf649f9ae9520518bd861f2210172ae96ae254dea814f7e39	0 0 852 1846	852	1846	PASS	msedge.exe:sha256:af02a342b7e6fa7d1154d9152b5997ff2be300b3a7a678feaae863c9fbea32cb	4.114339	PASS	BINDING_HANDOFF/PACKAGE_MANIFEST.sha256	INCLUDED_CANONICAL_LAUNCH
188	source/phone/seller-phone-188-finans-islem-detayi-screen.png	39fe15e590b7eac6a46d5b5afa4486aa292aa0372bb9055b2b94fdc743e5e879	852	1846	source/svg/seller-phone-188-finans-islem-detayi-screen.svg	YES	FULL_SCREEN_SVG	01deeb2c0420c463c51878bea1ab1e3a116c26895c50f053fb129f5f989818ae	0 0 852 1846	852	1846	PASS	msedge.exe:sha256:af02a342b7e6fa7d1154d9152b5997ff2be300b3a7a678feaae863c9fbea32cb	4.595140	PASS	BINDING_HANDOFF/PACKAGE_MANIFEST.sha256	INCLUDED_CANONICAL_LAUNCH
189	source/phone/seller-phone-189-siparis-kazanci-detayi-screen.png	e321f1d1fd2c0edafa4dc475e2c39562de2154f367dc6b77fd6bb5bf04705967	852	1846	source/svg/seller-phone-189-siparis-kazanci-detayi-screen.svg	YES	FULL_SCREEN_SVG	846484f4bd2562657306811763ba9023710a9cbcf183f4c4a523e8a860227dc2	0 0 852 1846	852	1846	PASS	msedge.exe:sha256:af02a342b7e6fa7d1154d9152b5997ff2be300b3a7a678feaae863c9fbea32cb	3.723188	PASS	BINDING_HANDOFF/PACKAGE_MANIFEST.sha256	INCLUDED_CANONICAL_LAUNCH
190	source/phone/seller-phone-190-komisyon-kesinti-aciklamasi-screen.png	0ac3f2d3cf2c74071a6fd69b527bf6c3e4dce42468ecb58a778b333337074b9e	852	1846	source/svg/seller-phone-190-komisyon-kesinti-aciklamasi-screen.svg	YES	FULL_SCREEN_SVG	9efb05aff872a152efe2a2d4c50839a58637be0ac0df5e1198e9f6812e6ee996	0 0 852 1846	852	1846	PASS	msedge.exe:sha256:af02a342b7e6fa7d1154d9152b5997ff2be300b3a7a678feaae863c9fbea32cb	4.087127	PASS	BINDING_HANDOFF/PACKAGE_MANIFEST.sha256	INCLUDED_CANONICAL_LAUNCH
191	source/phone/seller-phone-191-odeme-gecmisi-screen.png	1e85c65b1ca402a17c693b0449dcd89318b8797a7cc3355d58435de18069340c	852	1846	source/svg/seller-phone-191-odeme-gecmisi-screen.svg	YES	FULL_SCREEN_SVG	07f92210b28f77e11fbeb7061221f16134f785bb05320f82192725e1511d2e33	0 0 852 1846	852	1846	PASS	msedge.exe:sha256:af02a342b7e6fa7d1154d9152b5997ff2be300b3a7a678feaae863c9fbea32cb	4.536137	PASS	BINDING_HANDOFF/PACKAGE_MANIFEST.sha256	INCLUDED_CANONICAL_LAUNCH
192	source/phone/seller-phone-192-odeme-detayi-screen.png	07f76c900f0f65887266996b375f41fd77ece052cfe75ffbe55d4ff6ba8ce4e2	852	1846	source/svg/seller-phone-192-odeme-detayi-screen.svg	YES	FULL_SCREEN_SVG	b35af5c8a4a34270763134372b699a6b3167e5096dc61adea99100f272bbd090	0 0 852 1846	852	1846	PASS	msedge.exe:sha256:af02a342b7e6fa7d1154d9152b5997ff2be300b3a7a678feaae863c9fbea32cb	4.504537	PASS	BINDING_HANDOFF/PACKAGE_MANIFEST.sha256	INCLUDED_CANONICAL_LAUNCH
193	source/phone/seller-phone-193-otomatik-odeme-plani-screen.png	618554929f495306afbd43478d4bf942e2d0d679dbd2a6dab970949f28b812c4	852	1846	source/svg/seller-phone-193-otomatik-odeme-plani-screen.svg	YES	FULL_SCREEN_SVG	f21bfc1b6e4b9e789f14f67b6201453e67df675618f29c56b76906af1cd10122	0 0 852 1846	852	1846	PASS	msedge.exe:sha256:af02a342b7e6fa7d1154d9152b5997ff2be300b3a7a678feaae863c9fbea32cb	4.467469	PASS	BINDING_HANDOFF/PACKAGE_MANIFEST.sha256	INCLUDED_CANONICAL_LAUNCH
194	source/phone/seller-phone-194-banka-hesaplari-listesi-screen.png	0cc3614725fbe6216ca56daee4eb8f39c8c9e207423fa3c3c82ca820dc5341b0	852	1846	source/svg/seller-phone-194-banka-hesaplari-listesi-screen.svg	YES	FULL_SCREEN_SVG	5c401a5393d6d3d7428523937df04f64efdf68b040094faaa4acc5cd107da624	0 0 852 1846	852	1846	PASS	msedge.exe:sha256:af02a342b7e6fa7d1154d9152b5997ff2be300b3a7a678feaae863c9fbea32cb	3.890915	PASS	BINDING_HANDOFF/PACKAGE_MANIFEST.sha256	INCLUDED_CANONICAL_LAUNCH
195	source/phone/seller-phone-195-yeni-banka-hesabi-ekle-screen.png	052b26bc485171ff87a6aab3cb6b23ae16eb676c8201190f1d605b731d3166f3	852	1846	source/svg/seller-phone-195-yeni-banka-hesabi-ekle-screen.svg	YES	FULL_SCREEN_SVG	d1336ebe9b2f50593f92d9799730302c956f9277a1abf4c007a8e2f9358fdddc	0 0 852 1846	852	1846	PASS	msedge.exe:sha256:af02a342b7e6fa7d1154d9152b5997ff2be300b3a7a678feaae863c9fbea32cb	4.099843	PASS	BINDING_HANDOFF/PACKAGE_MANIFEST.sha256	INCLUDED_CANONICAL_LAUNCH
196	source/phone/seller-phone-196-banka-hesabi-dogrulama-state.png	07a02acc25e254ae1764480245e39c385cf71ecf9f1bdfda19f29086863d15a6	852	1846	source/svg/seller-phone-196-banka-hesabi-dogrulama-state.svg	YES	FULL_SCREEN_SVG	bd73dda845514a8de4e361de677cd3641702f38c68a64b96d38bd32e37c041f6	0 0 852 1846	852	1846	PASS	msedge.exe:sha256:af02a342b7e6fa7d1154d9152b5997ff2be300b3a7a678feaae863c9fbea32cb	3.834073	PASS	BINDING_HANDOFF/PACKAGE_MANIFEST.sha256	INCLUDED_CANONICAL_LAUNCH
197	source/phone/seller-phone-197-varsayilan-banka-hesabi-onay-modal.png	a22cbab46de55981da6ca292e4c1929d49088ef67257ee2610c049eec96b7cb7	852	1846	source/svg/seller-phone-197-varsayilan-banka-hesabi-onay-modal.svg	YES	FULL_SCREEN_SVG	83cddd1977bc4549565a8787aaec0c9aa08f50aae417502b11370c899c61950a	0 0 852 1846	852	1846	PASS	msedge.exe:sha256:af02a342b7e6fa7d1154d9152b5997ff2be300b3a7a678feaae863c9fbea32cb	2.864651	PASS	BINDING_HANDOFF/PACKAGE_MANIFEST.sha256	INCLUDED_CANONICAL_LAUNCH
198	source/phone/seller-phone-198-banka-hesabi-kaldir-onay-modal.png	cc6c662f56cb4e13ae839d440dfd9d0ed72d3e788097834ff9b12a503ea66598	852	1846	source/svg/seller-phone-198-banka-hesabi-kaldir-onay-modal.svg	YES	FULL_SCREEN_SVG	9ef6dae4b7c073a83c9d0e2b6c296c308acaa266cbcc84194b29eaf7fd2a5926	0 0 852 1846	852	1846	PASS	msedge.exe:sha256:af02a342b7e6fa7d1154d9152b5997ff2be300b3a7a678feaae863c9fbea32cb	3.018199	PASS	BINDING_HANDOFF/PACKAGE_MANIFEST.sha256	INCLUDED_CANONICAL_LAUNCH
199	source/phone/seller-phone-199-vergi-fatura-belgeleri-screen.png	f0d22a53b1bdbaba2dafc3f69277b537bd5ce5551a2b8e3079f17d79ca859e79	852	1846	source/svg/seller-phone-199-vergi-fatura-belgeleri-screen.svg	YES	FULL_SCREEN_SVG	696df38ec8a0b7b75a46c45aa64a17946c5749408bcc0076af4525cc389fa888	0 0 852 1846	852	1846	PASS	msedge.exe:sha256:af02a342b7e6fa7d1154d9152b5997ff2be300b3a7a678feaae863c9fbea32cb	4.531750	PASS	BINDING_HANDOFF/PACKAGE_MANIFEST.sha256	INCLUDED_CANONICAL_LAUNCH
200	source/phone/seller-phone-200-finans-raporu-disa-aktar-screen.png	0abc212fcef1c7881eccc48864713d28940e2638d33adee5164611ea112b9958	852	1846	source/svg/seller-phone-200-finans-raporu-disa-aktar-screen.svg	YES	FULL_SCREEN_SVG	c171e7bb701ad35826f603aaec688736e2339cba3af50e22460e0a8a4dd9b215	0 0 852 1846	852	1846	PASS	msedge.exe:sha256:af02a342b7e6fa7d1154d9152b5997ff2be300b3a7a678feaae863c9fbea32cb	3.762735	PASS	BINDING_HANDOFF/PACKAGE_MANIFEST.sha256	INCLUDED_CANONICAL_LAUNCH
201	source/phone/seller-phone-201-finans-hareketleri-bos-state.png	58787f5a252ee0aea1794ddd0f8cde2a9dc96500548e85af9d39b8ff8c83e1d9	852	1846	source/svg/seller-phone-201-finans-hareketleri-bos-state.svg	YES	FULL_SCREEN_SVG	cac271cb050b248d44a9267e5bd38c1f23a4151ca261c50830c89709649f9dbb	0 0 852 1846	852	1846	PASS	msedge.exe:sha256:af02a342b7e6fa7d1154d9152b5997ff2be300b3a7a678feaae863c9fbea32cb	3.977449	PASS	BINDING_HANDOFF/PACKAGE_MANIFEST.sha256	INCLUDED_CANONICAL_LAUNCH
202	source/phone/seller-phone-202-finans-yukleniyor-state.png	2758c189cd19907203f2deb8a37f8001279683f6c7747ab3e487e88a6349c310	852	1846	source/svg/seller-phone-202-finans-yukleniyor-state.svg	YES	FULL_SCREEN_SVG	01bcc39e934697cbad248465b614eaf7d2d941f9627c9948e97f397e022a278e	0 0 852 1846	852	1846	PASS	msedge.exe:sha256:af02a342b7e6fa7d1154d9152b5997ff2be300b3a7a678feaae863c9fbea32cb	2.224134	PASS	BINDING_HANDOFF/PACKAGE_MANIFEST.sha256	INCLUDED_CANONICAL_LAUNCH
203	source/phone/seller-phone-203-finans-hata-state.png	56d8a24e3e87a70552495e898b03a26a7262facfcc369171760ad067572c0cd9	852	1846	source/svg/seller-phone-203-finans-hata-state.svg	YES	FULL_SCREEN_SVG	79baf4746a5579a222b97c6a3d08c8f19264e0a821263fbeee448ac32c5b9063	0 0 852 1846	852	1846	PASS	msedge.exe:sha256:af02a342b7e6fa7d1154d9152b5997ff2be300b3a7a678feaae863c9fbea32cb	3.570847	PASS	BINDING_HANDOFF/PACKAGE_MANIFEST.sha256	INCLUDED_CANONICAL_LAUNCH
204	source/phone/seller-phone-204-finans-offline-state.png	1ac8f4d5c0a5929a3af27fdc5c5c8ad9f72bedaa640f97dfb1ca7affa16556ca	852	1846	source/svg/seller-phone-204-finans-offline-state.svg	YES	FULL_SCREEN_SVG	e9c20d340968cef985a71e566c381eae2c9aea9cd69af4b323080b2bb90d7df0	0 0 852 1846	852	1846	PASS	msedge.exe:sha256:af02a342b7e6fa7d1154d9152b5997ff2be300b3a7a678feaae863c9fbea32cb	4.269986	PASS	BINDING_HANDOFF/PACKAGE_MANIFEST.sha256	INCLUDED_CANONICAL_LAUNCH
205	source/phone/seller-phone-205-analitik-ana-ekrani-screen.png	d76a87b67cb293d82890467ac92bcd572920fb8f8de7e49e91a492c842604651	852	1846	source/svg/seller-phone-205-analitik-ana-ekrani-screen.svg	YES	FULL_SCREEN_SVG	e75a8322728e5e1eecfe6deab53fe0884476bd4420b62624ffdb23e442df8fb9	0 0 852 1846	852	1846	PASS	msedge.exe:sha256:af02a342b7e6fa7d1154d9152b5997ff2be300b3a7a678feaae863c9fbea32cb	3.974842	PASS	BINDING_HANDOFF/PACKAGE_MANIFEST.sha256	EXCLUDED_FAIL_CLOSED
206	source/phone/seller-phone-206-satis-trendi-screen.png	b29470283c0bb95aea0b325f61710a8bf8aaa1ef5ab598be4c9c3b69077d46a9	852	1846	source/svg/seller-phone-206-satis-trendi-screen.svg	YES	FULL_SCREEN_SVG	36246b076d1c6d754c4c4db30cda5658616038e867e37e8ee626faaa42b2f63b	0 0 852 1846	852	1846	PASS	msedge.exe:sha256:af02a342b7e6fa7d1154d9152b5997ff2be300b3a7a678feaae863c9fbea32cb	3.210723	PASS	BINDING_HANDOFF/PACKAGE_MANIFEST.sha256	EXCLUDED_FAIL_CLOSED
207	source/phone/seller-phone-207-siparis-trendi-screen.png	2d8d417e32af1f58f0699744356cef57e0fa9a33c711750b357c3f50415999e1	852	1846	source/svg/seller-phone-207-siparis-trendi-screen.svg	YES	FULL_SCREEN_SVG	39d778a1542f9027480f0c0c30e49d7ec9d736ff977587e12753c1398d188464	0 0 852 1846	852	1846	PASS	msedge.exe:sha256:af02a342b7e6fa7d1154d9152b5997ff2be300b3a7a678feaae863c9fbea32cb	3.203857	PASS	BINDING_HANDOFF/PACKAGE_MANIFEST.sha256	EXCLUDED_FAIL_CLOSED
208	source/phone/seller-phone-208-en-cok-satan-urunler-screen.png	c8f1942f40eed7bcd0378d37c762095b999e6ba6af981e7336de1894a09e9d0b	852	1846	source/svg/seller-phone-208-en-cok-satan-urunler-screen.svg	YES	FULL_SCREEN_SVG	c0f7d34953e522f638c5edc58a959faf088a33c7bc59f412ee670a574dec0d83	0 0 852 1846	852	1846	PASS	msedge.exe:sha256:af02a342b7e6fa7d1154d9152b5997ff2be300b3a7a678feaae863c9fbea32cb	4.765156	PASS	BINDING_HANDOFF/PACKAGE_MANIFEST.sha256	EXCLUDED_FAIL_CLOSED
209	source/phone/seller-phone-209-dusuk-performansli-urunler-screen.png	2d3a62229c733805e217f44bed7887a3a416ab8537ebf2e9505d4c6b6c6f4aa2	852	1846	source/svg/seller-phone-209-dusuk-performansli-urunler-screen.svg	YES	FULL_SCREEN_SVG	3cd5b40b0a29a401f1e451c43c11f284143916175681e135016367c2a2d85fcf	0 0 852 1846	852	1846	PASS	msedge.exe:sha256:af02a342b7e6fa7d1154d9152b5997ff2be300b3a7a678feaae863c9fbea32cb	5.016684	FAIL	BINDING_HANDOFF/PACKAGE_MANIFEST.sha256	EXCLUDED_FAIL_CLOSED
210	source/phone/seller-phone-210-goruntulenme-donusum-ozeti-screen.png	4de237f39f0042d2fed279f7b33d493a73cbad21c5f88f6ecc92007d0bd381bf	852	1846	source/svg/seller-phone-210-goruntulenme-donusum-ozeti-screen.svg	YES	FULL_SCREEN_SVG	30ddd9108f26d4fa1615e0de0f840018cf02a53ff31a4db554e992d5e8854c93	0 0 852 1846	852	1846	PASS	msedge.exe:sha256:af02a342b7e6fa7d1154d9152b5997ff2be300b3a7a678feaae863c9fbea32cb	3.591448	PASS	BINDING_HANDOFF/PACKAGE_MANIFEST.sha256	EXCLUDED_FAIL_CLOSED
211	source/phone/seller-phone-211-ortalama-siparis-tutari-screen.png	9cbba00b6a31b6dab59b01796acd5cd4e69aa207d71e7326c851309782c16e48	852	1846	source/svg/seller-phone-211-ortalama-siparis-tutari-screen.svg	YES	FULL_SCREEN_SVG	e01674f54dc3522c6d065f1377d5c9782c45134eb2e4a19387d62c0fa5a6a6dc	0 0 852 1846	852	1846	PASS	msedge.exe:sha256:af02a342b7e6fa7d1154d9152b5997ff2be300b3a7a678feaae863c9fbea32cb	3.740673	PASS	BINDING_HANDOFF/PACKAGE_MANIFEST.sha256	EXCLUDED_FAIL_CLOSED
212	source/phone/seller-phone-212-sepet-donusum-oranlari-screen.png	05f0ee516fb6c1e76ea19cf7205d8e5320c666992d5dea1eefc38245793b5852	852	1846	source/svg/seller-phone-212-sepet-donusum-oranlari-screen.svg	YES	FULL_SCREEN_SVG	2fad37b24cddac52c7941567c0ce02c518908470120624991e89e28554b6d7ed	0 0 852 1846	852	1846	PASS	msedge.exe:sha256:af02a342b7e6fa7d1154d9152b5997ff2be300b3a7a678feaae863c9fbea32cb	4.325492	PASS	BINDING_HANDOFF/PACKAGE_MANIFEST.sha256	EXCLUDED_FAIL_CLOSED
213	source/phone/seller-phone-213-iade-orani-screen.png	95bfde0bce5e7b486946f14db17d7f58c253553a6afae2e2db39d4915e413077	852	1846	source/svg/seller-phone-213-iade-orani-screen.svg	YES	FULL_SCREEN_SVG	98c991a9e33c14269d5f2d22c60e91c770d9e53cdbe8d2d24744a5a6d83fb19e	0 0 852 1846	852	1846	PASS	msedge.exe:sha256:af02a342b7e6fa7d1154d9152b5997ff2be300b3a7a678feaae863c9fbea32cb	3.108294	PASS	BINDING_HANDOFF/PACKAGE_MANIFEST.sha256	EXCLUDED_FAIL_CLOSED
214	source/phone/seller-phone-214-magaza-puani-degerlendirme-trendi-screen.png	087f707c846ba380bd9564c26bc9796cefdc054ddbe0827d0c81107f78347697	852	1846	source/svg/seller-phone-214-magaza-puani-degerlendirme-trendi-screen.svg	YES	FULL_SCREEN_SVG	421f8f59ca234f2f24edfbbbe02b476b13e8fd3f11510bc7f207293298795b46	0 0 852 1846	852	1846	PASS	msedge.exe:sha256:af02a342b7e6fa7d1154d9152b5997ff2be300b3a7a678feaae863c9fbea32cb	3.158523	PASS	BINDING_HANDOFF/PACKAGE_MANIFEST.sha256	EXCLUDED_FAIL_CLOSED
215	source/phone/seller-phone-215-analitik-tarih-kategori-urun-filtreleri-sheet.png	2fed284f8d395ff68351ee5f247633414832d6c7fb24b1df6407ceafe8977e90	852	1846	source/svg/seller-phone-215-analitik-tarih-kategori-urun-filtreleri-sheet.svg	YES	FULL_SCREEN_SVG	718534a0e4d094448283473ab6becb965e5c98468f771713af5a2d10552336fb	0 0 852 1846	852	1846	PASS	msedge.exe:sha256:af02a342b7e6fa7d1154d9152b5997ff2be300b3a7a678feaae863c9fbea32cb	3.287084	PASS	BINDING_HANDOFF/PACKAGE_MANIFEST.sha256	EXCLUDED_FAIL_CLOSED
216	source/phone/seller-phone-216-donem-karsilastirmasi-screen.png	cb64716716b7d9ec54e778286a7e211f3f069ecf59b8f98b4f192b67c3cb857a	852	1846	source/svg/seller-phone-216-donem-karsilastirmasi-screen.svg	YES	FULL_SCREEN_SVG	84dea0b97aad604969d465767734523f4d8cb7a6986f6a7efd6fdeee1e99475a	0 0 852 1846	852	1846	PASS	msedge.exe:sha256:af02a342b7e6fa7d1154d9152b5997ff2be300b3a7a678feaae863c9fbea32cb	3.912215	PASS	BINDING_HANDOFF/PACKAGE_MANIFEST.sha256	EXCLUDED_FAIL_CLOSED
217	source/phone/seller-phone-217-urun-performansi-detayi-screen.png	b575c3de0bb396b1253454d721f70c59d1ebc0e42139b46d0f221c8a104c8a60	852	1846	source/svg/seller-phone-217-urun-performansi-detayi-screen.svg	YES	FULL_SCREEN_SVG	15945860223552e7729a93e335057136dde886b0e5452e6e78ec29185671967e	0 0 852 1846	852	1846	PASS	msedge.exe:sha256:af02a342b7e6fa7d1154d9152b5997ff2be300b3a7a678feaae863c9fbea32cb	3.663867	PASS	BINDING_HANDOFF/PACKAGE_MANIFEST.sha256	EXCLUDED_FAIL_CLOSED
218	source/phone/seller-phone-218-analitik-raporu-disa-aktar-screen.png	458c17d2272575ffb30bd162769d7cdfad665c49b783bc00d9347fbc6f9af077	852	1846	source/svg/seller-phone-218-analitik-raporu-disa-aktar-screen.svg	YES	FULL_SCREEN_SVG	f4bd419df0e72209254fb2ce7371d22b8e131bfdb5b54c5e2413f56d92f61bc1	0 0 852 1846	852	1846	PASS	msedge.exe:sha256:af02a342b7e6fa7d1154d9152b5997ff2be300b3a7a678feaae863c9fbea32cb	4.509115	PASS	BINDING_HANDOFF/PACKAGE_MANIFEST.sha256	EXCLUDED_FAIL_CLOSED
219	source/phone/seller-phone-219-analitik-loading-state.png	7fa3db874e6cef27ed49ce21ab1eaab4eb10c5c9d214e3321968af8c80be857d	852	1846	source/svg/seller-phone-219-analitik-loading-state.svg	YES	FULL_SCREEN_SVG	d1a89cc60718bd3ae06fdb082c4cdaab04912f0a3188202615dd890f42f6096d	0 0 852 1846	852	1846	PASS	msedge.exe:sha256:af02a342b7e6fa7d1154d9152b5997ff2be300b3a7a678feaae863c9fbea32cb	2.042419	PASS	BINDING_HANDOFF/PACKAGE_MANIFEST.sha256	EXCLUDED_FAIL_CLOSED
220	source/phone/seller-phone-220-analitik-veri-yok-state.png	f8681e1bac714d11f618d1c3c1682978c12337a4771dc74f96ccc7dc8c6610ca	852	1846	source/svg/seller-phone-220-analitik-veri-yok-state.svg	YES	FULL_SCREEN_SVG	03960699d8715b857ff2940ffbfe16e21106150dc6247bce7734f005486703a1	0 0 852 1846	852	1846	PASS	msedge.exe:sha256:af02a342b7e6fa7d1154d9152b5997ff2be300b3a7a678feaae863c9fbea32cb	4.094248	PASS	BINDING_HANDOFF/PACKAGE_MANIFEST.sha256	EXCLUDED_FAIL_CLOSED
221	source/phone/seller-phone-221-analitik-hata-state.png	dbe35f70bd6c9cf1f914b7c33d89482416f720407a48f1c230e7ec7469f9d0b6	852	1846	source/svg/seller-phone-221-analitik-hata-state.svg	YES	FULL_SCREEN_SVG	fe6e1396147081f46da5fb98cd1637d2b4f40dec28519b95b3780a25c9798ac4	0 0 852 1846	852	1846	PASS	msedge.exe:sha256:af02a342b7e6fa7d1154d9152b5997ff2be300b3a7a678feaae863c9fbea32cb	3.667236	PASS	BINDING_HANDOFF/PACKAGE_MANIFEST.sha256	EXCLUDED_FAIL_CLOSED
222	source/phone/seller-phone-222-analitik-offline-state.png	8ece0bb0390412f3dc835b231387fcc8f0aee6a2064bfea4357f273dfb51c67e	852	1846	source/svg/seller-phone-222-analitik-offline-state.svg	YES	FULL_SCREEN_SVG	32422b9aad543f2a44377abe7c2c0323812d1c0b6b8b1c312131a6a959313930	0 0 852 1846	852	1846	PASS	msedge.exe:sha256:af02a342b7e6fa7d1154d9152b5997ff2be300b3a7a678feaae863c9fbea32cb	4.538044	PASS	BINDING_HANDOFF/PACKAGE_MANIFEST.sha256	EXCLUDED_FAIL_CLOSED
223	source/phone/seller-phone-223-kampanyalar-aktif-ana-liste-screen.png	943c6bb23b6b068e30c85745fe91b9d9249f59f70d46d2beb6963839fee525c8	852	1846	source/svg/seller-phone-223-kampanyalar-aktif-ana-liste-screen.svg	YES	FULL_SCREEN_SVG	982e77a3f3d1558e12c561ed311e4abdf20dde36ebecfb79a309b1fbd8797afb	0 0 852 1846	852	1846	PASS	msedge.exe:sha256:af02a342b7e6fa7d1154d9152b5997ff2be300b3a7a678feaae863c9fbea32cb	3.698709	PASS	BINDING_HANDOFF/PACKAGE_MANIFEST.sha256	EXCLUDED_FAIL_CLOSED
224	source/phone/seller-phone-224-kampanyalar-zamanlanan-screen.png	6adadd98bb11df3203184aa8f8235b5691a712be1d20c5cc2197e55d1299bdf7	852	1846	source/svg/seller-phone-224-kampanyalar-zamanlanan-screen.svg	YES	FULL_SCREEN_SVG	1310f524cd571600c098f1f895d7a230911b8c35e4235ecbada2e3b2da92301e	0 0 852 1846	852	1846	PASS	msedge.exe:sha256:af02a342b7e6fa7d1154d9152b5997ff2be300b3a7a678feaae863c9fbea32cb	3.617134	PASS	BINDING_HANDOFF/PACKAGE_MANIFEST.sha256	EXCLUDED_FAIL_CLOSED
225	source/phone/seller-phone-225-kampanyalar-sona-eren-screen.png	47472b4809b348671d467ae2f5c5cdbdcbb9b76c8b3881156acc27f5cf11d7ba	852	1846	source/svg/seller-phone-225-kampanyalar-sona-eren-screen.svg	YES	FULL_SCREEN_SVG	9307efbe6068b2153573fc8ed30813769551e226c4ce4cfa93e2f37ef1140f74	0 0 852 1846	852	1846	PASS	msedge.exe:sha256:af02a342b7e6fa7d1154d9152b5997ff2be300b3a7a678feaae863c9fbea32cb	3.380040	PASS	BINDING_HANDOFF/PACKAGE_MANIFEST.sha256	EXCLUDED_FAIL_CLOSED
226	source/phone/seller-phone-226-kampanya-detayi-screen.png	b6f8bc3b9de9734b548d7b059a696cb2bf86fb3ee41fb527323c203d6bb7f03b	852	1846	source/svg/seller-phone-226-kampanya-detayi-screen.svg	YES	FULL_SCREEN_SVG	116eaecf670e38e7eaf73b82e50799d0bd6ff8e0a9ba3d693f0a78e4f933c5ee	0 0 852 1846	852	1846	PASS	msedge.exe:sha256:af02a342b7e6fa7d1154d9152b5997ff2be300b3a7a678feaae863c9fbea32cb	3.657572	PASS	BINDING_HANDOFF/PACKAGE_MANIFEST.sha256	EXCLUDED_FAIL_CLOSED
227	source/phone/seller-phone-227-yeni-kampanya-ad-amac-screen.png	81cb73a78c995f5a63793ae5e0f259babb6c5e9497772925b02ba027d97a6325	852	1846	source/svg/seller-phone-227-yeni-kampanya-ad-amac-screen.svg	YES	FULL_SCREEN_SVG	975e77d3711a52bd7e21c32d56d61bff0d5aab54ccff632cc70a2eee702ef3e1	0 0 852 1846	852	1846	PASS	msedge.exe:sha256:af02a342b7e6fa7d1154d9152b5997ff2be300b3a7a678feaae863c9fbea32cb	3.723951	PASS	BINDING_HANDOFF/PACKAGE_MANIFEST.sha256	EXCLUDED_FAIL_CLOSED
228	source/phone/seller-phone-228-kampanya-urun-secimi-screen.png	638fec95d0c2dfa5a2d525ad8920c4892a033c5ae2fa89d19f3f6812d0919b92	852	1846	source/svg/seller-phone-228-kampanya-urun-secimi-screen.svg	YES	FULL_SCREEN_SVG	56151a70de677c6b067d5299a96c025ff9a2ab3b889a21cfcc376400f0a7b7c8	0 0 852 1846	852	1846	PASS	msedge.exe:sha256:af02a342b7e6fa7d1154d9152b5997ff2be300b3a7a678feaae863c9fbea32cb	3.373618	PASS	BINDING_HANDOFF/PACKAGE_MANIFEST.sha256	EXCLUDED_FAIL_CLOSED
229	source/phone/seller-phone-229-kampanya-indirim-turu-screen.png	cdcf9df1e74343234d7a370a5cb81972830bcf7e372353d166196fdcb2b5e1e1	852	1846	source/svg/seller-phone-229-kampanya-indirim-turu-screen.svg	YES	FULL_SCREEN_SVG	cb08424d423531e54ca49a5c846d719aef26637cf4a63dc7f1fd2e8adf60c231	0 0 852 1846	852	1846	PASS	msedge.exe:sha256:af02a342b7e6fa7d1154d9152b5997ff2be300b3a7a678feaae863c9fbea32cb	2.904071	PASS	BINDING_HANDOFF/PACKAGE_MANIFEST.sha256	EXCLUDED_FAIL_CLOSED
230	source/phone/seller-phone-230-kampanya-minimum-sepet-screen.png	b9480dc23b3665c8b575d20f3a58590490dd00c96627f0a1cbda5e277125f598	852	1846	source/svg/seller-phone-230-kampanya-minimum-sepet-screen.svg	YES	FULL_SCREEN_SVG	f3abf64a97989abc69bbf3a070713e5b4a22d02b1d57d566d572f21fce4477b7	0 0 852 1846	852	1846	PASS	msedge.exe:sha256:af02a342b7e6fa7d1154d9152b5997ff2be300b3a7a678feaae863c9fbea32cb	3.747667	PASS	BINDING_HANDOFF/PACKAGE_MANIFEST.sha256	EXCLUDED_FAIL_CLOSED
231	source/phone/seller-phone-231-kampanya-tarih-planlama-screen.png	fc04e1ca87bbccb7ac2561dfaefea57b6fde9b5948a74e5f38ffd866e601e693	852	1846	source/svg/seller-phone-231-kampanya-tarih-planlama-screen.svg	YES	FULL_SCREEN_SVG	3a69d8091bd4a08b6c41c096e91cd6cfe7a06fb930a6620886a876e9d849ad11	0 0 852 1846	852	1846	PASS	msedge.exe:sha256:af02a342b7e6fa7d1154d9152b5997ff2be300b3a7a678feaae863c9fbea32cb	3.545160	PASS	BINDING_HANDOFF/PACKAGE_MANIFEST.sha256	EXCLUDED_FAIL_CLOSED
232	source/phone/seller-phone-232-kampanya-butce-stok-screen.png	6719909a2623d50a03454ea0f3f4ee1628cf7c34b8db18662b56227d44b71196	852	1846	source/svg/seller-phone-232-kampanya-butce-stok-screen.svg	YES	FULL_SCREEN_SVG	d0161594197bcd5b199ac9356604faa2a8f85b5d536256cd3422fbb51c2549d0	0 0 852 1846	852	1846	PASS	msedge.exe:sha256:af02a342b7e6fa7d1154d9152b5997ff2be300b3a7a678feaae863c9fbea32cb	4.017442	PASS	BINDING_HANDOFF/PACKAGE_MANIFEST.sha256	EXCLUDED_FAIL_CLOSED
233	source/phone/seller-phone-233-satici-finansman-aciklamasi-screen.png	8e5c7b3aa4fd4e56a3c2ad12e16561c024c2f37130b85ebdcba5884ee9f47920	852	1846	source/svg/seller-phone-233-satici-finansman-aciklamasi-screen.svg	YES	FULL_SCREEN_SVG	0186586d3df96445fb1a006691b3e948fbc56f0444dffb66846c765625cff155	0 0 852 1846	852	1846	PASS	msedge.exe:sha256:af02a342b7e6fa7d1154d9152b5997ff2be300b3a7a678feaae863c9fbea32cb	3.553172	PASS	BINDING_HANDOFF/PACKAGE_MANIFEST.sha256	EXCLUDED_FAIL_CLOSED
234	source/phone/seller-phone-234-kupon-kodu-kullanim-limiti-screen.png	097b56821b145e74b61c8a2f726ada6228c82d0496adbd477552f28ee96c1fc4	852	1846	source/svg/seller-phone-234-kupon-kodu-kullanim-limiti-screen.svg	YES	FULL_SCREEN_SVG	04acb8b118a3fdc55c7026732ce06f970f11c7c5deec1961e48551f8d7c1eeb6	0 0 852 1846	852	1846	PASS	msedge.exe:sha256:af02a342b7e6fa7d1154d9152b5997ff2be300b3a7a678feaae863c9fbea32cb	3.524687	PASS	BINDING_HANDOFF/PACKAGE_MANIFEST.sha256	EXCLUDED_FAIL_CLOSED
235	source/phone/seller-phone-235-kupon-kampanya-onizleme-screen.png	21c1d7a5bbceaeefa6946f822a65200508621c6318e294965948f80d865d891a	852	1846	source/svg/seller-phone-235-kupon-kampanya-onizleme-screen.svg	YES	FULL_SCREEN_SVG	3567dbc38733c8bd41224f17bee59ac79d132252f52120aeb29eae3ebb49afa7	0 0 852 1846	852	1846	PASS	msedge.exe:sha256:af02a342b7e6fa7d1154d9152b5997ff2be300b3a7a678feaae863c9fbea32cb	3.850732	PASS	BINDING_HANDOFF/PACKAGE_MANIFEST.sha256	EXCLUDED_FAIL_CLOSED
236	source/phone/seller-phone-236-kampanya-taslak-kaydedildi-state.png	285fb91c7bdbca422d524142f33b118e0f14cf6e730d53a0c0c13e083cf443bc	852	1846	source/svg/seller-phone-236-kampanya-taslak-kaydedildi-state.svg	YES	FULL_SCREEN_SVG	7b3c68c51fae73e737f7dd3298584e4d91bc736c0f9ba42a698b696d37026167	0 0 852 1846	852	1846	PASS	msedge.exe:sha256:af02a342b7e6fa7d1154d9152b5997ff2be300b3a7a678feaae863c9fbea32cb	3.509746	PASS	BINDING_HANDOFF/PACKAGE_MANIFEST.sha256	EXCLUDED_FAIL_CLOSED
237	source/phone/seller-phone-237-kampanya-yayinlandi-state.png	49970e48a4934226fd1dfc86826ded68d80851d715600c6125212f61ec9511ab	852	1846	source/svg/seller-phone-237-kampanya-yayinlandi-state.svg	YES	FULL_SCREEN_SVG	e7ca3f1f345f91d9cc5edf6333b262930eba9e6c213e1922a4b4b6249be9b05d	0 0 852 1846	852	1846	PASS	msedge.exe:sha256:af02a342b7e6fa7d1154d9152b5997ff2be300b3a7a678feaae863c9fbea32cb	3.539692	PASS	BINDING_HANDOFF/PACKAGE_MANIFEST.sha256	EXCLUDED_FAIL_CLOSED
238	source/phone/seller-phone-238-kampanya-durdurma-onay-sheet.png	f1fc5a8b9a2230fec4215fa23cf6548a952558269b4c5aa4466a432d2860bafe	852	1846	source/svg/seller-phone-238-kampanya-durdurma-onay-sheet.svg	YES	FULL_SCREEN_SVG	1d878c63186fb65252d3dc7a1e67095d08d95977a26ff1548e087f0f6c1aeed4	0 0 852 1846	852	1846	PASS	msedge.exe:sha256:af02a342b7e6fa7d1154d9152b5997ff2be300b3a7a678feaae863c9fbea32cb	3.317095	PASS	BINDING_HANDOFF/PACKAGE_MANIFEST.sha256	EXCLUDED_FAIL_CLOSED
239	source/phone/seller-phone-239-kampanya-taslak-silme-onay-modal.png	27930ca59554edcde8f016abea525c6cc31bb3fe66ce99643a9f2a7223d2ec27	852	1846	source/svg/seller-phone-239-kampanya-taslak-silme-onay-modal.svg	YES	FULL_SCREEN_SVG	2a34704e360f4be0ad967b8128b678c45dc9bb12efc8a41cb18f70bfb8ace545	0 0 852 1846	852	1846	PASS	msedge.exe:sha256:af02a342b7e6fa7d1154d9152b5997ff2be300b3a7a678feaae863c9fbea32cb	2.209701	PASS	BINDING_HANDOFF/PACKAGE_MANIFEST.sha256	EXCLUDED_FAIL_CLOSED
240	source/phone/seller-phone-240-kampanyalar-bos-state.png	cb9254d8afd8704b9d1f796670f96dce2ed0918e5f771088e7f1b16762384024	852	1846	source/svg/seller-phone-240-kampanyalar-bos-state.svg	YES	FULL_SCREEN_SVG	d508796ec82c8327451e98d127db1899c626ba62d1e2798a9c3bbd765225aecc	0 0 852 1846	852	1846	PASS	msedge.exe:sha256:af02a342b7e6fa7d1154d9152b5997ff2be300b3a7a678feaae863c9fbea32cb	3.203221	PASS	BINDING_HANDOFF/PACKAGE_MANIFEST.sha256	EXCLUDED_FAIL_CLOSED
241	source/phone/seller-phone-241-kampanyalar-loading-state.png	fb677b666f5fcb26ea9820af16f3611272afee822cb402d5700b02977563d4fb	852	1846	source/svg/seller-phone-241-kampanyalar-loading-state.svg	YES	FULL_SCREEN_SVG	730d0cede12fc2eabfe8f2d67e71e26714fe19a2961d93529ab16afa29656c43	0 0 852 1846	852	1846	PASS	msedge.exe:sha256:af02a342b7e6fa7d1154d9152b5997ff2be300b3a7a678feaae863c9fbea32cb	2.221273	PASS	BINDING_HANDOFF/PACKAGE_MANIFEST.sha256	EXCLUDED_FAIL_CLOSED
242	source/phone/seller-phone-242-kampanyalar-hata-state.png	859f9cbcd5e9091ae4f422a14eea43c0a4c7297d655c8ca48872608d639e48ff	852	1846	source/svg/seller-phone-242-kampanyalar-hata-state.svg	YES	FULL_SCREEN_SVG	46f7d2900cbb7c6ac0beb7fdde24dacf28053350f7cf0cc90a948be53bcff14f	0 0 852 1846	852	1846	PASS	msedge.exe:sha256:af02a342b7e6fa7d1154d9152b5997ff2be300b3a7a678feaae863c9fbea32cb	3.861922	PASS	BINDING_HANDOFF/PACKAGE_MANIFEST.sha256	EXCLUDED_FAIL_CLOSED
243	source/phone/seller-phone-243-magazam-ana-genel-gorunum-screen.png	89cf25ae0886942871fdcac64b64bb9767d0323aefe4fc6b7e9dc85845ad39ed	852	1846	source/svg/seller-phone-243-magazam-ana-genel-gorunum-screen.svg	YES	FULL_SCREEN_SVG	3097adebed24b6d285d28c460f4587cb2d6ed0486622782f640a37731363681f	0 0 852 1846	852	1846	PASS	msedge.exe:sha256:af02a342b7e6fa7d1154d9152b5997ff2be300b3a7a678feaae863c9fbea32cb	4.400582	PASS	BINDING_HANDOFF/PACKAGE_MANIFEST.sha256	INCLUDED_CANONICAL_LAUNCH
244	source/phone/seller-phone-244-musteri-magaza-onizleme-screen.png	cdd69bcd21f69ddc9443e51a76b2594c0977d7c85d42e59cd7b89198c3a4daf6	852	1846	source/svg/seller-phone-244-musteri-magaza-onizleme-screen.svg	YES	FULL_SCREEN_SVG	16c4566d0f57284c884abb68c6f5d3b6cea7ac7e9e0e1cc1ac2599b8e350f268	0 0 852 1846	852	1846	PASS	msedge.exe:sha256:af02a342b7e6fa7d1154d9152b5997ff2be300b3a7a678feaae863c9fbea32cb	3.867771	PASS	BINDING_HANDOFF/PACKAGE_MANIFEST.sha256	INCLUDED_CANONICAL_LAUNCH
245	source/phone/seller-phone-245-magaza-adi-aciklama-duzenle-screen.png	45061be11c7fca29e5d41c59f46feb77d88c6198b2092ced10b97f883bde2adf	852	1846	source/svg/seller-phone-245-magaza-adi-aciklama-duzenle-screen.svg	YES	FULL_SCREEN_SVG	c2b4a25223b16be303c1f508b1558859aa9d335add2965d5f2c830b9067e7f12	0 0 852 1846	852	1846	PASS	msedge.exe:sha256:af02a342b7e6fa7d1154d9152b5997ff2be300b3a7a678feaae863c9fbea32cb	4.277934	PASS	BINDING_HANDOFF/PACKAGE_MANIFEST.sha256	INCLUDED_CANONICAL_LAUNCH
246	source/phone/seller-phone-246-magaza-gorsel-kimlik-logo-kapak-screen.png	13e078c6c965c5eff958cf105c586f0868b9deb1ed048924e2285f4fb24860aa	852	1846	source/svg/seller-phone-246-magaza-gorsel-kimlik-logo-kapak-screen.svg	YES	FULL_SCREEN_SVG	12c877c0a6f3d3f6797bdc056015137352ae08529bfea1f033b8c0c6f7c0991c	0 0 852 1846	852	1846	PASS	msedge.exe:sha256:af02a342b7e6fa7d1154d9152b5997ff2be300b3a7a678feaae863c9fbea32cb	3.795607	PASS	BINDING_HANDOFF/PACKAGE_MANIFEST.sha256	INCLUDED_CANONICAL_LAUNCH
247	source/phone/seller-phone-247-magaza-iletisim-bilgileri-screen.png	0a0bd14f3516f85b926416ed3a0ae96b2e8867ff20d7e567a5ec360e669e2f84	852	1846	source/svg/seller-phone-247-magaza-iletisim-bilgileri-screen.svg	YES	FULL_SCREEN_SVG	f24d0674048a851aa8e3d8b41617dd187fb8714820d05e0c7f64b4a42a4964f0	0 0 852 1846	852	1846	PASS	msedge.exe:sha256:af02a342b7e6fa7d1154d9152b5997ff2be300b3a7a678feaae863c9fbea32cb	4.390536	PASS	BINDING_HANDOFF/PACKAGE_MANIFEST.sha256	INCLUDED_CANONICAL_LAUNCH
248	source/phone/seller-phone-248-kargo-teslimat-politikasi-screen.png	0f18c90c1f975bab9da40ca90be7d430e61591cb11fa22c8bc6e7c8995fa9fd8	852	1846	source/svg/seller-phone-248-kargo-teslimat-politikasi-screen.svg	YES	FULL_SCREEN_SVG	7abf5bf7f4cb25a550be113c28bc9c69e8fcd965e30de624709eece9be59d58f	0 0 852 1846	852	1846	PASS	msedge.exe:sha256:af02a342b7e6fa7d1154d9152b5997ff2be300b3a7a678feaae863c9fbea32cb	4.382588	PASS	BINDING_HANDOFF/PACKAGE_MANIFEST.sha256	INCLUDED_CANONICAL_LAUNCH
249	source/phone/seller-phone-249-iade-politikasi-screen.png	7d0e726a026df145e201a5736dbd77f0b4eba57bb419943a18032bd59168657a	852	1846	source/svg/seller-phone-249-iade-politikasi-screen.svg	YES	FULL_SCREEN_SVG	fdea42ea5cc219871f03c0e025a1f2ae1629f932ecf6bf19ba57baced7244253	0 0 852 1846	852	1846	PASS	msedge.exe:sha256:af02a342b7e6fa7d1154d9152b5997ff2be300b3a7a678feaae863c9fbea32cb	4.293257	PASS	BINDING_HANDOFF/PACKAGE_MANIFEST.sha256	INCLUDED_CANONICAL_LAUNCH
250	source/phone/seller-phone-250-magaza-calisma-durumu-screen.png	1ddbf037442a247d80e813b0e9105ecb01e1830d3201464e4ba5fcead14854a7	852	1846	source/svg/seller-phone-250-magaza-calisma-durumu-screen.svg	YES	FULL_SCREEN_SVG	58f2236dcd464c5e4302d463838c2ed3a8d895242f622ca3fd831de28c576924	0 0 852 1846	852	1846	PASS	msedge.exe:sha256:af02a342b7e6fa7d1154d9152b5997ff2be300b3a7a678feaae863c9fbea32cb	4.228976	PASS	BINDING_HANDOFF/PACKAGE_MANIFEST.sha256	INCLUDED_CANONICAL_LAUNCH
251	source/phone/seller-phone-251-magaza-gecici-kapatma-yeniden-acma-onay-sheet.png	062d76d000611a4f470596148a9ab50e36f986f503a9cb3bf07fe8eff1babbf7	852	1846	source/svg/seller-phone-251-magaza-gecici-kapatma-yeniden-acma-onay-sheet.svg	YES	FULL_SCREEN_SVG	d34cfebc53b62474f567c616769be7891bd538d98e689648f08867cc2dea41cf	0 0 852 1846	852	1846	PASS	msedge.exe:sha256:af02a342b7e6fa7d1154d9152b5997ff2be300b3a7a678feaae863c9fbea32cb	3.522017	PASS	BINDING_HANDOFF/PACKAGE_MANIFEST.sha256	INCLUDED_CANONICAL_LAUNCH
252	source/phone/seller-phone-252-magaza-degerlendirmeleri-listesi-screen.png	1c05bed43a7431a206340afa58168227d289a9c782d34f543ebc6598b0b189c6	852	1846	source/svg/seller-phone-252-magaza-degerlendirmeleri-listesi-screen.svg	YES	FULL_SCREEN_SVG	15b1df3c415c35138eeb030cd235f873bd8bd4d892de8154399f22d847d28db2	0 0 852 1846	852	1846	PASS	msedge.exe:sha256:af02a342b7e6fa7d1154d9152b5997ff2be300b3a7a678feaae863c9fbea32cb	4.085283	PASS	BINDING_HANDOFF/PACKAGE_MANIFEST.sha256	INCLUDED_CANONICAL_LAUNCH
253	source/phone/seller-phone-253-degerlendirme-detayi-yanit-screen.png	8653c98f483299cfcf49df2ccc5b7df5d20f6962e0d4e54acbee9b470bacd671	852	1846	source/svg/seller-phone-253-degerlendirme-detayi-yanit-screen.svg	YES	FULL_SCREEN_SVG	50023ce2b1c95e9af325c529d90fc5e4be46de327ca2e5917336697fd74b409e	0 0 852 1846	852	1846	PASS	msedge.exe:sha256:af02a342b7e6fa7d1154d9152b5997ff2be300b3a7a678feaae863c9fbea32cb	4.282384	PASS	BINDING_HANDOFF/PACKAGE_MANIFEST.sha256	INCLUDED_CANONICAL_LAUNCH
254	source/phone/seller-phone-254-urun-sorulari-listesi-screen.png	f619ebf826d400848b2ca655bab14106ca2eb0aab1fbc5ffe93ca9d8e016921e	852	1846	source/svg/seller-phone-254-urun-sorulari-listesi-screen.svg	YES	FULL_SCREEN_SVG	da0eda1ead4df0d7758124c31e88e59d6454cb18dd5afa9d1b0117ad7796d760	0 0 852 1846	852	1846	PASS	msedge.exe:sha256:af02a342b7e6fa7d1154d9152b5997ff2be300b3a7a678feaae863c9fbea32cb	4.490867	PASS	BINDING_HANDOFF/PACKAGE_MANIFEST.sha256	INCLUDED_CANONICAL_LAUNCH
255	source/phone/seller-phone-255-urun-sorusu-detayi-yanit-screen.png	2c72f395f3a506124b8630cf3f070a6687d59b58229ce3c96d5ee7ec2bee903c	852	1846	source/svg/seller-phone-255-urun-sorusu-detayi-yanit-screen.svg	YES	FULL_SCREEN_SVG	47d3d571c9b6aed9eadccd0f5c75f5f1cfae666ce1026d6d3fa0246f44b34f2b	0 0 852 1846	852	1846	PASS	msedge.exe:sha256:af02a342b7e6fa7d1154d9152b5997ff2be300b3a7a678feaae863c9fbea32cb	3.936376	PASS	BINDING_HANDOFF/PACKAGE_MANIFEST.sha256	INCLUDED_CANONICAL_LAUNCH
256	source/phone/seller-phone-256-magaza-onizleme-loading-hata-state.png	2d0c54fc022a65f0eb1708399c97699c6aa44d69906b26ce2e3ec694789ac93a	852	1846	source/svg/seller-phone-256-magaza-onizleme-loading-hata-state.svg	YES	FULL_SCREEN_SVG	9ef7d8d41d24235c67b6421a4185f07f2209ab103fab10c4aef73a94dcbdce04	0 0 852 1846	852	1846	PASS	msedge.exe:sha256:af02a342b7e6fa7d1154d9152b5997ff2be300b3a7a678feaae863c9fbea32cb	3.434783	PASS	BINDING_HANDOFF/PACKAGE_MANIFEST.sha256	INCLUDED_CANONICAL_LAUNCH
257	source/phone/seller-phone-257-bildirim-merkezi-screen.png	550c04fe4c2dc80dc7f76c91cf41b00da4f9cb2c32252baec2ddb1fb4d486629	852	1846	source/svg/seller-phone-257-bildirim-merkezi-screen.svg	YES	FULL_SCREEN_SVG	22a4ea07bfd3bfc96c3dcaf78251c598f8c0286a858e6c1a54ccfbfd281f4bdb	0 0 852 1846	852	1846	PASS	msedge.exe:sha256:af02a342b7e6fa7d1154d9152b5997ff2be300b3a7a678feaae863c9fbea32cb	4.832553	PASS	BINDING_HANDOFF/PACKAGE_MANIFEST.sha256	EXCLUDED_FAIL_CLOSED
258	source/phone/seller-phone-258-siparis-bildirimleri-screen.png	7dc89131253cad76f757d3ab6d2b0e0e96508d59f51af7b9be354fc35f66797a	852	1846	source/svg/seller-phone-258-siparis-bildirimleri-screen.svg	YES	FULL_SCREEN_SVG	e7ee1dbcb1ee5d4c04fdf129a59b6c8ab60031cd439526fc0493c01cff50cbe3	0 0 852 1846	852	1846	PASS	msedge.exe:sha256:af02a342b7e6fa7d1154d9152b5997ff2be300b3a7a678feaae863c9fbea32cb	3.565570	PASS	BINDING_HANDOFF/PACKAGE_MANIFEST.sha256	EXCLUDED_FAIL_CLOSED
259	source/phone/seller-phone-259-dusuk-stok-bildirimleri-screen.png	3cf56c96e1ee8296ac3c1b1a45b8b7c06020484ddd9dbb05739e87144098db48	852	1846	source/svg/seller-phone-259-dusuk-stok-bildirimleri-screen.svg	YES	FULL_SCREEN_SVG	b14ebe0ae2c7860826a5fec7dab900b55d8b03da286adcd4826359402651ac6d	0 0 852 1846	852	1846	PASS	msedge.exe:sha256:af02a342b7e6fa7d1154d9152b5997ff2be300b3a7a678feaae863c9fbea32cb	3.422703	PASS	BINDING_HANDOFF/PACKAGE_MANIFEST.sha256	EXCLUDED_FAIL_CLOSED
260	source/phone/seller-phone-260-finans-odeme-bildirimleri-screen.png	c3ea6f0960a0c8303f2eced84dbfc042cc232a68c6a6b8ce1fcdb0e28fb5f716	852	1846	source/svg/seller-phone-260-finans-odeme-bildirimleri-screen.svg	YES	FULL_SCREEN_SVG	a046b6a9ddd1e4cd1d3194683c58512c6c7a3e2a0dbef5cfb1c6c0ca4015b687	0 0 852 1846	852	1846	PASS	msedge.exe:sha256:af02a342b7e6fa7d1154d9152b5997ff2be300b3a7a678feaae863c9fbea32cb	3.500209	PASS	BINDING_HANDOFF/PACKAGE_MANIFEST.sha256	EXCLUDED_FAIL_CLOSED
261	source/phone/seller-phone-261-urun-politika-bildirimleri-screen.png	acab8cf7b903da34c104bee8630c9f6911d678d7b7fa7e7429fdb3696f8f45b1	852	1846	source/svg/seller-phone-261-urun-politika-bildirimleri-screen.svg	YES	FULL_SCREEN_SVG	f03fbf5b1241dbc6dea985206d766222cfe143027c10d8892482b2a9664076f6	0 0 852 1846	852	1846	PASS	msedge.exe:sha256:af02a342b7e6fa7d1154d9152b5997ff2be300b3a7a678feaae863c9fbea32cb	3.776405	PASS	BINDING_HANDOFF/PACKAGE_MANIFEST.sha256	EXCLUDED_FAIL_CLOSED
262	source/phone/seller-phone-262-bildirim-detayi-screen.png	ef9c8c0163062329e5bd5045770a26b03be6ce8af2f90af4a3ef9faf6e8e0840	852	1846	source/svg/seller-phone-262-bildirim-detayi-screen.svg	YES	FULL_SCREEN_SVG	13e21eab47763239f4690b406b5f47c13607cae0772236efe32c2c53a62a0946	0 0 852 1846	852	1846	PASS	msedge.exe:sha256:af02a342b7e6fa7d1154d9152b5997ff2be300b3a7a678feaae863c9fbea32cb	3.756314	PASS	BINDING_HANDOFF/PACKAGE_MANIFEST.sha256	EXCLUDED_FAIL_CLOSED
263	source/phone/seller-phone-263-okundu-okunmadi-state.png	df0614333d8811f08ec81455f67a15e91a401b48bbc1a3b7700ea5a758870ed4	852	1846	source/svg/seller-phone-263-okundu-okunmadi-state.svg	YES	FULL_SCREEN_SVG	de68d5df8f261219978d6441b3a179553d31505563f7308c3d712e8863e604d5	0 0 852 1846	852	1846	PASS	msedge.exe:sha256:af02a342b7e6fa7d1154d9152b5997ff2be300b3a7a678feaae863c9fbea32cb	4.604487	PASS	BINDING_HANDOFF/PACKAGE_MANIFEST.sha256	EXCLUDED_FAIL_CLOSED
264	source/phone/seller-phone-264-toplu-bildirim-islemleri-sheet.png	21f647b3341104b242b8c34dd71f11ebdbbad4c03dd545e7e55f67fc13097d7e	852	1846	source/svg/seller-phone-264-toplu-bildirim-islemleri-sheet.svg	YES	FULL_SCREEN_SVG	dd7ef63e420243d71ba603ea3d6cb497d00fcee9417b1bf9d8d74f16c93bd562	0 0 852 1846	852	1846	PASS	msedge.exe:sha256:af02a342b7e6fa7d1154d9152b5997ff2be300b3a7a678feaae863c9fbea32cb	3.141738	PASS	BINDING_HANDOFF/PACKAGE_MANIFEST.sha256	EXCLUDED_FAIL_CLOSED
265	source/phone/seller-phone-265-bildirim-tercihleri-screen.png	e7da83ccbbf6aef4c1acae4b6b6eecd1a1854b953ddf2a9f907502fc859ca647	852	1846	source/svg/seller-phone-265-bildirim-tercihleri-screen.svg	YES	FULL_SCREEN_SVG	b1e8f5078c58a6f11d1a7cc6a777409979e54816390cc37d7968c6581f585797	0 0 852 1846	852	1846	PASS	msedge.exe:sha256:af02a342b7e6fa7d1154d9152b5997ff2be300b3a7a678feaae863c9fbea32cb	3.261715	PASS	BINDING_HANDOFF/PACKAGE_MANIFEST.sha256	EXCLUDED_FAIL_CLOSED
266	source/phone/seller-phone-266-sessiz-saatler-screen.png	2efd3c980616462dca5c1a374a99f3d51c995b5facc0a72743accbb9c3ec479c	852	1846	source/svg/seller-phone-266-sessiz-saatler-screen.svg	YES	FULL_SCREEN_SVG	0b4fd07b6b4d51c441c569ac2ab01ed125e7fc6c4d6c94fd03fb5225154d6603	0 0 852 1846	852	1846	PASS	msedge.exe:sha256:af02a342b7e6fa7d1154d9152b5997ff2be300b3a7a678feaae863c9fbea32cb	3.257074	PASS	BINDING_HANDOFF/PACKAGE_MANIFEST.sha256	EXCLUDED_FAIL_CLOSED
267	source/phone/seller-phone-267-bildirimler-bos-state.png	150dba699ab47f9153ff161973a38d8423802b8a871b9a3a3149ae38f12cd65d	852	1846	source/svg/seller-phone-267-bildirimler-bos-state.svg	YES	FULL_SCREEN_SVG	3f1752d58e71249c9b0cbac08e023cf61ecf78938684331249f566c3d503d671	0 0 852 1846	852	1846	PASS	msedge.exe:sha256:af02a342b7e6fa7d1154d9152b5997ff2be300b3a7a678feaae863c9fbea32cb	2.926515	PASS	BINDING_HANDOFF/PACKAGE_MANIFEST.sha256	EXCLUDED_FAIL_CLOSED
268	source/phone/seller-phone-268-bildirimler-loading-state.png	76b4cb0d017d097d936178ae95dcc5afe6eff40385463dbeb9ac1416af357af1	852	1846	source/svg/seller-phone-268-bildirimler-loading-state.svg	YES	FULL_SCREEN_SVG	4d5488cda2a51a15254c87fb19bf6b4aaf0dad338bef87dec2c42b9645d1e97e	0 0 852 1846	852	1846	PASS	msedge.exe:sha256:af02a342b7e6fa7d1154d9152b5997ff2be300b3a7a678feaae863c9fbea32cb	2.341632	PASS	BINDING_HANDOFF/PACKAGE_MANIFEST.sha256	EXCLUDED_FAIL_CLOSED
269	source/phone/seller-phone-269-bildirimler-hata-state.png	a2e16baa02cdd3643c0722cbab1f0e1f3dc8399bccfaab2e16cde3ed1090f765	852	1846	source/svg/seller-phone-269-bildirimler-hata-state.svg	YES	FULL_SCREEN_SVG	4f05e264c8bae846081db07aef34a6592e8b4b90355e431c13a816ddf4e37b73	0 0 852 1846	852	1846	PASS	msedge.exe:sha256:af02a342b7e6fa7d1154d9152b5997ff2be300b3a7a678feaae863c9fbea32cb	3.075931	PASS	BINDING_HANDOFF/PACKAGE_MANIFEST.sha256	EXCLUDED_FAIL_CLOSED
270	source/phone/seller-phone-270-bildirimler-offline-state.png	d0f9bedd19639dde9a311dfe9c66be8bf24193ee1be5b8930d349ded543ae0a9	852	1846	source/svg/seller-phone-270-bildirimler-offline-state.svg	YES	FULL_SCREEN_SVG	15adb7fe609b89e00e5078df4cd3106d05e228ee174cb025efb11d7e182e82ee	0 0 852 1846	852	1846	PASS	msedge.exe:sha256:af02a342b7e6fa7d1154d9152b5997ff2be300b3a7a678feaae863c9fbea32cb	3.405536	PASS	BINDING_HANDOFF/PACKAGE_MANIFEST.sha256	EXCLUDED_FAIL_CLOSED
271	source/phone/seller-phone-271-musteri-mesajlari-listesi-screen.png	9e497e81da27e751fd40b27f438fd3a294a603a2b0fa44c4d6a90dee87429419	852	1846	source/svg/seller-phone-271-musteri-mesajlari-listesi-screen.svg	YES	FULL_SCREEN_SVG	efb82f58d0286d71d73753374d1f6156e1547ef2c5a16e2f6aa2b36e4ec62b3f	0 0 852 1846	852	1846	PASS	msedge.exe:sha256:af02a342b7e6fa7d1154d9152b5997ff2be300b3a7a678feaae863c9fbea32cb	5.280291	FAIL	BINDING_HANDOFF/PACKAGE_MANIFEST.sha256	INCLUDED_CANONICAL_LAUNCH
272	source/phone/seller-phone-272-siparis-baglamli-mesaj-konusmasi-screen.png	8d910b482d27a56c103ae9e5edeba85b1406c18913b97bef0223070154f0c826	852	1846	source/svg/seller-phone-272-siparis-baglamli-mesaj-konusmasi-screen.svg	YES	FULL_SCREEN_SVG	5f5c2fc2629abbce2252c75d19c12cb86dd86b0a49c259b4d5652c67f4195709	0 0 852 1846	852	1846	PASS	msedge.exe:sha256:af02a342b7e6fa7d1154d9152b5997ff2be300b3a7a678feaae863c9fbea32cb	3.761527	PASS	BINDING_HANDOFF/PACKAGE_MANIFEST.sha256	INCLUDED_CANONICAL_LAUNCH
273	source/phone/seller-phone-273-novabot-satici-destek-screen.png	5e8f599f8a66f47c61978b69f927b50b07ca66659ef814a60fde77534f9a88e6	852	1846	source/svg/seller-phone-273-novabot-satici-destek-screen.svg	YES	FULL_SCREEN_SVG	ceb81945456a9399a864aadb3a89ea63bd6ae706546790cdbea0d58022d6486f	0 0 852 1846	852	1846	PASS	msedge.exe:sha256:af02a342b7e6fa7d1154d9152b5997ff2be300b3a7a678feaae863c9fbea32cb	4.563095	PASS	BINDING_HANDOFF/PACKAGE_MANIFEST.sha256	INCLUDED_CANONICAL_LAUNCH
274	source/phone/seller-phone-274-canli-destege-baglanma-kuyruk-screen.png	4162e8eac3b53a71d4d25f37b8096e12fd083a4adde3d7991bfbbd5c435acc2d	852	1846	source/svg/seller-phone-274-canli-destege-baglanma-kuyruk-screen.svg	YES	FULL_SCREEN_SVG	c4c9bdda9d85a9c5ae0ab551f2aac6dad6e17ec4dae29acb867a8379171e1450	0 0 852 1846	852	1846	PASS	msedge.exe:sha256:af02a342b7e6fa7d1154d9152b5997ff2be300b3a7a678feaae863c9fbea32cb	4.387421	PASS	BINDING_HANDOFF/PACKAGE_MANIFEST.sha256	INCLUDED_CANONICAL_LAUNCH
275	source/phone/seller-phone-275-canli-temsilci-konusmasi-screen.png	9789a86d07c02c18895851d89e72e816d2a6c42cb55da1ca03cb6534a1c63699	852	1846	source/svg/seller-phone-275-canli-temsilci-konusmasi-screen.svg	YES	FULL_SCREEN_SVG	38d31e60bdd5abc2a0710db64aa3ada2d619c2ee7df57ebc37829990afe6b405	0 0 852 1846	852	1846	PASS	msedge.exe:sha256:af02a342b7e6fa7d1154d9152b5997ff2be300b3a7a678feaae863c9fbea32cb	3.966449	PASS	BINDING_HANDOFF/PACKAGE_MANIFEST.sha256	INCLUDED_CANONICAL_LAUNCH
276	source/phone/seller-phone-276-gecmis-destek-gorusmeleri-screen.png	fd4768ea98c2f986a4268e193dc2dc173fb2b00e1ea652ebe6f30630b74d15ef	852	1846	source/svg/seller-phone-276-gecmis-destek-gorusmeleri-screen.svg	YES	FULL_SCREEN_SVG	df88573cf1841a81238839fab32a54712309fab2e4ecba2b78d7a8906d1dae78	0 0 852 1846	852	1846	PASS	msedge.exe:sha256:af02a342b7e6fa7d1154d9152b5997ff2be300b3a7a678feaae863c9fbea32cb	3.370058	PASS	BINDING_HANDOFF/PACKAGE_MANIFEST.sha256	INCLUDED_CANONICAL_LAUNCH
277	source/phone/seller-phone-277-gecmis-gorusme-detayi-screen.png	c324da048136f672f2c166da6567d2ec8bfb9da3602d65a55925aa819c7b4a51	852	1846	source/svg/seller-phone-277-gecmis-gorusme-detayi-screen.svg	YES	FULL_SCREEN_SVG	4a231e7fccaad71f7c4a140f2fd03cbf98f1613961352a640bdee5cb864f8d61	0 0 852 1846	852	1846	PASS	msedge.exe:sha256:af02a342b7e6fa7d1154d9152b5997ff2be300b3a7a678feaae863c9fbea32cb	3.704940	PASS	BINDING_HANDOFF/PACKAGE_MANIFEST.sha256	INCLUDED_CANONICAL_LAUNCH
278	source/phone/seller-phone-278-destek-gorusmesi-puanlama-sheet.png	ffb12b4716dbc5dce025792432112322cab7b38698783de9a80ed2e8b0b1c0c4	852	1846	source/svg/seller-phone-278-destek-gorusmesi-puanlama-sheet.svg	YES	FULL_SCREEN_SVG	fd45cfa19ac22f7dd410c9d7b3beb4acb82986504bc7538e8825b2b04fbac7e9	0 0 852 1846	852	1846	PASS	msedge.exe:sha256:af02a342b7e6fa7d1154d9152b5997ff2be300b3a7a678feaae863c9fbea32cb	3.309783	PASS	BINDING_HANDOFF/PACKAGE_MANIFEST.sha256	INCLUDED_CANONICAL_LAUNCH
279	source/phone/seller-phone-279-destek-yukleniyor-state.png	f3022612e9a46dd0869aca4d82b91a1e35c326be9656dc46d822790152d5e21e	852	1846	source/svg/seller-phone-279-destek-yukleniyor-state.svg	YES	FULL_SCREEN_SVG	77797a4f741d0d97e47f77e272541424901871b7e4735274647bdff107dfce1f	0 0 852 1846	852	1846	PASS	msedge.exe:sha256:af02a342b7e6fa7d1154d9152b5997ff2be300b3a7a678feaae863c9fbea32cb	2.572877	PASS	BINDING_HANDOFF/PACKAGE_MANIFEST.sha256	INCLUDED_CANONICAL_LAUNCH
280	source/phone/seller-phone-280-destek-hata-state.png	b8fe6ceff9c32b9bb348255519792f82911e85f5d6a9f13c86228ea73615b787	852	1846	source/svg/seller-phone-280-destek-hata-state.svg	YES	FULL_SCREEN_SVG	3b1c5efd26f815aecaea3a8b1105a227fdc4866b0d1c35b7e100e7424d3bd3a2	0 0 852 1846	852	1846	PASS	msedge.exe:sha256:af02a342b7e6fa7d1154d9152b5997ff2be300b3a7a678feaae863c9fbea32cb	3.258028	PASS	BINDING_HANDOFF/PACKAGE_MANIFEST.sha256	INCLUDED_CANONICAL_LAUNCH
281	source/phone/seller-phone-281-destek-offline-state.png	99080b38da657438060ae60f28f7d2d4f27a59320cef95c36be48f6ed4fd03dc	852	1846	source/svg/seller-phone-281-destek-offline-state.svg	YES	FULL_SCREEN_SVG	e5685ed6d420f5fae71230eada8495bc16ae730da288252beda53d6154dedf49	0 0 852 1846	852	1846	PASS	msedge.exe:sha256:af02a342b7e6fa7d1154d9152b5997ff2be300b3a7a678feaae863c9fbea32cb	3.462187	PASS	BINDING_HANDOFF/PACKAGE_MANIFEST.sha256	INCLUDED_CANONICAL_LAUNCH
282	source/phone/seller-phone-282-ekip-uyeleri-listesi.png	9de1dc602af79b7c78e2b3736d06fb5f00b775d35e0893f6b1d2f04f59f2793c	852	1846	source/svg/seller-phone-282-ekip-uyeleri-listesi.svg	YES	FULL_SCREEN_SVG	176ca75481c20b249f9d954ae7064cf35b2c1360de98b3c50f481f16e1b9649a	0 0 852 1846	852	1846	PASS	msedge.exe:sha256:af02a342b7e6fa7d1154d9152b5997ff2be300b3a7a678feaae863c9fbea32cb	3.158523	PASS	BINDING_HANDOFF/PACKAGE_MANIFEST.sha256	INCLUDED_CANONICAL_LAUNCH
283	source/phone/seller-phone-283-ekip-uyesi-davet-et.png	0e65ce1747d7a530bf93413cc1502db12edb282e526e57c731f937339e0f2c92	852	1846	source/svg/seller-phone-283-ekip-uyesi-davet-et.svg	YES	FULL_SCREEN_SVG	1f42d101b707e794d1780c4e3639c3966c73467030ec97c95fbed92461595ba1	0 0 852 1846	852	1846	PASS	msedge.exe:sha256:af02a342b7e6fa7d1154d9152b5997ff2be300b3a7a678feaae863c9fbea32cb	2.914244	PASS	BINDING_HANDOFF/PACKAGE_MANIFEST.sha256	EXCLUDED_FAIL_CLOSED
284	source/phone/seller-phone-284-rol-secimi.png	1ba17d6458e4e6a4f09528901c65cc26508d4aba9fee03a25b4efba83b2d5706	852	1846	source/svg/seller-phone-284-rol-secimi.svg	YES	FULL_SCREEN_SVG	7e3f68fc3578e2e179d8a06a90716e1048b0dce49ccc1118e229b9624522d400	0 0 852 1846	852	1846	PASS	msedge.exe:sha256:af02a342b7e6fa7d1154d9152b5997ff2be300b3a7a678feaae863c9fbea32cb	3.773417	PASS	BINDING_HANDOFF/PACKAGE_MANIFEST.sha256	EXCLUDED_FAIL_CLOSED
285	source/phone/seller-phone-285-yetki-matrisi.png	00b54711c2ed016ad15c44ef460ea494e9e9268a92b5fcd331003e151f99fbf3	852	1846	source/svg/seller-phone-285-yetki-matrisi.svg	YES	FULL_SCREEN_SVG	2655ca407ddaab3062be136505106ced75830abb33d5354417f0197f90fb60cd	0 0 852 1846	852	1846	PASS	msedge.exe:sha256:af02a342b7e6fa7d1154d9152b5997ff2be300b3a7a678feaae863c9fbea32cb	3.494550	PASS	BINDING_HANDOFF/PACKAGE_MANIFEST.sha256	EXCLUDED_FAIL_CLOSED
286	source/phone/seller-phone-286-ekip-uyesi-detayi.png	4a7e84ccd47667dcb82d2f9b598b6606e4310c026461ade493039d242064b391	852	1846	source/svg/seller-phone-286-ekip-uyesi-detayi.svg	YES	FULL_SCREEN_SVG	d80b30364a12959e2756cd6fe11185e5e0a2acbfb3ea937b773656afaa1aaf2e	0 0 852 1846	852	1846	PASS	msedge.exe:sha256:af02a342b7e6fa7d1154d9152b5997ff2be300b3a7a678feaae863c9fbea32cb	3.471025	PASS	BINDING_HANDOFF/PACKAGE_MANIFEST.sha256	INCLUDED_CANONICAL_LAUNCH
287	source/phone/seller-phone-287-yetki-duzenleme.png	781ecd0b0cca0594e5173a34fe23849ca60a8e6d68b21233a538aa1367233ad4	852	1846	source/svg/seller-phone-287-yetki-duzenleme.svg	YES	FULL_SCREEN_SVG	159cc6c4e5db0578718172dbc5cc277bed9bec66d66fad0dcbdf44e491c9db43	0 0 852 1846	852	1846	PASS	msedge.exe:sha256:af02a342b7e6fa7d1154d9152b5997ff2be300b3a7a678feaae863c9fbea32cb	4.737817	PASS	BINDING_HANDOFF/PACKAGE_MANIFEST.sha256	EXCLUDED_FAIL_CLOSED
288	source/phone/seller-phone-288-davet-bekliyor.png	9aebbcbc9b8f2c33d6061dd4c8fa56811ed214683730bc1033c8e27429036a87	852	1846	source/svg/seller-phone-288-davet-bekliyor.svg	YES	FULL_SCREEN_SVG	e4b6e4e69811469363a53ab5d24330e28d7aa3347bb20bb952f2b1dc8c26d0c5	0 0 852 1846	852	1846	PASS	msedge.exe:sha256:af02a342b7e6fa7d1154d9152b5997ff2be300b3a7a678feaae863c9fbea32cb	4.079179	PASS	BINDING_HANDOFF/PACKAGE_MANIFEST.sha256	INCLUDED_CANONICAL_LAUNCH
289	source/phone/seller-phone-289-davet-kabul-edildi.png	14d81c5b71dce941d622179d4767943fac7d9fb085d1368507f2ad8dca3e1b78	852	1846	source/svg/seller-phone-289-davet-kabul-edildi.svg	YES	FULL_SCREEN_SVG	8365e5cdad9031df5d97110f7d6c79a0c2b16b75c9aa77c82a5eb2e2f6b83a32	0 0 852 1846	852	1846	PASS	msedge.exe:sha256:af02a342b7e6fa7d1154d9152b5997ff2be300b3a7a678feaae863c9fbea32cb	2.682745	PASS	BINDING_HANDOFF/PACKAGE_MANIFEST.sha256	INCLUDED_CANONICAL_LAUNCH
290	source/phone/seller-phone-290-ekip-uyesi-kaldirma-onay-sheet.png	75c675cc88d15369bc2f43001592699af4dabb3f6adf4010e1faf47acd79757e	852	1846	source/svg/seller-phone-290-ekip-uyesi-kaldirma-onay-sheet.svg	YES	FULL_SCREEN_SVG	54bd0e8fd3f29ddb2099ab41bfdf33461f69a134060848d44a09bf2e82cae49d	0 0 852 1846	852	1846	PASS	msedge.exe:sha256:af02a342b7e6fa7d1154d9152b5997ff2be300b3a7a678feaae863c9fbea32cb	3.802664	PASS	BINDING_HANDOFF/PACKAGE_MANIFEST.sha256	EXCLUDED_FAIL_CLOSED
291	source/phone/seller-phone-291-yetki-yetersiz-salt-okunur-state.png	01d1900a9bea611c4a5b0caa88ff8237d7119d2f14ea9df048f3062eda425175	852	1846	source/svg/seller-phone-291-yetki-yetersiz-salt-okunur-state.svg	YES	FULL_SCREEN_SVG	8a80383c6ad86182a6b1b15c4ddf44bcc6b6709e97bbb3baf21294434f30dec9	0 0 852 1846	852	1846	PASS	msedge.exe:sha256:af02a342b7e6fa7d1154d9152b5997ff2be300b3a7a678feaae863c9fbea32cb	3.064487	PASS	BINDING_HANDOFF/PACKAGE_MANIFEST.sha256	EXCLUDED_FAIL_CLOSED
292	source/phone/seller-phone-292-hesap-guvenlik-merkezi.png	9534228df69896538355fe09e5cfd270e3c797f176ffcc6b467dcfd409c71394	852	1846	source/svg/seller-phone-292-hesap-guvenlik-merkezi.svg	YES	FULL_SCREEN_SVG	34ba7df83a30c6479898ced5cf87f489d18b5a592e3b90ea25307f81427eb65a	0 0 852 1846	852	1846	PASS	msedge.exe:sha256:af02a342b7e6fa7d1154d9152b5997ff2be300b3a7a678feaae863c9fbea32cb	3.871713	PASS	BINDING_HANDOFF/PACKAGE_MANIFEST.sha256	INCLUDED_CANONICAL_LAUNCH
293	source/phone/seller-phone-293-profil-eposta-telefon-duzenleme.png	21dac38d775a83c7d07b7ed435fb42206d703b8e0578fb70e540eeb2256caef8	852	1846	source/svg/seller-phone-293-profil-eposta-telefon-duzenleme.svg	YES	FULL_SCREEN_SVG	064a995b1215d1b9297e2123048f712a27827002072a3066ed56aa65e6933378	0 0 852 1846	852	1846	PASS	msedge.exe:sha256:af02a342b7e6fa7d1154d9152b5997ff2be300b3a7a678feaae863c9fbea32cb	3.431414	PASS	BINDING_HANDOFF/PACKAGE_MANIFEST.sha256	INCLUDED_CANONICAL_LAUNCH
294	source/phone/seller-phone-294-parola-2fa-qr-kurtarma-kodlari.png	f970b9da02c0707aeae63d5923fe7c46c63ff041f5a7f9cd404d46ce59882027	852	1846	source/svg/seller-phone-294-parola-2fa-qr-kurtarma-kodlari.svg	YES	FULL_SCREEN_SVG	c1862b2afdb15f7f9e616c4f94ad54ed3def334ae91d8fb20fd53333116dac47	0 0 852 1846	852	1846	PASS	msedge.exe:sha256:af02a342b7e6fa7d1154d9152b5997ff2be300b3a7a678feaae863c9fbea32cb	3.807942	PASS	BINDING_HANDOFF/PACKAGE_MANIFEST.sha256	INCLUDED_CANONICAL_LAUNCH
295	source/phone/seller-phone-295-aktif-cihazlar-oturum-kapatma.png	31eb472dbc557ef4a2a409c75481a9160666ab85b15259d2deb353e3e9a54f26	852	1846	source/svg/seller-phone-295-aktif-cihazlar-oturum-kapatma.svg	YES	FULL_SCREEN_SVG	ba31a9c1be58c445096a7d462c8cfb0135a8a1d69a8f47ad460a2fd0296ddd8d	0 0 852 1846	852	1846	PASS	msedge.exe:sha256:af02a342b7e6fa7d1154d9152b5997ff2be300b3a7a678feaae863c9fbea32cb	3.822756	PASS	BINDING_HANDOFF/PACKAGE_MANIFEST.sha256	INCLUDED_CANONICAL_LAUNCH
296	source/phone/seller-phone-296-gizlilik-yasal-sozlesme-yardim.png	f9cb52d00496a347f3e1d411d80aeadfcd48220ad33328aef22a3c94572f3f07	852	1846	source/svg/seller-phone-296-gizlilik-yasal-sozlesme-yardim.svg	YES	FULL_SCREEN_SVG	e2412f975029485655392ef77f432134b2b8b0b818604284b5d997327115301e	0 0 852 1846	852	1846	PASS	msedge.exe:sha256:af02a342b7e6fa7d1154d9152b5997ff2be300b3a7a678feaae863c9fbea32cb	3.829114	PASS	BINDING_HANDOFF/PACKAGE_MANIFEST.sha256	INCLUDED_CANONICAL_LAUNCH
